ISO-10303-21;
HEADER;
FILE_DESCRIPTION(('Open CASCADE Model'),'2;1');
FILE_NAME('Open CASCADE Shape Model','2024-09-10T17:00:32',('Author'),(
    'Open CASCADE'),'Open CASCADE STEP processor 7.5','Open CASCADE 7.5'
  ,'Unknown');
FILE_SCHEMA(('AUTOMOTIVE_DESIGN { 1 0 10303 214 1 1 1 1 }'));
ENDSEC;
DATA;
#1 = APPLICATION_PROTOCOL_DEFINITION('international standard',
  'automotive_design',2000,#2);
#2 = APPLICATION_CONTEXT(
  'core data for automotive mechanical design processes');
#3 = SHAPE_DEFINITION_REPRESENTATION(#4,#10);
#4 = PRODUCT_DEFINITION_SHAPE('','',#5);
#5 = PRODUCT_DEFINITION('design','',#6,#9);
#6 = PRODUCT_DEFINITION_FORMATION('','',#7);
#7 = PRODUCT('PCB','PCB','',(#8));
#8 = PRODUCT_CONTEXT('',#2,'mechanical');
#9 = PRODUCT_DEFINITION_CONTEXT('part definition',#2,'design');
#10 = SHAPE_REPRESENTATION('',(#11,#15),#19);
#11 = AXIS2_PLACEMENT_3D('',#12,#13,#14);
#12 = CARTESIAN_POINT('',(0.,0.,0.));
#13 = DIRECTION('',(0.,0.,1.));
#14 = DIRECTION('',(1.,0.,-0.));
#15 = AXIS2_PLACEMENT_3D('',#16,#17,#18);
#16 = CARTESIAN_POINT('',(-88.4089799,-68.97393368,0.));
#17 = DIRECTION('',(0.,0.,1.));
#18 = DIRECTION('',(1.,0.,-0.));
#19 = ( GEOMETRIC_REPRESENTATION_CONTEXT(3) 
GLOBAL_UNCERTAINTY_ASSIGNED_CONTEXT((#23)) GLOBAL_UNIT_ASSIGNED_CONTEXT(
(#20,#21,#22)) REPRESENTATION_CONTEXT('Context #1',
  '3D Context with UNIT and UNCERTAINTY') );
#20 = ( LENGTH_UNIT() NAMED_UNIT(*) SI_UNIT(.MILLI.,.METRE.) );
#21 = ( NAMED_UNIT(*) PLANE_ANGLE_UNIT() SI_UNIT($,.RADIAN.) );
#22 = ( NAMED_UNIT(*) SI_UNIT($,.STERADIAN.) SOLID_ANGLE_UNIT() );
#23 = UNCERTAINTY_MEASURE_WITH_UNIT(LENGTH_MEASURE(1.E-06),#20,
  'distance_accuracy_value','confusion accuracy');
#24 = PRODUCT_RELATED_PRODUCT_CATEGORY('part',$,(#7));
#25 = SHAPE_DEFINITION_REPRESENTATION(#26,#32);
#26 = PRODUCT_DEFINITION_SHAPE('','',#27);
#27 = PRODUCT_DEFINITION('design','',#28,#31);
#28 = PRODUCT_DEFINITION_FORMATION('','',#29);
#29 = PRODUCT('Board','Board','',(#30));
#30 = PRODUCT_CONTEXT('',#2,'mechanical');
#31 = PRODUCT_DEFINITION_CONTEXT('part definition',#2,'design');
#32 = SHAPE_REPRESENTATION('',(#11,#33,#37,#41,#45,#49,#53,#57,#61,#65,
    #69,#73,#77),#81);
#33 = AXIS2_PLACEMENT_3D('',#34,#35,#36);
#34 = CARTESIAN_POINT('',(0.,0.,0.));
#35 = DIRECTION('',(0.,0.,1.));
#36 = DIRECTION('',(1.,0.,-0.));
#37 = AXIS2_PLACEMENT_3D('',#38,#39,#40);
#38 = CARTESIAN_POINT('',(0.,0.,0.));
#39 = DIRECTION('',(0.,0.,1.));
#40 = DIRECTION('',(1.,0.,-0.));
#41 = AXIS2_PLACEMENT_3D('',#42,#43,#44);
#42 = CARTESIAN_POINT('',(0.,0.,0.));
#43 = DIRECTION('',(0.,0.,1.));
#44 = DIRECTION('',(1.,0.,-0.));
#45 = AXIS2_PLACEMENT_3D('',#46,#47,#48);
#46 = CARTESIAN_POINT('',(0.,0.,0.));
#47 = DIRECTION('',(0.,0.,1.));
#48 = DIRECTION('',(1.,0.,-0.));
#49 = AXIS2_PLACEMENT_3D('',#50,#51,#52);
#50 = CARTESIAN_POINT('',(0.,0.,0.));
#51 = DIRECTION('',(0.,0.,1.));
#52 = DIRECTION('',(1.,0.,-0.));
#53 = AXIS2_PLACEMENT_3D('',#54,#55,#56);
#54 = CARTESIAN_POINT('',(0.,0.,0.));
#55 = DIRECTION('',(0.,0.,1.));
#56 = DIRECTION('',(1.,0.,-0.));
#57 = AXIS2_PLACEMENT_3D('',#58,#59,#60);
#58 = CARTESIAN_POINT('',(0.,0.,0.));
#59 = DIRECTION('',(0.,0.,1.));
#60 = DIRECTION('',(1.,0.,-0.));
#61 = AXIS2_PLACEMENT_3D('',#62,#63,#64);
#62 = CARTESIAN_POINT('',(0.,0.,0.));
#63 = DIRECTION('',(0.,0.,1.));
#64 = DIRECTION('',(1.,0.,-0.));
#65 = AXIS2_PLACEMENT_3D('',#66,#67,#68);
#66 = CARTESIAN_POINT('',(0.,0.,0.));
#67 = DIRECTION('',(0.,0.,1.));
#68 = DIRECTION('',(1.,0.,-0.));
#69 = AXIS2_PLACEMENT_3D('',#70,#71,#72);
#70 = CARTESIAN_POINT('',(0.,0.,0.));
#71 = DIRECTION('',(0.,0.,1.));
#72 = DIRECTION('',(1.,0.,-0.));
#73 = AXIS2_PLACEMENT_3D('',#74,#75,#76);
#74 = CARTESIAN_POINT('',(0.,0.,0.));
#75 = DIRECTION('',(0.,0.,1.));
#76 = DIRECTION('',(1.,0.,-0.));
#77 = AXIS2_PLACEMENT_3D('',#78,#79,#80);
#78 = CARTESIAN_POINT('',(0.,0.,0.));
#79 = DIRECTION('',(0.,0.,1.));
#80 = DIRECTION('',(1.,0.,-0.));
#81 = ( GEOMETRIC_REPRESENTATION_CONTEXT(3) 
GLOBAL_UNCERTAINTY_ASSIGNED_CONTEXT((#85)) GLOBAL_UNIT_ASSIGNED_CONTEXT(
(#82,#83,#84)) REPRESENTATION_CONTEXT('Context #1',
  '3D Context with UNIT and UNCERTAINTY') );
#82 = ( LENGTH_UNIT() NAMED_UNIT(*) SI_UNIT(.MILLI.,.METRE.) );
#83 = ( NAMED_UNIT(*) PLANE_ANGLE_UNIT() SI_UNIT($,.RADIAN.) );
#84 = ( NAMED_UNIT(*) SI_UNIT($,.STERADIAN.) SOLID_ANGLE_UNIT() );
#85 = UNCERTAINTY_MEASURE_WITH_UNIT(LENGTH_MEASURE(1.E-06),#82,
  'distance_accuracy_value','confusion accuracy');
#86 = ADVANCED_BREP_SHAPE_REPRESENTATION('',(#11,#87),#237);
#87 = MANIFOLD_SOLID_BREP('',#88);
#88 = CLOSED_SHELL('',(#89,#129,#160,#191,#208,#225));
#89 = ADVANCED_FACE('',(#90),#124,.F.);
#90 = FACE_BOUND('',#91,.T.);
#91 = EDGE_LOOP('',(#92,#102,#110,#118));
#92 = ORIENTED_EDGE('',*,*,#93,.T.);
#93 = EDGE_CURVE('',#94,#96,#98,.T.);
#94 = VERTEX_POINT('',#95);
#95 = CARTESIAN_POINT('',(140.38566834907,86.523931530341,
    -49.91216076671));
#96 = VERTEX_POINT('',#97);
#97 = CARTESIAN_POINT('',(140.81322844727,86.523931530341,
    -50.06777989058));
#98 = LINE('',#99,#100);
#99 = CARTESIAN_POINT('',(140.38566834907,86.523931530341,
    -49.91216076671));
#100 = VECTOR('',#101,1.);
#101 = DIRECTION('',(0.939692638612,0.,-0.342020094348));
#102 = ORIENTED_EDGE('',*,*,#103,.T.);
#103 = EDGE_CURVE('',#96,#104,#106,.T.);
#104 = VERTEX_POINT('',#105);
#105 = CARTESIAN_POINT('',(140.81322844727,69.023933673876,
    -50.06777989058));
#106 = LINE('',#107,#108);
#107 = CARTESIAN_POINT('',(140.81322844727,86.523931530341,
    -50.06777989058));
#108 = VECTOR('',#109,1.);
#109 = DIRECTION('',(-0.,-1.,0.));
#110 = ORIENTED_EDGE('',*,*,#111,.T.);
#111 = EDGE_CURVE('',#104,#112,#114,.T.);
#112 = VERTEX_POINT('',#113);
#113 = CARTESIAN_POINT('',(140.38566834907,69.023933673876,
    -49.91216076671));
#114 = LINE('',#115,#116);
#115 = CARTESIAN_POINT('',(140.81322844727,69.023933673876,
    -50.06777989058));
#116 = VECTOR('',#117,1.);
#117 = DIRECTION('',(-0.939692638612,0.,0.342020094348));
#118 = ORIENTED_EDGE('',*,*,#119,.T.);
#119 = EDGE_CURVE('',#112,#94,#120,.T.);
#120 = LINE('',#121,#122);
#121 = CARTESIAN_POINT('',(140.38566834907,69.023933673876,
    -49.91216076671));
#122 = VECTOR('',#123,1.);
#123 = DIRECTION('',(0.,1.,0.));
#124 = PLANE('',#125);
#125 = AXIS2_PLACEMENT_3D('',#126,#127,#128);
#126 = CARTESIAN_POINT('',(140.59944839817,77.773932602108,
    -49.98997032865));
#127 = DIRECTION('',(0.342020094348,-0.,0.939692638612));
#128 = DIRECTION('',(0.939692638612,-0.,-0.342020094348));
#129 = ADVANCED_FACE('',(#130),#155,.F.);
#130 = FACE_BOUND('',#131,.F.);
#131 = EDGE_LOOP('',(#132,#133,#141,#149));
#132 = ORIENTED_EDGE('',*,*,#93,.T.);
#133 = ORIENTED_EDGE('',*,*,#134,.T.);
#134 = EDGE_CURVE('',#96,#135,#137,.T.);
#135 = VERTEX_POINT('',#136);
#136 = CARTESIAN_POINT('',(140.83682752596,86.523931530341,
    -50.00294194424));
#137 = LINE('',#138,#139);
#138 = CARTESIAN_POINT('',(140.81322844727,86.523931530341,
    -50.06777989058));
#139 = VECTOR('',#140,1.);
#140 = DIRECTION('',(0.342020094348,0.,0.939692638612));
#141 = ORIENTED_EDGE('',*,*,#142,.F.);
#142 = EDGE_CURVE('',#143,#135,#145,.T.);
#143 = VERTEX_POINT('',#144);
#144 = CARTESIAN_POINT('',(140.40926742776,86.523931530341,
    -49.84732282037));
#145 = LINE('',#146,#147);
#146 = CARTESIAN_POINT('',(140.40926742776,86.523931530341,
    -49.84732282037));
#147 = VECTOR('',#148,1.);
#148 = DIRECTION('',(0.939692638612,0.,-0.342020094348));
#149 = ORIENTED_EDGE('',*,*,#150,.F.);
#150 = EDGE_CURVE('',#94,#143,#151,.T.);
#151 = LINE('',#152,#153);
#152 = CARTESIAN_POINT('',(140.38566834907,86.523931530341,
    -49.91216076671));
#153 = VECTOR('',#154,1.);
#154 = DIRECTION('',(0.342020094348,0.,0.939692638612));
#155 = PLANE('',#156);
#156 = AXIS2_PLACEMENT_3D('',#157,#158,#159);
#157 = CARTESIAN_POINT('',(140.61124793751,86.523931530341,
    -49.95755135548));
#158 = DIRECTION('',(-0.,-1.,-0.));
#159 = DIRECTION('',(0.,0.,-1.));
#160 = ADVANCED_FACE('',(#161),#186,.T.);
#161 = FACE_BOUND('',#162,.F.);
#162 = EDGE_LOOP('',(#163,#164,#172,#180));
#163 = ORIENTED_EDGE('',*,*,#142,.T.);
#164 = ORIENTED_EDGE('',*,*,#165,.T.);
#165 = EDGE_CURVE('',#135,#166,#168,.T.);
#166 = VERTEX_POINT('',#167);
#167 = CARTESIAN_POINT('',(140.83682752596,69.023933673876,
    -50.00294194424));
#168 = LINE('',#169,#170);
#169 = CARTESIAN_POINT('',(140.83682752596,86.523931530341,
    -50.00294194424));
#170 = VECTOR('',#171,1.);
#171 = DIRECTION('',(-0.,-1.,0.));
#172 = ORIENTED_EDGE('',*,*,#173,.T.);
#173 = EDGE_CURVE('',#166,#174,#176,.T.);
#174 = VERTEX_POINT('',#175);
#175 = CARTESIAN_POINT('',(140.40926742776,69.023933673876,
    -49.84732282037));
#176 = LINE('',#177,#178);
#177 = CARTESIAN_POINT('',(140.83682752596,69.023933673876,
    -50.00294194424));
#178 = VECTOR('',#179,1.);
#179 = DIRECTION('',(-0.939692638612,0.,0.342020094348));
#180 = ORIENTED_EDGE('',*,*,#181,.T.);
#181 = EDGE_CURVE('',#174,#143,#182,.T.);
#182 = LINE('',#183,#184);
#183 = CARTESIAN_POINT('',(140.40926742776,69.023933673876,
    -49.84732282037));
#184 = VECTOR('',#185,1.);
#185 = DIRECTION('',(0.,1.,0.));
#186 = PLANE('',#187);
#187 = AXIS2_PLACEMENT_3D('',#188,#189,#190);
#188 = CARTESIAN_POINT('',(140.62304747686,77.773932602108,
    -49.92513238231));
#189 = DIRECTION('',(0.342020094348,-0.,0.939692638612));
#190 = DIRECTION('',(0.939692638612,-0.,-0.342020094348));
#191 = ADVANCED_FACE('',(#192),#203,.F.);
#192 = FACE_BOUND('',#193,.F.);
#193 = EDGE_LOOP('',(#194,#195,#196,#197));
#194 = ORIENTED_EDGE('',*,*,#119,.T.);
#195 = ORIENTED_EDGE('',*,*,#150,.T.);
#196 = ORIENTED_EDGE('',*,*,#181,.F.);
#197 = ORIENTED_EDGE('',*,*,#198,.F.);
#198 = EDGE_CURVE('',#112,#174,#199,.T.);
#199 = LINE('',#200,#201);
#200 = CARTESIAN_POINT('',(140.38566834907,69.023933673876,
    -49.91216076671));
#201 = VECTOR('',#202,1.);
#202 = DIRECTION('',(0.342020094348,0.,0.939692638612));
#203 = PLANE('',#204);
#204 = AXIS2_PLACEMENT_3D('',#205,#206,#207);
#205 = CARTESIAN_POINT('',(140.39746788842,77.773932602108,
    -49.87974179354));
#206 = DIRECTION('',(0.939692638612,-4.507412873954E-22,-0.342020094348)
  );
#207 = DIRECTION('',(0.342020094348,0.,0.939692638612));
#208 = ADVANCED_FACE('',(#209),#220,.F.);
#209 = FACE_BOUND('',#210,.F.);
#210 = EDGE_LOOP('',(#211,#212,#213,#214));
#211 = ORIENTED_EDGE('',*,*,#111,.T.);
#212 = ORIENTED_EDGE('',*,*,#198,.T.);
#213 = ORIENTED_EDGE('',*,*,#173,.F.);
#214 = ORIENTED_EDGE('',*,*,#215,.F.);
#215 = EDGE_CURVE('',#104,#166,#216,.T.);
#216 = LINE('',#217,#218);
#217 = CARTESIAN_POINT('',(140.81322844727,69.023933673876,
    -50.06777989058));
#218 = VECTOR('',#219,1.);
#219 = DIRECTION('',(0.342020094348,0.,0.939692638612));
#220 = PLANE('',#221);
#221 = AXIS2_PLACEMENT_3D('',#222,#223,#224);
#222 = CARTESIAN_POINT('',(140.61124793751,69.023933673876,
    -49.95755135548));
#223 = DIRECTION('',(0.,1.,0.));
#224 = DIRECTION('',(0.,-0.,1.));
#225 = ADVANCED_FACE('',(#226),#232,.F.);
#226 = FACE_BOUND('',#227,.F.);
#227 = EDGE_LOOP('',(#228,#229,#230,#231));
#228 = ORIENTED_EDGE('',*,*,#103,.T.);
#229 = ORIENTED_EDGE('',*,*,#215,.T.);
#230 = ORIENTED_EDGE('',*,*,#165,.F.);
#231 = ORIENTED_EDGE('',*,*,#134,.F.);
#232 = PLANE('',#233);
#233 = AXIS2_PLACEMENT_3D('',#234,#235,#236);
#234 = CARTESIAN_POINT('',(140.82502798661,77.773932602108,
    -50.03536091741));
#235 = DIRECTION('',(-0.939692638612,-1.394669508246E-20,0.342020094348)
  );
#236 = DIRECTION('',(-0.342020094348,0.,-0.939692638612));
#237 = ( GEOMETRIC_REPRESENTATION_CONTEXT(3) 
GLOBAL_UNCERTAINTY_ASSIGNED_CONTEXT((#241)) GLOBAL_UNIT_ASSIGNED_CONTEXT
((#238,#239,#240)) REPRESENTATION_CONTEXT('Context #1',
  '3D Context with UNIT and UNCERTAINTY') );
#238 = ( LENGTH_UNIT() NAMED_UNIT(*) SI_UNIT(.MILLI.,.METRE.) );
#239 = ( NAMED_UNIT(*) PLANE_ANGLE_UNIT() SI_UNIT($,.RADIAN.) );
#240 = ( NAMED_UNIT(*) SI_UNIT($,.STERADIAN.) SOLID_ANGLE_UNIT() );
#241 = UNCERTAINTY_MEASURE_WITH_UNIT(LENGTH_MEASURE(1.E-07),#238,
  'distance_accuracy_value','confusion accuracy');
#242 = SHAPE_DEFINITION_REPRESENTATION(#243,#86);
#243 = PRODUCT_DEFINITION_SHAPE('','',#244);
#244 = PRODUCT_DEFINITION('design','',#245,#248);
#245 = PRODUCT_DEFINITION_FORMATION('','',#246);
#246 = PRODUCT('Open CASCADE STEP translator 7.5 1.1.1',
  'Open CASCADE STEP translator 7.5 1.1.1','',(#247));
#247 = PRODUCT_CONTEXT('',#2,'mechanical');
#248 = PRODUCT_DEFINITION_CONTEXT('part definition',#2,'design');
#249 = CONTEXT_DEPENDENT_SHAPE_REPRESENTATION(#250,#252);
#250 = ( REPRESENTATION_RELATIONSHIP('','',#86,#32) 
REPRESENTATION_RELATIONSHIP_WITH_TRANSFORMATION(#251) 
SHAPE_REPRESENTATION_RELATIONSHIP() );
#251 = ITEM_DEFINED_TRANSFORMATION('','',#11,#33);
#252 = PRODUCT_DEFINITION_SHAPE('Placement','Placement of an item',#253
  );
#253 = NEXT_ASSEMBLY_USAGE_OCCURRENCE('1','','',#27,#244,$);
#254 = PRODUCT_RELATED_PRODUCT_CATEGORY('part',$,(#246));
#255 = ADVANCED_BREP_SHAPE_REPRESENTATION('',(#11,#256),#406);
#256 = MANIFOLD_SOLID_BREP('',#257);
#257 = CLOSED_SHELL('',(#258,#298,#329,#360,#377,#394));
#258 = ADVANCED_FACE('',(#259),#293,.F.);
#259 = FACE_BOUND('',#260,.T.);
#260 = EDGE_LOOP('',(#261,#271,#279,#287));
#261 = ORIENTED_EDGE('',*,*,#262,.T.);
#262 = EDGE_CURVE('',#263,#265,#267,.T.);
#263 = VERTEX_POINT('',#264);
#264 = CARTESIAN_POINT('',(133.9448513431,86.523931859833,
    -37.98816334141));
#265 = VERTEX_POINT('',#266);
#266 = CARTESIAN_POINT('',(133.80531494874,86.523931859833,
    -39.58307088198));
#267 = LINE('',#268,#269);
#268 = CARTESIAN_POINT('',(133.9448513431,86.523931859833,
    -37.98816334141));
#269 = VECTOR('',#270,1.);
#270 = DIRECTION('',(-8.715578315872E-02,0.,-0.996194694556));
#271 = ORIENTED_EDGE('',*,*,#272,.T.);
#272 = EDGE_CURVE('',#265,#273,#275,.T.);
#273 = VERTEX_POINT('',#274);
#274 = CARTESIAN_POINT('',(133.80531494874,69.023933674814,
    -39.58307088198));
#275 = LINE('',#276,#277);
#276 = CARTESIAN_POINT('',(133.80531494874,86.523931859833,
    -39.58307088198));
#277 = VECTOR('',#278,1.);
#278 = DIRECTION('',(0.,-1.,0.));
#279 = ORIENTED_EDGE('',*,*,#280,.T.);
#280 = EDGE_CURVE('',#273,#281,#283,.T.);
#281 = VERTEX_POINT('',#282);
#282 = CARTESIAN_POINT('',(133.9448513431,69.023933674814,
    -37.98816334141));
#283 = LINE('',#284,#285);
#284 = CARTESIAN_POINT('',(133.80531494874,69.023933674814,
    -39.58307088198));
#285 = VECTOR('',#286,1.);
#286 = DIRECTION('',(8.715578315872E-02,0.,0.996194694556));
#287 = ORIENTED_EDGE('',*,*,#288,.T.);
#288 = EDGE_CURVE('',#281,#263,#289,.T.);
#289 = LINE('',#290,#291);
#290 = CARTESIAN_POINT('',(133.9448513431,69.023933674814,
    -37.98816334141));
#291 = VECTOR('',#292,1.);
#292 = DIRECTION('',(0.,1.,0.));
#293 = PLANE('',#294);
#294 = AXIS2_PLACEMENT_3D('',#295,#296,#297);
#295 = CARTESIAN_POINT('',(133.87508314592,77.773932767324,
    -38.78561711169));
#296 = DIRECTION('',(0.996194694556,-0.,-8.715578315872E-02));
#297 = DIRECTION('',(-8.715578315872E-02,0.,-0.996194694556));
#298 = ADVANCED_FACE('',(#299),#324,.F.);
#299 = FACE_BOUND('',#300,.F.);
#300 = EDGE_LOOP('',(#301,#302,#310,#318));
#301 = ORIENTED_EDGE('',*,*,#262,.T.);
#302 = ORIENTED_EDGE('',*,*,#303,.T.);
#303 = EDGE_CURVE('',#265,#304,#306,.T.);
#304 = VERTEX_POINT('',#305);
#305 = CARTESIAN_POINT('',(133.87405148609,86.523931859833,
    -39.58908455258));
#306 = LINE('',#307,#308);
#307 = CARTESIAN_POINT('',(133.80531494874,86.523931859833,
    -39.58307088198));
#308 = VECTOR('',#309,1.);
#309 = DIRECTION('',(0.996194694556,0.,-8.715578315869E-02));
#310 = ORIENTED_EDGE('',*,*,#311,.F.);
#311 = EDGE_CURVE('',#312,#304,#314,.T.);
#312 = VERTEX_POINT('',#313);
#313 = CARTESIAN_POINT('',(134.01358788045,86.523931859833,-37.994177012
    ));
#314 = LINE('',#315,#316);
#315 = CARTESIAN_POINT('',(134.01358788045,86.523931859833,-37.994177012
    ));
#316 = VECTOR('',#317,1.);
#317 = DIRECTION('',(-8.715578315872E-02,0.,-0.996194694556));
#318 = ORIENTED_EDGE('',*,*,#319,.F.);
#319 = EDGE_CURVE('',#263,#312,#320,.T.);
#320 = LINE('',#321,#322);
#321 = CARTESIAN_POINT('',(133.9448513431,86.523931859833,
    -37.98816334141));
#322 = VECTOR('',#323,1.);
#323 = DIRECTION('',(0.996194694556,0.,-8.715578315869E-02));
#324 = PLANE('',#325);
#325 = AXIS2_PLACEMENT_3D('',#326,#327,#328);
#326 = CARTESIAN_POINT('',(133.90945141459,86.523931859834,
    -38.78862394699));
#327 = DIRECTION('',(1.757152399055E-25,-1.,-1.550316039143E-26));
#328 = DIRECTION('',(-1.,-1.757152399055E-25,0.));
#329 = ADVANCED_FACE('',(#330),#355,.T.);
#330 = FACE_BOUND('',#331,.F.);
#331 = EDGE_LOOP('',(#332,#333,#341,#349));
#332 = ORIENTED_EDGE('',*,*,#311,.T.);
#333 = ORIENTED_EDGE('',*,*,#334,.T.);
#334 = EDGE_CURVE('',#304,#335,#337,.T.);
#335 = VERTEX_POINT('',#336);
#336 = CARTESIAN_POINT('',(133.87405148609,69.023933674814,
    -39.58908455258));
#337 = LINE('',#338,#339);
#338 = CARTESIAN_POINT('',(133.87405148609,86.523931859833,
    -39.58908455258));
#339 = VECTOR('',#340,1.);
#340 = DIRECTION('',(0.,-1.,0.));
#341 = ORIENTED_EDGE('',*,*,#342,.T.);
#342 = EDGE_CURVE('',#335,#343,#345,.T.);
#343 = VERTEX_POINT('',#344);
#344 = CARTESIAN_POINT('',(134.01358788045,69.023933674814,-37.994177012
    ));
#345 = LINE('',#346,#347);
#346 = CARTESIAN_POINT('',(133.87405148609,69.023933674814,
    -39.58908455258));
#347 = VECTOR('',#348,1.);
#348 = DIRECTION('',(8.715578315872E-02,0.,0.996194694556));
#349 = ORIENTED_EDGE('',*,*,#350,.T.);
#350 = EDGE_CURVE('',#343,#312,#351,.T.);
#351 = LINE('',#352,#353);
#352 = CARTESIAN_POINT('',(134.01358788045,69.023933674814,-37.994177012
    ));
#353 = VECTOR('',#354,1.);
#354 = DIRECTION('',(0.,1.,0.));
#355 = PLANE('',#356);
#356 = AXIS2_PLACEMENT_3D('',#357,#358,#359);
#357 = CARTESIAN_POINT('',(133.94381968327,77.773932767324,
    -38.79163078229));
#358 = DIRECTION('',(0.996194694556,-0.,-8.715578315872E-02));
#359 = DIRECTION('',(-8.715578315872E-02,0.,-0.996194694556));
#360 = ADVANCED_FACE('',(#361),#372,.F.);
#361 = FACE_BOUND('',#362,.F.);
#362 = EDGE_LOOP('',(#363,#364,#365,#366));
#363 = ORIENTED_EDGE('',*,*,#288,.T.);
#364 = ORIENTED_EDGE('',*,*,#319,.T.);
#365 = ORIENTED_EDGE('',*,*,#350,.F.);
#366 = ORIENTED_EDGE('',*,*,#367,.F.);
#367 = EDGE_CURVE('',#281,#343,#368,.T.);
#368 = LINE('',#369,#370);
#369 = CARTESIAN_POINT('',(133.9448513431,69.023933674814,
    -37.98816334141));
#370 = VECTOR('',#371,1.);
#371 = DIRECTION('',(0.996194694556,0.,-8.715578315869E-02));
#372 = PLANE('',#373);
#373 = AXIS2_PLACEMENT_3D('',#374,#375,#376);
#374 = CARTESIAN_POINT('',(133.97921961178,77.773932767324,
    -37.9911701767));
#375 = DIRECTION('',(-8.715578315869E-02,1.583550574899E-18,
    -0.996194694556));
#376 = DIRECTION('',(-0.996194694556,0.,8.715578315869E-02));
#377 = ADVANCED_FACE('',(#378),#389,.F.);
#378 = FACE_BOUND('',#379,.F.);
#379 = EDGE_LOOP('',(#380,#381,#382,#383));
#380 = ORIENTED_EDGE('',*,*,#280,.T.);
#381 = ORIENTED_EDGE('',*,*,#367,.T.);
#382 = ORIENTED_EDGE('',*,*,#342,.F.);
#383 = ORIENTED_EDGE('',*,*,#384,.F.);
#384 = EDGE_CURVE('',#273,#335,#385,.T.);
#385 = LINE('',#386,#387);
#386 = CARTESIAN_POINT('',(133.80531494874,69.023933674814,
    -39.58307088198));
#387 = VECTOR('',#388,1.);
#388 = DIRECTION('',(0.996194694556,0.,-8.715578315869E-02));
#389 = PLANE('',#390);
#390 = AXIS2_PLACEMENT_3D('',#391,#392,#393);
#391 = CARTESIAN_POINT('',(133.90945141459,69.023933674814,
    -38.78862394699));
#392 = DIRECTION('',(-5.05155307925E-25,1.,4.411289095329E-26));
#393 = DIRECTION('',(1.,5.05155307925E-25,0.));
#394 = ADVANCED_FACE('',(#395),#401,.F.);
#395 = FACE_BOUND('',#396,.F.);
#396 = EDGE_LOOP('',(#397,#398,#399,#400));
#397 = ORIENTED_EDGE('',*,*,#272,.T.);
#398 = ORIENTED_EDGE('',*,*,#384,.T.);
#399 = ORIENTED_EDGE('',*,*,#334,.F.);
#400 = ORIENTED_EDGE('',*,*,#303,.F.);
#401 = PLANE('',#402);
#402 = AXIS2_PLACEMENT_3D('',#403,#404,#405);
#403 = CARTESIAN_POINT('',(133.83968321741,77.773932767324,
    -39.58607771728));
#404 = DIRECTION('',(8.715578315869E-02,-1.579291147055E-18,
    0.996194694556));
#405 = DIRECTION('',(0.996194694556,0.,-8.715578315869E-02));
#406 = ( GEOMETRIC_REPRESENTATION_CONTEXT(3) 
GLOBAL_UNCERTAINTY_ASSIGNED_CONTEXT((#410)) GLOBAL_UNIT_ASSIGNED_CONTEXT
((#407,#408,#409)) REPRESENTATION_CONTEXT('Context #1',
  '3D Context with UNIT and UNCERTAINTY') );
#407 = ( LENGTH_UNIT() NAMED_UNIT(*) SI_UNIT(.MILLI.,.METRE.) );
#408 = ( NAMED_UNIT(*) PLANE_ANGLE_UNIT() SI_UNIT($,.RADIAN.) );
#409 = ( NAMED_UNIT(*) SI_UNIT($,.STERADIAN.) SOLID_ANGLE_UNIT() );
#410 = UNCERTAINTY_MEASURE_WITH_UNIT(LENGTH_MEASURE(1.E-07),#407,
  'distance_accuracy_value','confusion accuracy');
#411 = SHAPE_DEFINITION_REPRESENTATION(#412,#255);
#412 = PRODUCT_DEFINITION_SHAPE('','',#413);
#413 = PRODUCT_DEFINITION('design','',#414,#417);
#414 = PRODUCT_DEFINITION_FORMATION('','',#415);
#415 = PRODUCT('Open CASCADE STEP translator 7.5 1.1.2',
  'Open CASCADE STEP translator 7.5 1.1.2','',(#416));
#416 = PRODUCT_CONTEXT('',#2,'mechanical');
#417 = PRODUCT_DEFINITION_CONTEXT('part definition',#2,'design');
#418 = CONTEXT_DEPENDENT_SHAPE_REPRESENTATION(#419,#421);
#419 = ( REPRESENTATION_RELATIONSHIP('','',#255,#32) 
REPRESENTATION_RELATIONSHIP_WITH_TRANSFORMATION(#420) 
SHAPE_REPRESENTATION_RELATIONSHIP() );
#420 = ITEM_DEFINED_TRANSFORMATION('','',#11,#37);
#421 = PRODUCT_DEFINITION_SHAPE('Placement','Placement of an item',#422
  );
#422 = NEXT_ASSEMBLY_USAGE_OCCURRENCE('2','','',#27,#413,$);
#423 = PRODUCT_RELATED_PRODUCT_CATEGORY('part',$,(#415));
#424 = ADVANCED_BREP_SHAPE_REPRESENTATION('',(#11,#425),#575);
#425 = MANIFOLD_SOLID_BREP('',#426);
#426 = CLOSED_SHELL('',(#427,#467,#498,#529,#546,#563));
#427 = ADVANCED_FACE('',(#428),#462,.F.);
#428 = FACE_BOUND('',#429,.T.);
#429 = EDGE_LOOP('',(#430,#440,#448,#456));
#430 = ORIENTED_EDGE('',*,*,#431,.T.);
#431 = EDGE_CURVE('',#432,#434,#436,.T.);
#432 = VERTEX_POINT('',#433);
#433 = CARTESIAN_POINT('',(154.40332869794,86.523932640511,
    -6.417258176026));
#434 = VERTEX_POINT('',#435);
#435 = CARTESIAN_POINT('',(152.33251231695,86.523932640511,
    -7.867259127463));
#436 = LINE('',#437,#438);
#437 = CARTESIAN_POINT('',(154.40332869794,86.523932640511,
    -6.417258176026));
#438 = VECTOR('',#439,1.);
#439 = DIRECTION('',(-0.819152097961,0.,-0.5735763597));
#440 = ORIENTED_EDGE('',*,*,#441,.T.);
#441 = EDGE_CURVE('',#434,#442,#444,.T.);
#442 = VERTEX_POINT('',#443);
#443 = CARTESIAN_POINT('',(152.33251231695,69.023933677038,
    -7.867259127463));
#444 = LINE('',#445,#446);
#445 = CARTESIAN_POINT('',(152.33251231695,86.523932640511,
    -7.867259127463));
#446 = VECTOR('',#447,1.);
#447 = DIRECTION('',(0.,-1.,0.));
#448 = ORIENTED_EDGE('',*,*,#449,.T.);
#449 = EDGE_CURVE('',#442,#450,#452,.T.);
#450 = VERTEX_POINT('',#451);
#451 = CARTESIAN_POINT('',(154.40332869794,69.023933677038,
    -6.417258176026));
#452 = LINE('',#453,#454);
#453 = CARTESIAN_POINT('',(152.33251231695,69.023933677038,
    -7.867259127463));
#454 = VECTOR('',#455,1.);
#455 = DIRECTION('',(0.819152097961,-0.,0.5735763597));
#456 = ORIENTED_EDGE('',*,*,#457,.T.);
#457 = EDGE_CURVE('',#450,#432,#458,.T.);
#458 = LINE('',#459,#460);
#459 = CARTESIAN_POINT('',(154.40332869794,69.023933677038,
    -6.417258176026));
#460 = VECTOR('',#461,1.);
#461 = DIRECTION('',(0.,1.,0.));
#462 = PLANE('',#463);
#463 = AXIS2_PLACEMENT_3D('',#464,#465,#466);
#464 = CARTESIAN_POINT('',(153.36792050745,77.773933158775,
    -7.142258651745));
#465 = DIRECTION('',(0.5735763597,-0.,-0.819152097961));
#466 = DIRECTION('',(-0.819152097961,0.,-0.5735763597));
#467 = ADVANCED_FACE('',(#468),#493,.F.);
#468 = FACE_BOUND('',#469,.F.);
#469 = EDGE_LOOP('',(#470,#471,#479,#487));
#470 = ORIENTED_EDGE('',*,*,#431,.T.);
#471 = ORIENTED_EDGE('',*,*,#472,.T.);
#472 = EDGE_CURVE('',#434,#473,#475,.T.);
#473 = VERTEX_POINT('',#474);
#474 = CARTESIAN_POINT('',(152.37208856955,86.523932640511,
    -7.923779884986));
#475 = LINE('',#476,#477);
#476 = CARTESIAN_POINT('',(152.33251231695,86.523932640511,
    -7.867259127463));
#477 = VECTOR('',#478,1.);
#478 = DIRECTION('',(0.5735763597,0.,-0.819152097961));
#479 = ORIENTED_EDGE('',*,*,#480,.F.);
#480 = EDGE_CURVE('',#481,#473,#483,.T.);
#481 = VERTEX_POINT('',#482);
#482 = CARTESIAN_POINT('',(154.44290495054,86.523932640511,
    -6.473778933548));
#483 = LINE('',#484,#485);
#484 = CARTESIAN_POINT('',(154.44290495054,86.523932640511,
    -6.473778933548));
#485 = VECTOR('',#486,1.);
#486 = DIRECTION('',(-0.819152097961,0.,-0.5735763597));
#487 = ORIENTED_EDGE('',*,*,#488,.F.);
#488 = EDGE_CURVE('',#432,#481,#489,.T.);
#489 = LINE('',#490,#491);
#490 = CARTESIAN_POINT('',(154.40332869794,86.523932640511,
    -6.417258176026));
#491 = VECTOR('',#492,1.);
#492 = DIRECTION('',(0.5735763597,0.,-0.819152097961));
#493 = PLANE('',#494);
#494 = AXIS2_PLACEMENT_3D('',#495,#496,#497);
#495 = CARTESIAN_POINT('',(153.38770863375,86.523932640511,
    -7.170519030506));
#496 = DIRECTION('',(3.405804369984E-25,-1.,-4.853243515431E-25));
#497 = DIRECTION('',(0.,4.853243515431E-25,-1.));
#498 = ADVANCED_FACE('',(#499),#524,.T.);
#499 = FACE_BOUND('',#500,.F.);
#500 = EDGE_LOOP('',(#501,#502,#510,#518));
#501 = ORIENTED_EDGE('',*,*,#480,.T.);
#502 = ORIENTED_EDGE('',*,*,#503,.T.);
#503 = EDGE_CURVE('',#473,#504,#506,.T.);
#504 = VERTEX_POINT('',#505);
#505 = CARTESIAN_POINT('',(152.37208856955,69.023933677038,
    -7.923779884986));
#506 = LINE('',#507,#508);
#507 = CARTESIAN_POINT('',(152.37208856955,86.523932640511,
    -7.923779884986));
#508 = VECTOR('',#509,1.);
#509 = DIRECTION('',(0.,-1.,0.));
#510 = ORIENTED_EDGE('',*,*,#511,.T.);
#511 = EDGE_CURVE('',#504,#512,#514,.T.);
#512 = VERTEX_POINT('',#513);
#513 = CARTESIAN_POINT('',(154.44290495054,69.023933677038,
    -6.473778933548));
#514 = LINE('',#515,#516);
#515 = CARTESIAN_POINT('',(152.37208856955,69.023933677038,
    -7.923779884986));
#516 = VECTOR('',#517,1.);
#517 = DIRECTION('',(0.819152097961,-0.,0.5735763597));
#518 = ORIENTED_EDGE('',*,*,#519,.T.);
#519 = EDGE_CURVE('',#512,#481,#520,.T.);
#520 = LINE('',#521,#522);
#521 = CARTESIAN_POINT('',(154.44290495054,69.023933677038,
    -6.473778933548));
#522 = VECTOR('',#523,1.);
#523 = DIRECTION('',(0.,1.,0.));
#524 = PLANE('',#525);
#525 = AXIS2_PLACEMENT_3D('',#526,#527,#528);
#526 = CARTESIAN_POINT('',(153.40749676005,77.773933158775,
    -7.198779409267));
#527 = DIRECTION('',(0.5735763597,-0.,-0.819152097961));
#528 = DIRECTION('',(-0.819152097961,0.,-0.5735763597));
#529 = ADVANCED_FACE('',(#530),#541,.F.);
#530 = FACE_BOUND('',#531,.F.);
#531 = EDGE_LOOP('',(#532,#533,#534,#535));
#532 = ORIENTED_EDGE('',*,*,#457,.T.);
#533 = ORIENTED_EDGE('',*,*,#488,.T.);
#534 = ORIENTED_EDGE('',*,*,#519,.F.);
#535 = ORIENTED_EDGE('',*,*,#536,.F.);
#536 = EDGE_CURVE('',#450,#512,#537,.T.);
#537 = LINE('',#538,#539);
#538 = CARTESIAN_POINT('',(154.40332869794,69.023933677038,
    -6.417258176026));
#539 = VECTOR('',#540,1.);
#540 = DIRECTION('',(0.5735763597,0.,-0.819152097961));
#541 = PLANE('',#542);
#542 = AXIS2_PLACEMENT_3D('',#543,#544,#545);
#543 = CARTESIAN_POINT('',(154.42311682424,77.773933158775,
    -6.445518554787));
#544 = DIRECTION('',(-0.819152097961,3.462742991133E-19,-0.5735763597));
#545 = DIRECTION('',(0.5735763597,0.,-0.819152097961));
#546 = ADVANCED_FACE('',(#547),#558,.F.);
#547 = FACE_BOUND('',#548,.F.);
#548 = EDGE_LOOP('',(#549,#550,#551,#552));
#549 = ORIENTED_EDGE('',*,*,#449,.T.);
#550 = ORIENTED_EDGE('',*,*,#536,.T.);
#551 = ORIENTED_EDGE('',*,*,#511,.F.);
#552 = ORIENTED_EDGE('',*,*,#553,.F.);
#553 = EDGE_CURVE('',#442,#504,#554,.T.);
#554 = LINE('',#555,#556);
#555 = CARTESIAN_POINT('',(152.33251231695,69.023933677038,
    -7.867259127463));
#556 = VECTOR('',#557,1.);
#557 = DIRECTION('',(0.5735763597,0.,-0.819152097961));
#558 = PLANE('',#559);
#559 = AXIS2_PLACEMENT_3D('',#560,#561,#562);
#560 = CARTESIAN_POINT('',(153.38770863375,69.023933677038,
    -7.170519030506));
#561 = DIRECTION('',(-6.837770864462E-26,1.,9.749279881239E-26));
#562 = DIRECTION('',(0.,-9.749279881239E-26,1.));
#563 = ADVANCED_FACE('',(#564),#570,.F.);
#564 = FACE_BOUND('',#565,.F.);
#565 = EDGE_LOOP('',(#566,#567,#568,#569));
#566 = ORIENTED_EDGE('',*,*,#441,.T.);
#567 = ORIENTED_EDGE('',*,*,#553,.T.);
#568 = ORIENTED_EDGE('',*,*,#503,.F.);
#569 = ORIENTED_EDGE('',*,*,#472,.F.);
#570 = PLANE('',#571);
#571 = AXIS2_PLACEMENT_3D('',#572,#573,#574);
#572 = CARTESIAN_POINT('',(152.35230044325,77.773933158775,
    -7.895519506225));
#573 = DIRECTION('',(0.819152097961,-3.719829809599E-19,0.5735763597));
#574 = DIRECTION('',(-0.5735763597,0.,0.819152097961));
#575 = ( GEOMETRIC_REPRESENTATION_CONTEXT(3) 
GLOBAL_UNCERTAINTY_ASSIGNED_CONTEXT((#579)) GLOBAL_UNIT_ASSIGNED_CONTEXT
((#576,#577,#578)) REPRESENTATION_CONTEXT('Context #1',
  '3D Context with UNIT and UNCERTAINTY') );
#576 = ( LENGTH_UNIT() NAMED_UNIT(*) SI_UNIT(.MILLI.,.METRE.) );
#577 = ( NAMED_UNIT(*) PLANE_ANGLE_UNIT() SI_UNIT($,.RADIAN.) );
#578 = ( NAMED_UNIT(*) SI_UNIT($,.STERADIAN.) SOLID_ANGLE_UNIT() );
#579 = UNCERTAINTY_MEASURE_WITH_UNIT(LENGTH_MEASURE(1.E-07),#576,
  'distance_accuracy_value','confusion accuracy');
#580 = SHAPE_DEFINITION_REPRESENTATION(#581,#424);
#581 = PRODUCT_DEFINITION_SHAPE('','',#582);
#582 = PRODUCT_DEFINITION('design','',#583,#586);
#583 = PRODUCT_DEFINITION_FORMATION('','',#584);
#584 = PRODUCT('Open CASCADE STEP translator 7.5 1.1.3',
  'Open CASCADE STEP translator 7.5 1.1.3','',(#585));
#585 = PRODUCT_CONTEXT('',#2,'mechanical');
#586 = PRODUCT_DEFINITION_CONTEXT('part definition',#2,'design');
#587 = CONTEXT_DEPENDENT_SHAPE_REPRESENTATION(#588,#590);
#588 = ( REPRESENTATION_RELATIONSHIP('','',#424,#32) 
REPRESENTATION_RELATIONSHIP_WITH_TRANSFORMATION(#589) 
SHAPE_REPRESENTATION_RELATIONSHIP() );
#589 = ITEM_DEFINED_TRANSFORMATION('','',#11,#41);
#590 = PRODUCT_DEFINITION_SHAPE('Placement','Placement of an item',#591
  );
#591 = NEXT_ASSEMBLY_USAGE_OCCURRENCE('3','','',#27,#582,$);
#592 = PRODUCT_RELATED_PRODUCT_CATEGORY('part',$,(#584));
#593 = ADVANCED_BREP_SHAPE_REPRESENTATION('',(#11,#594),#744);
#594 = MANIFOLD_SOLID_BREP('',#595);
#595 = CLOSED_SHELL('',(#596,#636,#667,#698,#715,#732));
#596 = ADVANCED_FACE('',(#597),#631,.F.);
#597 = FACE_BOUND('',#598,.T.);
#598 = EDGE_LOOP('',(#599,#609,#617,#625));
#599 = ORIENTED_EDGE('',*,*,#600,.T.);
#600 = EDGE_CURVE('',#601,#603,#605,.T.);
#601 = VERTEX_POINT('',#602);
#602 = CARTESIAN_POINT('',(168.83530504068,86.523932084755,
    -0.673493416045));
#603 = VERTEX_POINT('',#604);
#604 = CARTESIAN_POINT('',(163.86465111653,86.523932084755,
    -2.005375825315));
#605 = LINE('',#606,#607);
#606 = CARTESIAN_POINT('',(168.83530504068,86.523932084755,
    -0.673493416045));
#607 = VECTOR('',#608,1.);
#608 = DIRECTION('',(-0.965925840648,0.,-0.258818991515));
#609 = ORIENTED_EDGE('',*,*,#610,.T.);
#610 = EDGE_CURVE('',#603,#611,#613,.T.);
#611 = VERTEX_POINT('',#612);
#612 = CARTESIAN_POINT('',(163.86465111653,69.023933675455,
    -2.005375825315));
#613 = LINE('',#614,#615);
#614 = CARTESIAN_POINT('',(163.86465111653,86.523932084755,
    -2.005375825315));
#615 = VECTOR('',#616,1.);
#616 = DIRECTION('',(0.,-1.,0.));
#617 = ORIENTED_EDGE('',*,*,#618,.T.);
#618 = EDGE_CURVE('',#611,#619,#621,.T.);
#619 = VERTEX_POINT('',#620);
#620 = CARTESIAN_POINT('',(168.83530504068,69.023933675455,
    -0.673493416045));
#621 = LINE('',#622,#623);
#622 = CARTESIAN_POINT('',(163.86465111653,69.023933675455,
    -2.005375825315));
#623 = VECTOR('',#624,1.);
#624 = DIRECTION('',(0.965925840648,0.,0.258818991515));
#625 = ORIENTED_EDGE('',*,*,#626,.T.);
#626 = EDGE_CURVE('',#619,#601,#627,.T.);
#627 = LINE('',#628,#629);
#628 = CARTESIAN_POINT('',(168.83530504068,69.023933675455,
    -0.673493416045));
#629 = VECTOR('',#630,1.);
#630 = DIRECTION('',(0.,1.,0.));
#631 = PLANE('',#632);
#632 = AXIS2_PLACEMENT_3D('',#633,#634,#635);
#633 = CARTESIAN_POINT('',(166.34997807861,77.773932880105,
    -1.33943462068));
#634 = DIRECTION('',(0.258818991515,-0.,-0.965925840648));
#635 = DIRECTION('',(-0.965925840648,0.,-0.258818991515));
#636 = ADVANCED_FACE('',(#637),#662,.F.);
#637 = FACE_BOUND('',#638,.F.);
#638 = EDGE_LOOP('',(#639,#640,#648,#656));
#639 = ORIENTED_EDGE('',*,*,#600,.T.);
#640 = ORIENTED_EDGE('',*,*,#641,.T.);
#641 = EDGE_CURVE('',#603,#642,#644,.T.);
#642 = VERTEX_POINT('',#643);
#643 = CARTESIAN_POINT('',(163.88250939401,86.523932084755,
    -2.072023838986));
#644 = LINE('',#645,#646);
#645 = CARTESIAN_POINT('',(163.86465111653,86.523932084755,
    -2.005375825315));
#646 = VECTOR('',#647,1.);
#647 = DIRECTION('',(0.258818991515,0.,-0.965925840648));
#648 = ORIENTED_EDGE('',*,*,#649,.F.);
#649 = EDGE_CURVE('',#650,#642,#652,.T.);
#650 = VERTEX_POINT('',#651);
#651 = CARTESIAN_POINT('',(168.85316331816,86.523932084755,
    -0.740141429717));
#652 = LINE('',#653,#654);
#653 = CARTESIAN_POINT('',(168.85316331816,86.523932084755,
    -0.740141429717));
#654 = VECTOR('',#655,1.);
#655 = DIRECTION('',(-0.965925840648,0.,-0.258818991515));
#656 = ORIENTED_EDGE('',*,*,#657,.F.);
#657 = EDGE_CURVE('',#601,#650,#658,.T.);
#658 = LINE('',#659,#660);
#659 = CARTESIAN_POINT('',(168.83530504068,86.523932084755,
    -0.673493416045));
#660 = VECTOR('',#661,1.);
#661 = DIRECTION('',(0.258818991515,0.,-0.965925840648));
#662 = PLANE('',#663);
#663 = AXIS2_PLACEMENT_3D('',#664,#665,#666);
#664 = CARTESIAN_POINT('',(166.35890721735,86.523932084755,
    -1.372758627516));
#665 = DIRECTION('',(1.207897100324E-26,-1.,-4.496641625113E-26));
#666 = DIRECTION('',(0.,4.496641625113E-26,-1.));
#667 = ADVANCED_FACE('',(#668),#693,.T.);
#668 = FACE_BOUND('',#669,.F.);
#669 = EDGE_LOOP('',(#670,#671,#679,#687));
#670 = ORIENTED_EDGE('',*,*,#649,.T.);
#671 = ORIENTED_EDGE('',*,*,#672,.T.);
#672 = EDGE_CURVE('',#642,#673,#675,.T.);
#673 = VERTEX_POINT('',#674);
#674 = CARTESIAN_POINT('',(163.88250939401,69.023933675455,
    -2.072023838986));
#675 = LINE('',#676,#677);
#676 = CARTESIAN_POINT('',(163.88250939401,86.523932084755,
    -2.072023838986));
#677 = VECTOR('',#678,1.);
#678 = DIRECTION('',(0.,-1.,0.));
#679 = ORIENTED_EDGE('',*,*,#680,.T.);
#680 = EDGE_CURVE('',#673,#681,#683,.T.);
#681 = VERTEX_POINT('',#682);
#682 = CARTESIAN_POINT('',(168.85316331816,69.023933675455,
    -0.740141429717));
#683 = LINE('',#684,#685);
#684 = CARTESIAN_POINT('',(163.88250939401,69.023933675455,
    -2.072023838986));
#685 = VECTOR('',#686,1.);
#686 = DIRECTION('',(0.965925840648,0.,0.258818991515));
#687 = ORIENTED_EDGE('',*,*,#688,.T.);
#688 = EDGE_CURVE('',#681,#650,#689,.T.);
#689 = LINE('',#690,#691);
#690 = CARTESIAN_POINT('',(168.85316331816,69.023933675455,
    -0.740141429717));
#691 = VECTOR('',#692,1.);
#692 = DIRECTION('',(0.,1.,0.));
#693 = PLANE('',#694);
#694 = AXIS2_PLACEMENT_3D('',#695,#696,#697);
#695 = CARTESIAN_POINT('',(166.36783635608,77.773932880105,
    -1.406082634352));
#696 = DIRECTION('',(0.258818991515,-0.,-0.965925840648));
#697 = DIRECTION('',(-0.965925840648,0.,-0.258818991515));
#698 = ADVANCED_FACE('',(#699),#710,.F.);
#699 = FACE_BOUND('',#700,.F.);
#700 = EDGE_LOOP('',(#701,#702,#703,#704));
#701 = ORIENTED_EDGE('',*,*,#626,.T.);
#702 = ORIENTED_EDGE('',*,*,#657,.T.);
#703 = ORIENTED_EDGE('',*,*,#688,.F.);
#704 = ORIENTED_EDGE('',*,*,#705,.F.);
#705 = EDGE_CURVE('',#619,#681,#706,.T.);
#706 = LINE('',#707,#708);
#707 = CARTESIAN_POINT('',(168.83530504068,69.023933675455,
    -0.673493416045));
#708 = VECTOR('',#709,1.);
#709 = DIRECTION('',(0.258818991515,0.,-0.965925840648));
#710 = PLANE('',#711);
#711 = AXIS2_PLACEMENT_3D('',#712,#713,#714);
#712 = CARTESIAN_POINT('',(168.84423417942,77.773932880105,
    -0.706817422881));
#713 = DIRECTION('',(-0.965925840648,6.676506548739E-18,-0.258818991515)
  );
#714 = DIRECTION('',(0.258818991515,0.,-0.965925840648));
#715 = ADVANCED_FACE('',(#716),#727,.F.);
#716 = FACE_BOUND('',#717,.F.);
#717 = EDGE_LOOP('',(#718,#719,#720,#721));
#718 = ORIENTED_EDGE('',*,*,#618,.T.);
#719 = ORIENTED_EDGE('',*,*,#705,.T.);
#720 = ORIENTED_EDGE('',*,*,#680,.F.);
#721 = ORIENTED_EDGE('',*,*,#722,.F.);
#722 = EDGE_CURVE('',#611,#673,#723,.T.);
#723 = LINE('',#724,#725);
#724 = CARTESIAN_POINT('',(163.86465111653,69.023933675455,
    -2.005375825315));
#725 = VECTOR('',#726,1.);
#726 = DIRECTION('',(0.258818991515,0.,-0.965925840648));
#727 = PLANE('',#728);
#728 = AXIS2_PLACEMENT_3D('',#729,#730,#731);
#729 = CARTESIAN_POINT('',(166.35890721735,69.023933675455,
    -1.372758627516));
#730 = DIRECTION('',(0.,1.,0.));
#731 = DIRECTION('',(0.,-0.,1.));
#732 = ADVANCED_FACE('',(#733),#739,.F.);
#733 = FACE_BOUND('',#734,.F.);
#734 = EDGE_LOOP('',(#735,#736,#737,#738));
#735 = ORIENTED_EDGE('',*,*,#610,.T.);
#736 = ORIENTED_EDGE('',*,*,#722,.T.);
#737 = ORIENTED_EDGE('',*,*,#672,.F.);
#738 = ORIENTED_EDGE('',*,*,#641,.F.);
#739 = PLANE('',#740);
#740 = AXIS2_PLACEMENT_3D('',#741,#742,#743);
#741 = CARTESIAN_POINT('',(163.87358025527,77.773932880105,
    -2.038699832151));
#742 = DIRECTION('',(0.965925840648,-6.64702637749E-18,0.258818991515));
#743 = DIRECTION('',(-0.258818991515,0.,0.965925840648));
#744 = ( GEOMETRIC_REPRESENTATION_CONTEXT(3) 
GLOBAL_UNCERTAINTY_ASSIGNED_CONTEXT((#748)) GLOBAL_UNIT_ASSIGNED_CONTEXT
((#745,#746,#747)) REPRESENTATION_CONTEXT('Context #1',
  '3D Context with UNIT and UNCERTAINTY') );
#745 = ( LENGTH_UNIT() NAMED_UNIT(*) SI_UNIT(.MILLI.,.METRE.) );
#746 = ( NAMED_UNIT(*) PLANE_ANGLE_UNIT() SI_UNIT($,.RADIAN.) );
#747 = ( NAMED_UNIT(*) SI_UNIT($,.STERADIAN.) SOLID_ANGLE_UNIT() );
#748 = UNCERTAINTY_MEASURE_WITH_UNIT(LENGTH_MEASURE(1.E-07),#745,
  'distance_accuracy_value','confusion accuracy');
#749 = SHAPE_DEFINITION_REPRESENTATION(#750,#593);
#750 = PRODUCT_DEFINITION_SHAPE('','',#751);
#751 = PRODUCT_DEFINITION('design','',#752,#755);
#752 = PRODUCT_DEFINITION_FORMATION('','',#753);
#753 = PRODUCT('Open CASCADE STEP translator 7.5 1.1.4',
  'Open CASCADE STEP translator 7.5 1.1.4','',(#754));
#754 = PRODUCT_CONTEXT('',#2,'mechanical');
#755 = PRODUCT_DEFINITION_CONTEXT('part definition',#2,'design');
#756 = CONTEXT_DEPENDENT_SHAPE_REPRESENTATION(#757,#759);
#757 = ( REPRESENTATION_RELATIONSHIP('','',#593,#32) 
REPRESENTATION_RELATIONSHIP_WITH_TRANSFORMATION(#758) 
SHAPE_REPRESENTATION_RELATIONSHIP() );
#758 = ITEM_DEFINED_TRANSFORMATION('','',#11,#45);
#759 = PRODUCT_DEFINITION_SHAPE('Placement','Placement of an item',#760
  );
#760 = NEXT_ASSEMBLY_USAGE_OCCURRENCE('4','','',#27,#751,$);
#761 = PRODUCT_RELATED_PRODUCT_CATEGORY('part',$,(#753));
#762 = ADVANCED_BREP_SHAPE_REPRESENTATION('',(#11,#763),#921);
#763 = MANIFOLD_SOLID_BREP('',#764);
#764 = CLOSED_SHELL('',(#765,#809,#840,#875,#892,#909));
#765 = ADVANCED_FACE('',(#766),#804,.F.);
#766 = FACE_BOUND('',#767,.T.);
#767 = EDGE_LOOP('',(#768,#778,#788,#796));
#768 = ORIENTED_EDGE('',*,*,#769,.F.);
#769 = EDGE_CURVE('',#770,#772,#774,.T.);
#770 = VERTEX_POINT('',#771);
#771 = CARTESIAN_POINT('',(174.02697055226,69.02393201107,
    -5.89975266497E-02));
#772 = VERTEX_POINT('',#773);
#773 = CARTESIAN_POINT('',(174.02697055226,86.52393201107,
    -5.89975266497E-02));
#774 = LINE('',#775,#776);
#775 = CARTESIAN_POINT('',(174.02697055226,69.02393201107,
    -5.89975266497E-02));
#776 = VECTOR('',#777,1.);
#777 = DIRECTION('',(-0.,1.,0.));
#778 = ORIENTED_EDGE('',*,*,#779,.F.);
#779 = EDGE_CURVE('',#780,#770,#782,.T.);
#780 = VERTEX_POINT('',#781);
#781 = CARTESIAN_POINT('',(168.85316577688,69.02393201107,
    -0.740141629673));
#782 = B_SPLINE_CURVE_WITH_KNOTS('',4,(#783,#784,#785,#786,#787),
  .UNSPECIFIED.,.F.,.F.,(5,5),(0.,0.261799991622),
  .PIECEWISE_BEZIER_KNOTS.);
#783 = CARTESIAN_POINT('',(168.85316577688,69.02393201107,
    -0.740141629673));
#784 = CARTESIAN_POINT('',(170.11693045876,69.02393201107,
    -0.401516550822));
#785 = CARTESIAN_POINT('',(171.41026253581,69.02393201107,
    -0.173173278568));
#786 = CARTESIAN_POINT('',(172.71862498812,69.02393201107,
    -5.899707753522E-02));
#787 = CARTESIAN_POINT('',(174.02697055226,69.02393201107,
    -5.89975266497E-02));
#788 = ORIENTED_EDGE('',*,*,#789,.F.);
#789 = EDGE_CURVE('',#790,#780,#792,.T.);
#790 = VERTEX_POINT('',#791);
#791 = CARTESIAN_POINT('',(168.85316577688,86.52393201107,
    -0.740141629673));
#792 = LINE('',#793,#794);
#793 = CARTESIAN_POINT('',(168.85316577688,86.52393201107,
    -0.740141629673));
#794 = VECTOR('',#795,1.);
#795 = DIRECTION('',(0.,-1.,-0.));
#796 = ORIENTED_EDGE('',*,*,#797,.F.);
#797 = EDGE_CURVE('',#772,#790,#798,.T.);
#798 = B_SPLINE_CURVE_WITH_KNOTS('',4,(#799,#800,#801,#802,#803),
  .UNSPECIFIED.,.F.,.F.,(5,5),(0.,0.261799991622),
  .PIECEWISE_BEZIER_KNOTS.);
#799 = CARTESIAN_POINT('',(174.02697055226,86.52393201107,
    -5.89975266497E-02));
#800 = CARTESIAN_POINT('',(172.71862498812,86.52393201107,
    -5.899707753522E-02));
#801 = CARTESIAN_POINT('',(171.41026253581,86.52393201107,
    -0.173173278568));
#802 = CARTESIAN_POINT('',(170.11693045876,86.523932011069,
    -0.401516550822));
#803 = CARTESIAN_POINT('',(168.85316577688,86.52393201107,
    -0.740141629673));
#804 = CYLINDRICAL_SURFACE('',#805,19.99000066);
#805 = AXIS2_PLACEMENT_3D('',#806,#807,#808);
#806 = CARTESIAN_POINT('',(174.02696369031,89.97393319107,
    -20.04899818664));
#807 = DIRECTION('',(0.,-1.,-0.));
#808 = DIRECTION('',(-0.,-0.,1.));
#809 = ADVANCED_FACE('',(#810),#835,.T.);
#810 = FACE_BOUND('',#811,.T.);
#811 = EDGE_LOOP('',(#812,#813,#821,#829));
#812 = ORIENTED_EDGE('',*,*,#769,.T.);
#813 = ORIENTED_EDGE('',*,*,#814,.T.);
#814 = EDGE_CURVE('',#772,#815,#817,.T.);
#815 = VERTEX_POINT('',#816);
#816 = CARTESIAN_POINT('',(174.02697057594,86.52393201107,
    1.000157335029E-02));
#817 = LINE('',#818,#819);
#818 = CARTESIAN_POINT('',(174.02697055226,86.52393201107,
    -5.89975266497E-02));
#819 = VECTOR('',#820,1.);
#820 = DIRECTION('',(3.432687028356E-07,0.,1.));
#821 = ORIENTED_EDGE('',*,*,#822,.F.);
#822 = EDGE_CURVE('',#823,#815,#825,.T.);
#823 = VERTEX_POINT('',#824);
#824 = CARTESIAN_POINT('',(174.02697057594,69.02393201107,
    1.000157335029E-02));
#825 = LINE('',#826,#827);
#826 = CARTESIAN_POINT('',(174.02697057594,69.02393201107,
    1.000157335029E-02));
#827 = VECTOR('',#828,1.);
#828 = DIRECTION('',(-0.,1.,0.));
#829 = ORIENTED_EDGE('',*,*,#830,.F.);
#830 = EDGE_CURVE('',#770,#823,#831,.T.);
#831 = LINE('',#832,#833);
#832 = CARTESIAN_POINT('',(174.02697055226,69.02393201107,
    -5.89975266497E-02));
#833 = VECTOR('',#834,1.);
#834 = DIRECTION('',(3.432687028356E-07,0.,1.));
#835 = PLANE('',#836);
#836 = AXIS2_PLACEMENT_3D('',#837,#838,#839);
#837 = CARTESIAN_POINT('',(174.0269705641,77.77393201107,
    -2.449797664971E-02));
#838 = DIRECTION('',(1.,0.,-3.432687028356E-07));
#839 = DIRECTION('',(3.432687028356E-07,0.,1.));
#840 = ADVANCED_FACE('',(#841),#870,.T.);
#841 = FACE_BOUND('',#842,.F.);
#842 = EDGE_LOOP('',(#843,#844,#854,#862));
#843 = ORIENTED_EDGE('',*,*,#822,.F.);
#844 = ORIENTED_EDGE('',*,*,#845,.F.);
#845 = EDGE_CURVE('',#846,#823,#848,.T.);
#846 = VERTEX_POINT('',#847);
#847 = CARTESIAN_POINT('',(168.83530747834,69.02393201107,
    -0.673493621646));
#848 = B_SPLINE_CURVE_WITH_KNOTS('',4,(#849,#850,#851,#852,#853),
  .UNSPECIFIED.,.F.,.F.,(5,5),(0.,0.261799991622),
  .PIECEWISE_BEZIER_KNOTS.);
#849 = CARTESIAN_POINT('',(168.83530747834,69.02393201107,
    -0.673493621646));
#850 = CARTESIAN_POINT('',(170.10343427241,69.02393201107,
    -0.333699717136));
#851 = CARTESIAN_POINT('',(171.40123051887,69.02393201107,-0.10456827681
    ));
#852 = CARTESIAN_POINT('',(172.71410902064,69.02393201107,
    1.000202401498E-02));
#853 = CARTESIAN_POINT('',(174.02697057594,69.02393201107,
    1.000157335029E-02));
#854 = ORIENTED_EDGE('',*,*,#855,.F.);
#855 = EDGE_CURVE('',#856,#846,#858,.T.);
#856 = VERTEX_POINT('',#857);
#857 = CARTESIAN_POINT('',(168.83530747834,86.52393201107,
    -0.673493621646));
#858 = LINE('',#859,#860);
#859 = CARTESIAN_POINT('',(168.83530747834,86.52393201107,
    -0.673493621646));
#860 = VECTOR('',#861,1.);
#861 = DIRECTION('',(0.,-1.,-0.));
#862 = ORIENTED_EDGE('',*,*,#863,.F.);
#863 = EDGE_CURVE('',#815,#856,#864,.T.);
#864 = B_SPLINE_CURVE_WITH_KNOTS('',4,(#865,#866,#867,#868,#869),
  .UNSPECIFIED.,.F.,.F.,(5,5),(0.,0.261799991622),
  .PIECEWISE_BEZIER_KNOTS.);
#865 = CARTESIAN_POINT('',(174.02697057594,86.52393201107,
    1.000157335029E-02));
#866 = CARTESIAN_POINT('',(172.71410902064,86.52393201107,
    1.000202401497E-02));
#867 = CARTESIAN_POINT('',(171.40123051887,86.52393201107,-0.10456827681
    ));
#868 = CARTESIAN_POINT('',(170.10343427241,86.523932011069,
    -0.333699717136));
#869 = CARTESIAN_POINT('',(168.83530747834,86.52393201107,
    -0.673493621646));
#870 = CYLINDRICAL_SURFACE('',#871,20.05899976);
#871 = AXIS2_PLACEMENT_3D('',#872,#873,#874);
#872 = CARTESIAN_POINT('',(174.02696369031,89.97393319107,
    -20.04899818664));
#873 = DIRECTION('',(0.,-1.,-0.));
#874 = DIRECTION('',(-0.,-0.,1.));
#875 = ADVANCED_FACE('',(#876),#887,.T.);
#876 = FACE_BOUND('',#877,.T.);
#877 = EDGE_LOOP('',(#878,#879,#880,#881));
#878 = ORIENTED_EDGE('',*,*,#779,.T.);
#879 = ORIENTED_EDGE('',*,*,#830,.T.);
#880 = ORIENTED_EDGE('',*,*,#845,.F.);
#881 = ORIENTED_EDGE('',*,*,#882,.F.);
#882 = EDGE_CURVE('',#780,#846,#883,.T.);
#883 = LINE('',#884,#885);
#884 = CARTESIAN_POINT('',(168.85316577688,69.02393201107,
    -0.740141629673));
#885 = VECTOR('',#886,1.);
#886 = DIRECTION('',(-0.258819296779,0.,0.965925758853));
#887 = PLANE('',#888);
#888 = AXIS2_PLACEMENT_3D('',#889,#890,#891);
#889 = CARTESIAN_POINT('',(171.42180497586,69.02393201107,
    -0.260846843057));
#890 = DIRECTION('',(8.844171255433E-15,-1.,-2.690594547421E-14));
#891 = DIRECTION('',(0.,2.690594547421E-14,-1.));
#892 = ADVANCED_FACE('',(#893),#904,.T.);
#893 = FACE_BOUND('',#894,.T.);
#894 = EDGE_LOOP('',(#895,#896,#897,#898));
#895 = ORIENTED_EDGE('',*,*,#789,.T.);
#896 = ORIENTED_EDGE('',*,*,#882,.T.);
#897 = ORIENTED_EDGE('',*,*,#855,.F.);
#898 = ORIENTED_EDGE('',*,*,#899,.F.);
#899 = EDGE_CURVE('',#790,#856,#900,.T.);
#900 = LINE('',#901,#902);
#901 = CARTESIAN_POINT('',(168.85316577688,86.52393201107,
    -0.740141629673));
#902 = VECTOR('',#903,1.);
#903 = DIRECTION('',(-0.258819296778,0.,0.965925758853));
#904 = PLANE('',#905);
#905 = AXIS2_PLACEMENT_3D('',#906,#907,#908);
#906 = CARTESIAN_POINT('',(168.84423662761,77.77393201107,-0.70681762566
    ));
#907 = DIRECTION('',(-0.965925758853,-3.308384661601E-18,-0.258819296778
    ));
#908 = DIRECTION('',(0.258819296778,9.629649721936E-35,-0.965925758853)
  );
#909 = ADVANCED_FACE('',(#910),#916,.T.);
#910 = FACE_BOUND('',#911,.T.);
#911 = EDGE_LOOP('',(#912,#913,#914,#915));
#912 = ORIENTED_EDGE('',*,*,#797,.T.);
#913 = ORIENTED_EDGE('',*,*,#899,.T.);
#914 = ORIENTED_EDGE('',*,*,#863,.F.);
#915 = ORIENTED_EDGE('',*,*,#814,.F.);
#916 = PLANE('',#917);
#917 = AXIS2_PLACEMENT_3D('',#918,#919,#920);
#918 = CARTESIAN_POINT('',(171.42180497586,86.52393201107,
    -0.260846843057));
#919 = DIRECTION('',(-3.330480941112E-14,1.,-2.893035936916E-14));
#920 = DIRECTION('',(1.,3.330480941112E-14,0.));
#921 = ( GEOMETRIC_REPRESENTATION_CONTEXT(3) 
GLOBAL_UNCERTAINTY_ASSIGNED_CONTEXT((#925)) GLOBAL_UNIT_ASSIGNED_CONTEXT
((#922,#923,#924)) REPRESENTATION_CONTEXT('Context #1',
  '3D Context with UNIT and UNCERTAINTY') );
#922 = ( LENGTH_UNIT() NAMED_UNIT(*) SI_UNIT(.MILLI.,.METRE.) );
#923 = ( NAMED_UNIT(*) PLANE_ANGLE_UNIT() SI_UNIT($,.RADIAN.) );
#924 = ( NAMED_UNIT(*) SI_UNIT($,.STERADIAN.) SOLID_ANGLE_UNIT() );
#925 = UNCERTAINTY_MEASURE_WITH_UNIT(LENGTH_MEASURE(1.E-05),#922,
  'distance_accuracy_value','confusion accuracy');
#926 = SHAPE_DEFINITION_REPRESENTATION(#927,#762);
#927 = PRODUCT_DEFINITION_SHAPE('','',#928);
#928 = PRODUCT_DEFINITION('design','',#929,#932);
#929 = PRODUCT_DEFINITION_FORMATION('','',#930);
#930 = PRODUCT('Open CASCADE STEP translator 7.5 1.1.5',
  'Open CASCADE STEP translator 7.5 1.1.5','',(#931));
#931 = PRODUCT_CONTEXT('',#2,'mechanical');
#932 = PRODUCT_DEFINITION_CONTEXT('part definition',#2,'design');
#933 = CONTEXT_DEPENDENT_SHAPE_REPRESENTATION(#934,#936);
#934 = ( REPRESENTATION_RELATIONSHIP('','',#762,#32) 
REPRESENTATION_RELATIONSHIP_WITH_TRANSFORMATION(#935) 
SHAPE_REPRESENTATION_RELATIONSHIP() );
#935 = ITEM_DEFINED_TRANSFORMATION('','',#11,#49);
#936 = PRODUCT_DEFINITION_SHAPE('Placement','Placement of an item',#937
  );
#937 = NEXT_ASSEMBLY_USAGE_OCCURRENCE('5','','',#27,#928,$);
#938 = PRODUCT_RELATED_PRODUCT_CATEGORY('part',$,(#930));
#939 = ADVANCED_BREP_SHAPE_REPRESENTATION('',(#11,#940),#3796);
#940 = MANIFOLD_SOLID_BREP('',#941);
#941 = CLOSED_SHELL('',(#942,#1638,#1669,#2356,#2373,#2390,#2407,#2424,
    #2441,#2458,#2475,#2492,#2509,#2526,#2543,#2560,#2577,#2594,#2611,
    #2628,#2645,#2662,#2679,#2696,#2713,#2730,#2747,#2764,#2781,#2798,
    #2815,#2832,#2849,#2866,#2883,#2900,#2917,#2934,#2951,#2968,#2985,
    #3002,#3019,#3036,#3053,#3070,#3087,#3104,#3121,#3138,#3155,#3172,
    #3189,#3206,#3223,#3240,#3257,#3274,#3291,#3308,#3325,#3342,#3359,
    #3376,#3393,#3410,#3427,#3444,#3461,#3478,#3495,#3512,#3529,#3546,
    #3563,#3580,#3597,#3614,#3631,#3648,#3665,#3682,#3699,#3716,#3733,
    #3750,#3767,#3784));
#942 = ADVANCED_FACE('',(#943),#1633,.F.);
#943 = FACE_BOUND('',#944,.T.);
#944 = EDGE_LOOP('',(#945,#955,#963,#971,#979,#987,#995,#1003,#1011,
    #1019,#1027,#1035,#1043,#1051,#1059,#1067,#1075,#1083,#1091,#1099,
    #1107,#1115,#1123,#1131,#1139,#1147,#1155,#1163,#1171,#1179,#1187,
    #1195,#1203,#1211,#1219,#1227,#1235,#1243,#1251,#1259,#1267,#1275,
    #1283,#1291,#1299,#1307,#1315,#1323,#1331,#1339,#1347,#1355,#1363,
    #1371,#1379,#1387,#1395,#1403,#1411,#1419,#1427,#1435,#1443,#1451,
    #1459,#1467,#1475,#1483,#1491,#1499,#1507,#1515,#1523,#1531,#1539,
    #1547,#1555,#1563,#1571,#1579,#1587,#1595,#1603,#1611,#1619,#1627));
#945 = ORIENTED_EDGE('',*,*,#946,.T.);
#946 = EDGE_CURVE('',#947,#949,#951,.T.);
#947 = VERTEX_POINT('',#948);
#948 = CARTESIAN_POINT('',(150.80886474154,69.023933673876,
    -53.88969815506));
#949 = VERTEX_POINT('',#950);
#950 = CARTESIAN_POINT('',(140.75415473997,69.023933673876,
    -50.23008359378));
#951 = LINE('',#952,#953);
#952 = CARTESIAN_POINT('',(150.80886474154,69.023933673876,
    -53.88969815506));
#953 = VECTOR('',#954,1.);
#954 = DIRECTION('',(-0.939692638612,0.,0.342020094348));
#955 = ORIENTED_EDGE('',*,*,#956,.T.);
#956 = EDGE_CURVE('',#949,#957,#959,.T.);
#957 = VERTEX_POINT('',#958);
#958 = CARTESIAN_POINT('',(140.75415473997,86.523931530341,
    -50.23008359379));
#959 = LINE('',#960,#961);
#960 = CARTESIAN_POINT('',(140.75415473997,69.023933673876,
    -50.23008359379));
#961 = VECTOR('',#962,1.);
#962 = DIRECTION('',(-5.028999601784E-34,1.,-1.381706508906E-33));
#963 = ORIENTED_EDGE('',*,*,#964,.T.);
#964 = EDGE_CURVE('',#957,#965,#967,.T.);
#965 = VERTEX_POINT('',#966);
#966 = CARTESIAN_POINT('',(150.80886474154,86.523931530341,
    -53.88969815506));
#967 = LINE('',#968,#969);
#968 = CARTESIAN_POINT('',(140.75415473997,86.523931530341,
    -50.23008359379));
#969 = VECTOR('',#970,1.);
#970 = DIRECTION('',(0.939692638612,0.,-0.342020094348));
#971 = ORIENTED_EDGE('',*,*,#972,.T.);
#972 = EDGE_CURVE('',#965,#973,#975,.T.);
#973 = VERTEX_POINT('',#974);
#974 = CARTESIAN_POINT('',(150.85584936772,86.523931530341,
    -53.90679915768));
#975 = LINE('',#976,#977);
#976 = CARTESIAN_POINT('',(150.80886474154,86.523931530341,
    -53.88969815506));
#977 = VECTOR('',#978,1.);
#978 = DIRECTION('',(0.939692638612,0.,-0.342020094348));
#979 = ORIENTED_EDGE('',*,*,#980,.T.);
#980 = EDGE_CURVE('',#973,#981,#983,.T.);
#981 = VERTEX_POINT('',#982);
#982 = CARTESIAN_POINT('',(150.94230107988,86.485931534996,
    -53.9382650025));
#983 = LINE('',#984,#985);
#984 = CARTESIAN_POINT('',(150.85584936772,86.523931530341,
    -53.90679915768));
#985 = VECTOR('',#986,1.);
#986 = DIRECTION('',(0.868521658626,-0.38176015442,-0.316115980291));
#987 = ORIENTED_EDGE('',*,*,#988,.T.);
#988 = EDGE_CURVE('',#981,#989,#991,.T.);
#989 = VERTEX_POINT('',#990);
#990 = CARTESIAN_POINT('',(151.00807955653,86.41593154357,
    -53.96220640618));
#991 = LINE('',#992,#993);
#992 = CARTESIAN_POINT('',(150.94230107988,86.485931534996,
    -53.9382650025));
#993 = VECTOR('',#994,1.);
#994 = DIRECTION('',(0.664463036994,-0.707106781187,-0.241844728016));
#995 = ORIENTED_EDGE('',*,*,#996,.T.);
#996 = EDGE_CURVE('',#989,#997,#999,.T.);
#997 = VERTEX_POINT('',#998);
#998 = CARTESIAN_POINT('',(151.04378787242,86.323931554839,
    -53.97520316817));
#999 = LINE('',#1000,#1001);
#1000 = CARTESIAN_POINT('',(151.00807955653,86.41593154357,
    -53.96220640618));
#1001 = VECTOR('',#1002,1.);
#1002 = DIRECTION('',(0.358737206824,-0.92426142649,-0.130569644033));
#1003 = ORIENTED_EDGE('',*,*,#1004,.T.);
#1004 = EDGE_CURVE('',#997,#1005,#1007,.T.);
#1005 = VERTEX_POINT('',#1006);
#1006 = CARTESIAN_POINT('',(151.04378787242,86.273931560963,
    -53.97520316817));
#1007 = LINE('',#1008,#1009);
#1008 = CARTESIAN_POINT('',(151.04378787242,86.323931554839,
    -53.97520316817));
#1009 = VECTOR('',#1010,1.);
#1010 = DIRECTION('',(5.028999601784E-34,-1.,1.381706508906E-33));
#1011 = ORIENTED_EDGE('',*,*,#1012,.T.);
#1012 = EDGE_CURVE('',#1005,#1013,#1015,.T.);
#1013 = VERTEX_POINT('',#1014);
#1014 = CARTESIAN_POINT('',(151.04378787242,84.273931805939,
    -53.97520316817));
#1015 = LINE('',#1016,#1017);
#1016 = CARTESIAN_POINT('',(151.04378787242,86.273931560963,
    -53.97520316817));
#1017 = VECTOR('',#1018,1.);
#1018 = DIRECTION('',(5.028999601784E-34,-1.,1.381706508906E-33));
#1019 = ORIENTED_EDGE('',*,*,#1020,.T.);
#1020 = EDGE_CURVE('',#1013,#1021,#1023,.T.);
#1021 = VERTEX_POINT('',#1022);
#1022 = CARTESIAN_POINT('',(151.04378787242,84.223931812063,
    -53.97520316817));
#1023 = LINE('',#1024,#1025);
#1024 = CARTESIAN_POINT('',(151.04378787242,84.273931805939,
    -53.97520316817));
#1025 = VECTOR('',#1026,1.);
#1026 = DIRECTION('',(5.028999601784E-34,-1.,1.381706508906E-33));
#1027 = ORIENTED_EDGE('',*,*,#1028,.T.);
#1028 = EDGE_CURVE('',#1021,#1029,#1031,.T.);
#1029 = VERTEX_POINT('',#1030);
#1030 = CARTESIAN_POINT('',(151.00807955653,84.131931823332,
    -53.96220640618));
#1031 = LINE('',#1032,#1033);
#1032 = CARTESIAN_POINT('',(151.04378787242,84.223931812063,
    -53.97520316817));
#1033 = VECTOR('',#1034,1.);
#1034 = DIRECTION('',(-0.358737206824,-0.92426142649,0.130569644033));
#1035 = ORIENTED_EDGE('',*,*,#1036,.T.);
#1036 = EDGE_CURVE('',#1029,#1037,#1039,.T.);
#1037 = VERTEX_POINT('',#1038);
#1038 = CARTESIAN_POINT('',(150.94230107988,84.061931831906,
    -53.9382650025));
#1039 = LINE('',#1040,#1041);
#1040 = CARTESIAN_POINT('',(151.00807955653,84.131931823332,
    -53.96220640618));
#1041 = VECTOR('',#1042,1.);
#1042 = DIRECTION('',(-0.664463036994,-0.707106781187,0.241844728016));
#1043 = ORIENTED_EDGE('',*,*,#1044,.T.);
#1044 = EDGE_CURVE('',#1037,#1045,#1047,.T.);
#1045 = VERTEX_POINT('',#1046);
#1046 = CARTESIAN_POINT('',(150.85584936772,84.02393183656,
    -53.90679915768));
#1047 = LINE('',#1048,#1049);
#1048 = CARTESIAN_POINT('',(150.94230107988,84.061931831906,
    -53.9382650025));
#1049 = VECTOR('',#1050,1.);
#1050 = DIRECTION('',(-0.868521658626,-0.38176015442,0.316115980291));
#1051 = ORIENTED_EDGE('',*,*,#1052,.T.);
#1052 = EDGE_CURVE('',#1045,#1053,#1055,.T.);
#1053 = VERTEX_POINT('',#1054);
#1054 = CARTESIAN_POINT('',(150.80886474154,84.02393183656,
    -53.88969815506));
#1055 = LINE('',#1056,#1057);
#1056 = CARTESIAN_POINT('',(150.85584936772,84.02393183656,
    -53.90679915768));
#1057 = VECTOR('',#1058,1.);
#1058 = DIRECTION('',(-0.939692638612,0.,0.342020094348));
#1059 = ORIENTED_EDGE('',*,*,#1060,.T.);
#1060 = EDGE_CURVE('',#1053,#1061,#1063,.T.);
#1061 = VERTEX_POINT('',#1062);
#1062 = CARTESIAN_POINT('',(144.70086333872,84.02393183656,
    -51.6665678141));
#1063 = LINE('',#1064,#1065);
#1064 = CARTESIAN_POINT('',(150.80886474154,84.02393183656,
    -53.88969815506));
#1065 = VECTOR('',#1066,1.);
#1066 = DIRECTION('',(-0.939692638612,0.,0.342020094348));
#1067 = ORIENTED_EDGE('',*,*,#1068,.T.);
#1068 = EDGE_CURVE('',#1061,#1069,#1071,.T.);
#1069 = VERTEX_POINT('',#1070);
#1070 = CARTESIAN_POINT('',(144.65481840507,84.018931837173,
    -51.64980883153));
#1071 = LINE('',#1072,#1073);
#1072 = CARTESIAN_POINT('',(144.70086333872,84.02393183656,
    -51.6665678141));
#1073 = VECTOR('',#1074,1.);
#1074 = DIRECTION('',(-0.934838320377,-0.101513688013,0.34025326729));
#1075 = ORIENTED_EDGE('',*,*,#1076,.T.);
#1076 = EDGE_CURVE('',#1069,#1077,#1079,.T.);
#1077 = VERTEX_POINT('',#1078);
#1078 = CARTESIAN_POINT('',(144.57024607795,83.981931841705,
    -51.61902702681));
#1079 = LINE('',#1080,#1081);
#1080 = CARTESIAN_POINT('',(144.65481840507,84.018931837173,
    -51.64980883153));
#1081 = VECTOR('',#1082,1.);
#1082 = DIRECTION('',(-0.86911305962,-0.380232877156,0.316331232614));
#1083 = ORIENTED_EDGE('',*,*,#1084,.T.);
#1084 = EDGE_CURVE('',#1077,#1085,#1087,.T.);
#1085 = VERTEX_POINT('',#1086);
#1086 = CARTESIAN_POINT('',(144.50540729383,83.912931850157,
    -51.59542764319));
#1087 = LINE('',#1088,#1089);
#1088 = CARTESIAN_POINT('',(144.57024607795,83.981931841705,
    -51.61902702681));
#1089 = VECTOR('',#1090,1.);
#1090 = DIRECTION('',(-0.664463036994,-0.707106781187,0.241844728016));
#1091 = ORIENTED_EDGE('',*,*,#1092,.T.);
#1092 = EDGE_CURVE('',#1085,#1093,#1095,.T.);
#1093 = VERTEX_POINT('',#1094);
#1094 = CARTESIAN_POINT('',(144.47063867046,83.822931861181,
    -51.58277290125));
#1095 = LINE('',#1096,#1097);
#1096 = CARTESIAN_POINT('',(144.50540729383,83.912931850157,
    -51.59542764319));
#1097 = VECTOR('',#1098,1.);
#1098 = DIRECTION('',(-0.357302035622,-0.924890782271,0.130047284519));
#1099 = ORIENTED_EDGE('',*,*,#1100,.T.);
#1100 = EDGE_CURVE('',#1093,#1101,#1103,.T.);
#1101 = VERTEX_POINT('',#1102);
#1102 = CARTESIAN_POINT('',(144.46594020784,83.773931867182,
    -51.58106280098));
#1103 = LINE('',#1104,#1105);
#1104 = CARTESIAN_POINT('',(144.47063867046,83.82293186118,
    -51.58277290125));
#1105 = VECTOR('',#1106,1.);
#1106 = DIRECTION('',(-9.539166534456E-02,-0.994834142531,
    3.4719721152E-02));
#1107 = ORIENTED_EDGE('',*,*,#1108,.T.);
#1108 = EDGE_CURVE('',#1101,#1109,#1111,.T.);
#1109 = VERTEX_POINT('',#1110);
#1110 = CARTESIAN_POINT('',(144.46594020784,81.773932112158,
    -51.58106280098));
#1111 = LINE('',#1112,#1113);
#1112 = CARTESIAN_POINT('',(144.46594020784,83.773931867182,
    -51.58106280098));
#1113 = VECTOR('',#1114,1.);
#1114 = DIRECTION('',(5.028999601784E-34,-1.,1.381706508906E-33));
#1115 = ORIENTED_EDGE('',*,*,#1116,.T.);
#1116 = EDGE_CURVE('',#1109,#1117,#1119,.T.);
#1117 = VERTEX_POINT('',#1118);
#1118 = CARTESIAN_POINT('',(144.47063867046,81.72493211816,
    -51.58277290125));
#1119 = LINE('',#1120,#1121);
#1120 = CARTESIAN_POINT('',(144.46594020784,81.773932112158,
    -51.58106280098));
#1121 = VECTOR('',#1122,1.);
#1122 = DIRECTION('',(9.539166534455E-02,-0.994834142531,
    -3.4719721152E-02));
#1123 = ORIENTED_EDGE('',*,*,#1124,.T.);
#1124 = EDGE_CURVE('',#1117,#1125,#1127,.T.);
#1125 = VERTEX_POINT('',#1126);
#1126 = CARTESIAN_POINT('',(144.50540729383,81.634932129184,
    -51.59542764319));
#1127 = LINE('',#1128,#1129);
#1128 = CARTESIAN_POINT('',(144.47063867046,81.72493211816,
    -51.58277290125));
#1129 = VECTOR('',#1130,1.);
#1130 = DIRECTION('',(0.357302035622,-0.924890782271,-0.130047284519));
#1131 = ORIENTED_EDGE('',*,*,#1132,.T.);
#1132 = EDGE_CURVE('',#1125,#1133,#1135,.T.);
#1133 = VERTEX_POINT('',#1134);
#1134 = CARTESIAN_POINT('',(144.57024607795,81.565932137635,
    -51.61902702681));
#1135 = LINE('',#1136,#1137);
#1136 = CARTESIAN_POINT('',(144.50540729383,81.634932129184,
    -51.59542764319));
#1137 = VECTOR('',#1138,1.);
#1138 = DIRECTION('',(0.664463036994,-0.707106781187,-0.241844728016));
#1139 = ORIENTED_EDGE('',*,*,#1140,.T.);
#1140 = EDGE_CURVE('',#1133,#1141,#1143,.T.);
#1141 = VERTEX_POINT('',#1142);
#1142 = CARTESIAN_POINT('',(144.65481840507,81.528932142167,
    -51.64980883153));
#1143 = LINE('',#1144,#1145);
#1144 = CARTESIAN_POINT('',(144.57024607795,81.565932137635,
    -51.61902702681));
#1145 = VECTOR('',#1146,1.);
#1146 = DIRECTION('',(0.86911305962,-0.380232877156,-0.316331232614));
#1147 = ORIENTED_EDGE('',*,*,#1148,.T.);
#1148 = EDGE_CURVE('',#1141,#1149,#1151,.T.);
#1149 = VERTEX_POINT('',#1150);
#1150 = CARTESIAN_POINT('',(144.70086333872,81.52393214278,
    -51.6665678141));
#1151 = LINE('',#1152,#1153);
#1152 = CARTESIAN_POINT('',(144.65481840507,81.528932142167,
    -51.64980883153));
#1153 = VECTOR('',#1154,1.);
#1154 = DIRECTION('',(0.934838320377,-0.101513688013,-0.34025326729));
#1155 = ORIENTED_EDGE('',*,*,#1156,.T.);
#1156 = EDGE_CURVE('',#1149,#1157,#1159,.T.);
#1157 = VERTEX_POINT('',#1158);
#1158 = CARTESIAN_POINT('',(150.80886474154,81.52393214278,
    -53.88969815506));
#1159 = LINE('',#1160,#1161);
#1160 = CARTESIAN_POINT('',(144.70086333872,81.52393214278,
    -51.6665678141));
#1161 = VECTOR('',#1162,1.);
#1162 = DIRECTION('',(0.939692638612,0.,-0.342020094348));
#1163 = ORIENTED_EDGE('',*,*,#1164,.T.);
#1164 = EDGE_CURVE('',#1157,#1165,#1167,.T.);
#1165 = VERTEX_POINT('',#1166);
#1166 = CARTESIAN_POINT('',(150.85584936772,81.52393214278,
    -53.90679915768));
#1167 = LINE('',#1168,#1169);
#1168 = CARTESIAN_POINT('',(150.80886474154,81.52393214278,
    -53.88969815506));
#1169 = VECTOR('',#1170,1.);
#1170 = DIRECTION('',(0.939692638612,0.,-0.342020094348));
#1171 = ORIENTED_EDGE('',*,*,#1172,.T.);
#1172 = EDGE_CURVE('',#1165,#1173,#1175,.T.);
#1173 = VERTEX_POINT('',#1174);
#1174 = CARTESIAN_POINT('',(150.94230107988,81.485932147434,
    -53.9382650025));
#1175 = LINE('',#1176,#1177);
#1176 = CARTESIAN_POINT('',(150.85584936772,81.52393214278,
    -53.90679915768));
#1177 = VECTOR('',#1178,1.);
#1178 = DIRECTION('',(0.868521658626,-0.38176015442,-0.316115980291));
#1179 = ORIENTED_EDGE('',*,*,#1180,.T.);
#1180 = EDGE_CURVE('',#1173,#1181,#1183,.T.);
#1181 = VERTEX_POINT('',#1182);
#1182 = CARTESIAN_POINT('',(151.00807955653,81.415932156008,
    -53.96220640618));
#1183 = LINE('',#1184,#1185);
#1184 = CARTESIAN_POINT('',(150.94230107988,81.485932147434,
    -53.9382650025));
#1185 = VECTOR('',#1186,1.);
#1186 = DIRECTION('',(0.664463036994,-0.707106781187,-0.241844728016));
#1187 = ORIENTED_EDGE('',*,*,#1188,.T.);
#1188 = EDGE_CURVE('',#1181,#1189,#1191,.T.);
#1189 = VERTEX_POINT('',#1190);
#1190 = CARTESIAN_POINT('',(151.04378787242,81.323932167277,
    -53.97520316817));
#1191 = LINE('',#1192,#1193);
#1192 = CARTESIAN_POINT('',(151.00807955653,81.415932156008,
    -53.96220640618));
#1193 = VECTOR('',#1194,1.);
#1194 = DIRECTION('',(0.358737206824,-0.92426142649,-0.130569644033));
#1195 = ORIENTED_EDGE('',*,*,#1196,.T.);
#1196 = EDGE_CURVE('',#1189,#1197,#1199,.T.);
#1197 = VERTEX_POINT('',#1198);
#1198 = CARTESIAN_POINT('',(151.04378787242,81.273932173402,
    -53.97520316817));
#1199 = LINE('',#1200,#1201);
#1200 = CARTESIAN_POINT('',(151.04378787242,81.323932167277,
    -53.97520316817));
#1201 = VECTOR('',#1202,1.);
#1202 = DIRECTION('',(5.028999601784E-34,-1.,1.381706508906E-33));
#1203 = ORIENTED_EDGE('',*,*,#1204,.T.);
#1204 = EDGE_CURVE('',#1197,#1205,#1207,.T.);
#1205 = VERTEX_POINT('',#1206);
#1206 = CARTESIAN_POINT('',(151.04378787242,79.273932418377,
    -53.97520316817));
#1207 = LINE('',#1208,#1209);
#1208 = CARTESIAN_POINT('',(151.04378787242,81.273932173402,
    -53.97520316817));
#1209 = VECTOR('',#1210,1.);
#1210 = DIRECTION('',(5.028999601784E-34,-1.,1.381706508906E-33));
#1211 = ORIENTED_EDGE('',*,*,#1212,.T.);
#1212 = EDGE_CURVE('',#1205,#1213,#1215,.T.);
#1213 = VERTEX_POINT('',#1214);
#1214 = CARTESIAN_POINT('',(151.04378787242,79.223932424501,
    -53.97520316817));
#1215 = LINE('',#1216,#1217);
#1216 = CARTESIAN_POINT('',(151.04378787242,79.273932418377,
    -53.97520316817));
#1217 = VECTOR('',#1218,1.);
#1218 = DIRECTION('',(5.028999601784E-34,-1.,1.381706508906E-33));
#1219 = ORIENTED_EDGE('',*,*,#1220,.T.);
#1220 = EDGE_CURVE('',#1213,#1221,#1223,.T.);
#1221 = VERTEX_POINT('',#1222);
#1222 = CARTESIAN_POINT('',(151.00807955653,79.13193243577,
    -53.96220640618));
#1223 = LINE('',#1224,#1225);
#1224 = CARTESIAN_POINT('',(151.04378787242,79.223932424501,
    -53.97520316817));
#1225 = VECTOR('',#1226,1.);
#1226 = DIRECTION('',(-0.358737206824,-0.92426142649,0.130569644033));
#1227 = ORIENTED_EDGE('',*,*,#1228,.T.);
#1228 = EDGE_CURVE('',#1221,#1229,#1231,.T.);
#1229 = VERTEX_POINT('',#1230);
#1230 = CARTESIAN_POINT('',(150.94230107988,79.061932444344,
    -53.9382650025));
#1231 = LINE('',#1232,#1233);
#1232 = CARTESIAN_POINT('',(151.00807955653,79.13193243577,
    -53.96220640618));
#1233 = VECTOR('',#1234,1.);
#1234 = DIRECTION('',(-0.664463036994,-0.707106781187,0.241844728016));
#1235 = ORIENTED_EDGE('',*,*,#1236,.T.);
#1236 = EDGE_CURVE('',#1229,#1237,#1239,.T.);
#1237 = VERTEX_POINT('',#1238);
#1238 = CARTESIAN_POINT('',(150.85584936772,79.023932448999,
    -53.90679915768));
#1239 = LINE('',#1240,#1241);
#1240 = CARTESIAN_POINT('',(150.94230107988,79.061932444344,
    -53.9382650025));
#1241 = VECTOR('',#1242,1.);
#1242 = DIRECTION('',(-0.868521658626,-0.38176015442,0.316115980291));
#1243 = ORIENTED_EDGE('',*,*,#1244,.T.);
#1244 = EDGE_CURVE('',#1237,#1245,#1247,.T.);
#1245 = VERTEX_POINT('',#1246);
#1246 = CARTESIAN_POINT('',(150.80886474154,79.023932448999,
    -53.88969815506));
#1247 = LINE('',#1248,#1249);
#1248 = CARTESIAN_POINT('',(150.85584936772,79.023932448999,
    -53.90679915768));
#1249 = VECTOR('',#1250,1.);
#1250 = DIRECTION('',(-0.939692638612,0.,0.342020094348));
#1251 = ORIENTED_EDGE('',*,*,#1252,.T.);
#1252 = EDGE_CURVE('',#1245,#1253,#1255,.T.);
#1253 = VERTEX_POINT('',#1254);
#1254 = CARTESIAN_POINT('',(144.70086333872,79.023932448999,
    -51.6665678141));
#1255 = LINE('',#1256,#1257);
#1256 = CARTESIAN_POINT('',(150.80886474154,79.023932448999,
    -53.88969815506));
#1257 = VECTOR('',#1258,1.);
#1258 = DIRECTION('',(-0.939692638612,0.,0.342020094348));
#1259 = ORIENTED_EDGE('',*,*,#1260,.T.);
#1260 = EDGE_CURVE('',#1253,#1261,#1263,.T.);
#1261 = VERTEX_POINT('',#1262);
#1262 = CARTESIAN_POINT('',(144.65481840507,79.018932449611,
    -51.64980883153));
#1263 = LINE('',#1264,#1265);
#1264 = CARTESIAN_POINT('',(144.70086333872,79.023932448999,
    -51.6665678141));
#1265 = VECTOR('',#1266,1.);
#1266 = DIRECTION('',(-0.934838320377,-0.101513688013,0.34025326729));
#1267 = ORIENTED_EDGE('',*,*,#1268,.T.);
#1268 = EDGE_CURVE('',#1261,#1269,#1271,.T.);
#1269 = VERTEX_POINT('',#1270);
#1270 = CARTESIAN_POINT('',(144.57024607795,78.981932454143,
    -51.61902702681));
#1271 = LINE('',#1272,#1273);
#1272 = CARTESIAN_POINT('',(144.65481840507,79.018932449611,
    -51.64980883153));
#1273 = VECTOR('',#1274,1.);
#1274 = DIRECTION('',(-0.86911305962,-0.380232877156,0.316331232614));
#1275 = ORIENTED_EDGE('',*,*,#1276,.T.);
#1276 = EDGE_CURVE('',#1269,#1277,#1279,.T.);
#1277 = VERTEX_POINT('',#1278);
#1278 = CARTESIAN_POINT('',(144.50540729383,78.912932462595,
    -51.59542764319));
#1279 = LINE('',#1280,#1281);
#1280 = CARTESIAN_POINT('',(144.57024607795,78.981932454143,
    -51.61902702681));
#1281 = VECTOR('',#1282,1.);
#1282 = DIRECTION('',(-0.664463036994,-0.707106781187,0.241844728016));
#1283 = ORIENTED_EDGE('',*,*,#1284,.T.);
#1284 = EDGE_CURVE('',#1277,#1285,#1287,.T.);
#1285 = VERTEX_POINT('',#1286);
#1286 = CARTESIAN_POINT('',(144.47063867046,78.822932473619,
    -51.58277290125));
#1287 = LINE('',#1288,#1289);
#1288 = CARTESIAN_POINT('',(144.50540729383,78.912932462595,
    -51.59542764319));
#1289 = VECTOR('',#1290,1.);
#1290 = DIRECTION('',(-0.357302035622,-0.924890782271,0.130047284519));
#1291 = ORIENTED_EDGE('',*,*,#1292,.T.);
#1292 = EDGE_CURVE('',#1285,#1293,#1295,.T.);
#1293 = VERTEX_POINT('',#1294);
#1294 = CARTESIAN_POINT('',(144.46594020784,78.773932479621,
    -51.58106280098));
#1295 = LINE('',#1296,#1297);
#1296 = CARTESIAN_POINT('',(144.47063867046,78.822932473619,
    -51.58277290125));
#1297 = VECTOR('',#1298,1.);
#1298 = DIRECTION('',(-9.539166534456E-02,-0.994834142531,
    3.4719721152E-02));
#1299 = ORIENTED_EDGE('',*,*,#1300,.T.);
#1300 = EDGE_CURVE('',#1293,#1301,#1303,.T.);
#1301 = VERTEX_POINT('',#1302);
#1302 = CARTESIAN_POINT('',(144.46594020784,76.773932724596,
    -51.58106280098));
#1303 = LINE('',#1304,#1305);
#1304 = CARTESIAN_POINT('',(144.46594020784,78.773932479621,
    -51.58106280098));
#1305 = VECTOR('',#1306,1.);
#1306 = DIRECTION('',(5.028999601784E-34,-1.,1.381706508906E-33));
#1307 = ORIENTED_EDGE('',*,*,#1308,.T.);
#1308 = EDGE_CURVE('',#1301,#1309,#1311,.T.);
#1309 = VERTEX_POINT('',#1310);
#1310 = CARTESIAN_POINT('',(144.47063867046,76.724932730598,
    -51.58277290125));
#1311 = LINE('',#1312,#1313);
#1312 = CARTESIAN_POINT('',(144.46594020784,76.773932724596,
    -51.58106280098));
#1313 = VECTOR('',#1314,1.);
#1314 = DIRECTION('',(9.539166534456E-02,-0.994834142531,
    -3.4719721152E-02));
#1315 = ORIENTED_EDGE('',*,*,#1316,.T.);
#1316 = EDGE_CURVE('',#1309,#1317,#1319,.T.);
#1317 = VERTEX_POINT('',#1318);
#1318 = CARTESIAN_POINT('',(144.50540729383,76.634932741622,
    -51.59542764319));
#1319 = LINE('',#1320,#1321);
#1320 = CARTESIAN_POINT('',(144.47063867046,76.724932730598,
    -51.58277290125));
#1321 = VECTOR('',#1322,1.);
#1322 = DIRECTION('',(0.357302035622,-0.924890782271,-0.130047284519));
#1323 = ORIENTED_EDGE('',*,*,#1324,.T.);
#1324 = EDGE_CURVE('',#1317,#1325,#1327,.T.);
#1325 = VERTEX_POINT('',#1326);
#1326 = CARTESIAN_POINT('',(144.57024607795,76.565932750074,
    -51.61902702681));
#1327 = LINE('',#1328,#1329);
#1328 = CARTESIAN_POINT('',(144.50540729383,76.634932741622,
    -51.59542764319));
#1329 = VECTOR('',#1330,1.);
#1330 = DIRECTION('',(0.664463036994,-0.707106781187,-0.241844728016));
#1331 = ORIENTED_EDGE('',*,*,#1332,.T.);
#1332 = EDGE_CURVE('',#1325,#1333,#1335,.T.);
#1333 = VERTEX_POINT('',#1334);
#1334 = CARTESIAN_POINT('',(144.65481840507,76.528932754606,
    -51.64980883153));
#1335 = LINE('',#1336,#1337);
#1336 = CARTESIAN_POINT('',(144.57024607795,76.565932750074,
    -51.61902702681));
#1337 = VECTOR('',#1338,1.);
#1338 = DIRECTION('',(0.86911305962,-0.380232877156,-0.316331232614));
#1339 = ORIENTED_EDGE('',*,*,#1340,.T.);
#1340 = EDGE_CURVE('',#1333,#1341,#1343,.T.);
#1341 = VERTEX_POINT('',#1342);
#1342 = CARTESIAN_POINT('',(144.70086333872,76.523932755218,
    -51.6665678141));
#1343 = LINE('',#1344,#1345);
#1344 = CARTESIAN_POINT('',(144.65481840507,76.528932754606,
    -51.64980883153));
#1345 = VECTOR('',#1346,1.);
#1346 = DIRECTION('',(0.934838320377,-0.101513688013,-0.34025326729));
#1347 = ORIENTED_EDGE('',*,*,#1348,.T.);
#1348 = EDGE_CURVE('',#1341,#1349,#1351,.T.);
#1349 = VERTEX_POINT('',#1350);
#1350 = CARTESIAN_POINT('',(150.80886474154,76.523932755218,
    -53.88969815506));
#1351 = LINE('',#1352,#1353);
#1352 = CARTESIAN_POINT('',(144.70086333872,76.523932755218,
    -51.6665678141));
#1353 = VECTOR('',#1354,1.);
#1354 = DIRECTION('',(0.939692638612,0.,-0.342020094348));
#1355 = ORIENTED_EDGE('',*,*,#1356,.T.);
#1356 = EDGE_CURVE('',#1349,#1357,#1359,.T.);
#1357 = VERTEX_POINT('',#1358);
#1358 = CARTESIAN_POINT('',(150.85584936772,76.523932755218,
    -53.90679915768));
#1359 = LINE('',#1360,#1361);
#1360 = CARTESIAN_POINT('',(150.80886474154,76.523932755218,
    -53.88969815506));
#1361 = VECTOR('',#1362,1.);
#1362 = DIRECTION('',(0.939692638612,0.,-0.342020094348));
#1363 = ORIENTED_EDGE('',*,*,#1364,.T.);
#1364 = EDGE_CURVE('',#1357,#1365,#1367,.T.);
#1365 = VERTEX_POINT('',#1366);
#1366 = CARTESIAN_POINT('',(150.94230107988,76.485932759873,
    -53.9382650025));
#1367 = LINE('',#1368,#1369);
#1368 = CARTESIAN_POINT('',(150.85584936772,76.523932755218,
    -53.90679915768));
#1369 = VECTOR('',#1370,1.);
#1370 = DIRECTION('',(0.868521658626,-0.38176015442,-0.316115980291));
#1371 = ORIENTED_EDGE('',*,*,#1372,.T.);
#1372 = EDGE_CURVE('',#1365,#1373,#1375,.T.);
#1373 = VERTEX_POINT('',#1374);
#1374 = CARTESIAN_POINT('',(151.00807955653,76.415932768447,
    -53.96220640618));
#1375 = LINE('',#1376,#1377);
#1376 = CARTESIAN_POINT('',(150.94230107988,76.485932759873,
    -53.9382650025));
#1377 = VECTOR('',#1378,1.);
#1378 = DIRECTION('',(0.664463036994,-0.707106781187,-0.241844728016));
#1379 = ORIENTED_EDGE('',*,*,#1380,.T.);
#1380 = EDGE_CURVE('',#1373,#1381,#1383,.T.);
#1381 = VERTEX_POINT('',#1382);
#1382 = CARTESIAN_POINT('',(151.04378787242,76.323932779716,
    -53.97520316817));
#1383 = LINE('',#1384,#1385);
#1384 = CARTESIAN_POINT('',(151.00807955653,76.415932768447,
    -53.96220640618));
#1385 = VECTOR('',#1386,1.);
#1386 = DIRECTION('',(0.358737206824,-0.92426142649,-0.130569644033));
#1387 = ORIENTED_EDGE('',*,*,#1388,.T.);
#1388 = EDGE_CURVE('',#1381,#1389,#1391,.T.);
#1389 = VERTEX_POINT('',#1390);
#1390 = CARTESIAN_POINT('',(151.04378787242,76.27393278584,
    -53.97520316817));
#1391 = LINE('',#1392,#1393);
#1392 = CARTESIAN_POINT('',(151.04378787242,76.323932779716,
    -53.97520316817));
#1393 = VECTOR('',#1394,1.);
#1394 = DIRECTION('',(5.028999601784E-34,-1.,1.381706508906E-33));
#1395 = ORIENTED_EDGE('',*,*,#1396,.T.);
#1396 = EDGE_CURVE('',#1389,#1397,#1399,.T.);
#1397 = VERTEX_POINT('',#1398);
#1398 = CARTESIAN_POINT('',(151.04378787242,74.273933030815,
    -53.97520316817));
#1399 = LINE('',#1400,#1401);
#1400 = CARTESIAN_POINT('',(151.04378787242,76.27393278584,
    -53.97520316817));
#1401 = VECTOR('',#1402,1.);
#1402 = DIRECTION('',(5.028999601784E-34,-1.,1.381706508906E-33));
#1403 = ORIENTED_EDGE('',*,*,#1404,.T.);
#1404 = EDGE_CURVE('',#1397,#1405,#1407,.T.);
#1405 = VERTEX_POINT('',#1406);
#1406 = CARTESIAN_POINT('',(151.04378787242,74.22393303694,
    -53.97520316817));
#1407 = LINE('',#1408,#1409);
#1408 = CARTESIAN_POINT('',(151.04378787242,74.273933030815,
    -53.97520316817));
#1409 = VECTOR('',#1410,1.);
#1410 = DIRECTION('',(5.028999601784E-34,-1.,1.381706508906E-33));
#1411 = ORIENTED_EDGE('',*,*,#1412,.T.);
#1412 = EDGE_CURVE('',#1405,#1413,#1415,.T.);
#1413 = VERTEX_POINT('',#1414);
#1414 = CARTESIAN_POINT('',(151.00807955653,74.131933048209,
    -53.96220640618));
#1415 = LINE('',#1416,#1417);
#1416 = CARTESIAN_POINT('',(151.04378787242,74.22393303694,
    -53.97520316817));
#1417 = VECTOR('',#1418,1.);
#1418 = DIRECTION('',(-0.358737206824,-0.92426142649,0.130569644033));
#1419 = ORIENTED_EDGE('',*,*,#1420,.T.);
#1420 = EDGE_CURVE('',#1413,#1421,#1423,.T.);
#1421 = VERTEX_POINT('',#1422);
#1422 = CARTESIAN_POINT('',(150.94230107988,74.061933056783,
    -53.9382650025));
#1423 = LINE('',#1424,#1425);
#1424 = CARTESIAN_POINT('',(151.00807955653,74.131933048209,
    -53.96220640618));
#1425 = VECTOR('',#1426,1.);
#1426 = DIRECTION('',(-0.664463036994,-0.707106781187,0.241844728016));
#1427 = ORIENTED_EDGE('',*,*,#1428,.T.);
#1428 = EDGE_CURVE('',#1421,#1429,#1431,.T.);
#1429 = VERTEX_POINT('',#1430);
#1430 = CARTESIAN_POINT('',(150.85584936772,74.023933061437,
    -53.90679915768));
#1431 = LINE('',#1432,#1433);
#1432 = CARTESIAN_POINT('',(150.94230107988,74.061933056783,
    -53.9382650025));
#1433 = VECTOR('',#1434,1.);
#1434 = DIRECTION('',(-0.868521658626,-0.38176015442,0.316115980291));
#1435 = ORIENTED_EDGE('',*,*,#1436,.T.);
#1436 = EDGE_CURVE('',#1429,#1437,#1439,.T.);
#1437 = VERTEX_POINT('',#1438);
#1438 = CARTESIAN_POINT('',(150.80886474154,74.023933061437,
    -53.88969815506));
#1439 = LINE('',#1440,#1441);
#1440 = CARTESIAN_POINT('',(150.85584936772,74.023933061437,
    -53.90679915768));
#1441 = VECTOR('',#1442,1.);
#1442 = DIRECTION('',(-0.939692638612,0.,0.342020094348));
#1443 = ORIENTED_EDGE('',*,*,#1444,.T.);
#1444 = EDGE_CURVE('',#1437,#1445,#1447,.T.);
#1445 = VERTEX_POINT('',#1446);
#1446 = CARTESIAN_POINT('',(144.70086333872,74.023933061437,
    -51.6665678141));
#1447 = LINE('',#1448,#1449);
#1448 = CARTESIAN_POINT('',(150.80886474154,74.023933061437,
    -53.88969815506));
#1449 = VECTOR('',#1450,1.);
#1450 = DIRECTION('',(-0.939692638612,0.,0.342020094348));
#1451 = ORIENTED_EDGE('',*,*,#1452,.T.);
#1452 = EDGE_CURVE('',#1445,#1453,#1455,.T.);
#1453 = VERTEX_POINT('',#1454);
#1454 = CARTESIAN_POINT('',(144.65481840507,74.01893306205,
    -51.64980883153));
#1455 = LINE('',#1456,#1457);
#1456 = CARTESIAN_POINT('',(144.70086333872,74.023933061437,
    -51.6665678141));
#1457 = VECTOR('',#1458,1.);
#1458 = DIRECTION('',(-0.934838320377,-0.101513688013,0.34025326729));
#1459 = ORIENTED_EDGE('',*,*,#1460,.T.);
#1460 = EDGE_CURVE('',#1453,#1461,#1463,.T.);
#1461 = VERTEX_POINT('',#1462);
#1462 = CARTESIAN_POINT('',(144.57024607795,73.981933066582,
    -51.61902702681));
#1463 = LINE('',#1464,#1465);
#1464 = CARTESIAN_POINT('',(144.65481840507,74.01893306205,
    -51.64980883153));
#1465 = VECTOR('',#1466,1.);
#1466 = DIRECTION('',(-0.86911305962,-0.380232877156,0.316331232614));
#1467 = ORIENTED_EDGE('',*,*,#1468,.T.);
#1468 = EDGE_CURVE('',#1461,#1469,#1471,.T.);
#1469 = VERTEX_POINT('',#1470);
#1470 = CARTESIAN_POINT('',(144.50540729383,73.912933075033,
    -51.59542764319));
#1471 = LINE('',#1472,#1473);
#1472 = CARTESIAN_POINT('',(144.57024607795,73.981933066582,
    -51.61902702681));
#1473 = VECTOR('',#1474,1.);
#1474 = DIRECTION('',(-0.664463036994,-0.707106781187,0.241844728016));
#1475 = ORIENTED_EDGE('',*,*,#1476,.T.);
#1476 = EDGE_CURVE('',#1469,#1477,#1479,.T.);
#1477 = VERTEX_POINT('',#1478);
#1478 = CARTESIAN_POINT('',(144.47063867046,73.822933086057,
    -51.58277290125));
#1479 = LINE('',#1480,#1481);
#1480 = CARTESIAN_POINT('',(144.50540729383,73.912933075033,
    -51.59542764319));
#1481 = VECTOR('',#1482,1.);
#1482 = DIRECTION('',(-0.357302035622,-0.924890782271,0.130047284519));
#1483 = ORIENTED_EDGE('',*,*,#1484,.T.);
#1484 = EDGE_CURVE('',#1477,#1485,#1487,.T.);
#1485 = VERTEX_POINT('',#1486);
#1486 = CARTESIAN_POINT('',(144.46594020784,73.773933092059,
    -51.58106280098));
#1487 = LINE('',#1488,#1489);
#1488 = CARTESIAN_POINT('',(144.47063867046,73.822933086057,
    -51.58277290125));
#1489 = VECTOR('',#1490,1.);
#1490 = DIRECTION('',(-9.539166534456E-02,-0.994834142531,
    3.4719721152E-02));
#1491 = ORIENTED_EDGE('',*,*,#1492,.T.);
#1492 = EDGE_CURVE('',#1485,#1493,#1495,.T.);
#1493 = VERTEX_POINT('',#1494);
#1494 = CARTESIAN_POINT('',(144.46594020784,71.773933337034,
    -51.58106280098));
#1495 = LINE('',#1496,#1497);
#1496 = CARTESIAN_POINT('',(144.46594020784,73.773933092059,
    -51.58106280098));
#1497 = VECTOR('',#1498,1.);
#1498 = DIRECTION('',(5.028999601784E-34,-1.,1.381706508906E-33));
#1499 = ORIENTED_EDGE('',*,*,#1500,.T.);
#1500 = EDGE_CURVE('',#1493,#1501,#1503,.T.);
#1501 = VERTEX_POINT('',#1502);
#1502 = CARTESIAN_POINT('',(144.47063867046,71.724933343036,
    -51.58277290125));
#1503 = LINE('',#1504,#1505);
#1504 = CARTESIAN_POINT('',(144.46594020784,71.773933337034,
    -51.58106280098));
#1505 = VECTOR('',#1506,1.);
#1506 = DIRECTION('',(9.539166534456E-02,-0.994834142531,
    -3.4719721152E-02));
#1507 = ORIENTED_EDGE('',*,*,#1508,.T.);
#1508 = EDGE_CURVE('',#1501,#1509,#1511,.T.);
#1509 = VERTEX_POINT('',#1510);
#1510 = CARTESIAN_POINT('',(144.50540729383,71.63493335406,
    -51.59542764319));
#1511 = LINE('',#1512,#1513);
#1512 = CARTESIAN_POINT('',(144.47063867046,71.724933343036,
    -51.58277290125));
#1513 = VECTOR('',#1514,1.);
#1514 = DIRECTION('',(0.357302035622,-0.924890782271,-0.130047284519));
#1515 = ORIENTED_EDGE('',*,*,#1516,.T.);
#1516 = EDGE_CURVE('',#1509,#1517,#1519,.T.);
#1517 = VERTEX_POINT('',#1518);
#1518 = CARTESIAN_POINT('',(144.57024607795,71.565933362512,
    -51.61902702681));
#1519 = LINE('',#1520,#1521);
#1520 = CARTESIAN_POINT('',(144.50540729383,71.63493335406,
    -51.59542764319));
#1521 = VECTOR('',#1522,1.);
#1522 = DIRECTION('',(0.664463036994,-0.707106781187,-0.241844728016));
#1523 = ORIENTED_EDGE('',*,*,#1524,.T.);
#1524 = EDGE_CURVE('',#1517,#1525,#1527,.T.);
#1525 = VERTEX_POINT('',#1526);
#1526 = CARTESIAN_POINT('',(144.65481840507,71.528933367044,
    -51.64980883153));
#1527 = LINE('',#1528,#1529);
#1528 = CARTESIAN_POINT('',(144.57024607795,71.565933362512,
    -51.61902702681));
#1529 = VECTOR('',#1530,1.);
#1530 = DIRECTION('',(0.86911305962,-0.380232877156,-0.316331232614));
#1531 = ORIENTED_EDGE('',*,*,#1532,.T.);
#1532 = EDGE_CURVE('',#1525,#1533,#1535,.T.);
#1533 = VERTEX_POINT('',#1534);
#1534 = CARTESIAN_POINT('',(144.70086333872,71.523933367656,
    -51.6665678141));
#1535 = LINE('',#1536,#1537);
#1536 = CARTESIAN_POINT('',(144.65481840507,71.528933367044,
    -51.64980883153));
#1537 = VECTOR('',#1538,1.);
#1538 = DIRECTION('',(0.934838320377,-0.101513688013,-0.34025326729));
#1539 = ORIENTED_EDGE('',*,*,#1540,.T.);
#1540 = EDGE_CURVE('',#1533,#1541,#1543,.T.);
#1541 = VERTEX_POINT('',#1542);
#1542 = CARTESIAN_POINT('',(150.80886474154,71.523933367656,
    -53.88969815506));
#1543 = LINE('',#1544,#1545);
#1544 = CARTESIAN_POINT('',(144.70086333872,71.523933367656,
    -51.6665678141));
#1545 = VECTOR('',#1546,1.);
#1546 = DIRECTION('',(0.939692638612,0.,-0.342020094348));
#1547 = ORIENTED_EDGE('',*,*,#1548,.T.);
#1548 = EDGE_CURVE('',#1541,#1549,#1551,.T.);
#1549 = VERTEX_POINT('',#1550);
#1550 = CARTESIAN_POINT('',(150.85584936772,71.523933367656,
    -53.90679915768));
#1551 = LINE('',#1552,#1553);
#1552 = CARTESIAN_POINT('',(150.80886474154,71.523933367656,
    -53.88969815506));
#1553 = VECTOR('',#1554,1.);
#1554 = DIRECTION('',(0.939692638612,0.,-0.342020094348));
#1555 = ORIENTED_EDGE('',*,*,#1556,.T.);
#1556 = EDGE_CURVE('',#1549,#1557,#1559,.T.);
#1557 = VERTEX_POINT('',#1558);
#1558 = CARTESIAN_POINT('',(150.94230107988,71.485933372311,
    -53.9382650025));
#1559 = LINE('',#1560,#1561);
#1560 = CARTESIAN_POINT('',(150.85584936772,71.523933367656,
    -53.90679915768));
#1561 = VECTOR('',#1562,1.);
#1562 = DIRECTION('',(0.868521658626,-0.38176015442,-0.316115980291));
#1563 = ORIENTED_EDGE('',*,*,#1564,.T.);
#1564 = EDGE_CURVE('',#1557,#1565,#1567,.T.);
#1565 = VERTEX_POINT('',#1566);
#1566 = CARTESIAN_POINT('',(151.00807955653,71.415933380885,
    -53.96220640618));
#1567 = LINE('',#1568,#1569);
#1568 = CARTESIAN_POINT('',(150.94230107988,71.485933372311,
    -53.9382650025));
#1569 = VECTOR('',#1570,1.);
#1570 = DIRECTION('',(0.664463036994,-0.707106781187,-0.241844728016));
#1571 = ORIENTED_EDGE('',*,*,#1572,.T.);
#1572 = EDGE_CURVE('',#1565,#1573,#1575,.T.);
#1573 = VERTEX_POINT('',#1574);
#1574 = CARTESIAN_POINT('',(151.04378787242,71.323933392154,
    -53.97520316817));
#1575 = LINE('',#1576,#1577);
#1576 = CARTESIAN_POINT('',(151.00807955653,71.415933380885,
    -53.96220640618));
#1577 = VECTOR('',#1578,1.);
#1578 = DIRECTION('',(0.358737206824,-0.92426142649,-0.130569644033));
#1579 = ORIENTED_EDGE('',*,*,#1580,.T.);
#1580 = EDGE_CURVE('',#1573,#1581,#1583,.T.);
#1581 = VERTEX_POINT('',#1582);
#1582 = CARTESIAN_POINT('',(151.04378787242,71.273933398278,
    -53.97520316817));
#1583 = LINE('',#1584,#1585);
#1584 = CARTESIAN_POINT('',(151.04378787242,71.323933392154,
    -53.97520316817));
#1585 = VECTOR('',#1586,1.);
#1586 = DIRECTION('',(5.028999601784E-34,-1.,1.381706508906E-33));
#1587 = ORIENTED_EDGE('',*,*,#1588,.T.);
#1588 = EDGE_CURVE('',#1581,#1589,#1591,.T.);
#1589 = VERTEX_POINT('',#1590);
#1590 = CARTESIAN_POINT('',(151.04378787242,69.273933643254,
    -53.97520316817));
#1591 = LINE('',#1592,#1593);
#1592 = CARTESIAN_POINT('',(151.04378787242,71.273933398278,
    -53.97520316817));
#1593 = VECTOR('',#1594,1.);
#1594 = DIRECTION('',(5.028999601784E-34,-1.,1.381706508906E-33));
#1595 = ORIENTED_EDGE('',*,*,#1596,.T.);
#1596 = EDGE_CURVE('',#1589,#1597,#1599,.T.);
#1597 = VERTEX_POINT('',#1598);
#1598 = CARTESIAN_POINT('',(151.04378787242,69.223933649378,
    -53.97520316817));
#1599 = LINE('',#1600,#1601);
#1600 = CARTESIAN_POINT('',(151.04378787242,69.273933643254,
    -53.97520316817));
#1601 = VECTOR('',#1602,1.);
#1602 = DIRECTION('',(5.028999601784E-34,-1.,1.381706508906E-33));
#1603 = ORIENTED_EDGE('',*,*,#1604,.T.);
#1604 = EDGE_CURVE('',#1597,#1605,#1607,.T.);
#1605 = VERTEX_POINT('',#1606);
#1606 = CARTESIAN_POINT('',(151.00807955653,69.131933660647,
    -53.96220640618));
#1607 = LINE('',#1608,#1609);
#1608 = CARTESIAN_POINT('',(151.04378787242,69.223933649378,
    -53.97520316817));
#1609 = VECTOR('',#1610,1.);
#1610 = DIRECTION('',(-0.358737206824,-0.92426142649,0.130569644033));
#1611 = ORIENTED_EDGE('',*,*,#1612,.T.);
#1612 = EDGE_CURVE('',#1605,#1613,#1615,.T.);
#1613 = VERTEX_POINT('',#1614);
#1614 = CARTESIAN_POINT('',(150.94230107988,69.061933669221,
    -53.9382650025));
#1615 = LINE('',#1616,#1617);
#1616 = CARTESIAN_POINT('',(151.00807955653,69.131933660647,
    -53.96220640618));
#1617 = VECTOR('',#1618,1.);
#1618 = DIRECTION('',(-0.664463036994,-0.707106781187,0.241844728016));
#1619 = ORIENTED_EDGE('',*,*,#1620,.T.);
#1620 = EDGE_CURVE('',#1613,#1621,#1623,.T.);
#1621 = VERTEX_POINT('',#1622);
#1622 = CARTESIAN_POINT('',(150.85584936772,69.023933673876,
    -53.90679915768));
#1623 = LINE('',#1624,#1625);
#1624 = CARTESIAN_POINT('',(150.94230107988,69.061933669221,
    -53.9382650025));
#1625 = VECTOR('',#1626,1.);
#1626 = DIRECTION('',(-0.868521658626,-0.38176015442,0.316115980291));
#1627 = ORIENTED_EDGE('',*,*,#1628,.T.);
#1628 = EDGE_CURVE('',#1621,#947,#1629,.T.);
#1629 = LINE('',#1630,#1631);
#1630 = CARTESIAN_POINT('',(150.85584936772,69.023933673876,
    -53.90679915768));
#1631 = VECTOR('',#1632,1.);
#1632 = DIRECTION('',(-0.939692638612,0.,0.342020094348));
#1633 = PLANE('',#1634);
#1634 = AXIS2_PLACEMENT_3D('',#1635,#1636,#1637);
#1635 = CARTESIAN_POINT('',(146.15918637553,77.773932602108,
    -52.19735390536));
#1636 = DIRECTION('',(0.342020094348,1.47038132697E-33,0.939692638612));
#1637 = DIRECTION('',(0.939692638612,-0.,-0.342020094348));
#1638 = ADVANCED_FACE('',(#1639),#1664,.F.);
#1639 = FACE_BOUND('',#1640,.F.);
#1640 = EDGE_LOOP('',(#1641,#1642,#1650,#1658));
#1641 = ORIENTED_EDGE('',*,*,#946,.T.);
#1642 = ORIENTED_EDGE('',*,*,#1643,.T.);
#1643 = EDGE_CURVE('',#949,#1644,#1646,.T.);
#1644 = VERTEX_POINT('',#1645);
#1645 = CARTESIAN_POINT('',(140.83682752936,69.023933673876,
    -50.0029419349));
#1646 = LINE('',#1647,#1648);
#1647 = CARTESIAN_POINT('',(140.75415473997,69.023933673876,
    -50.23008359378));
#1648 = VECTOR('',#1649,1.);
#1649 = DIRECTION('',(0.342020094348,0.,0.939692638612));
#1650 = ORIENTED_EDGE('',*,*,#1651,.F.);
#1651 = EDGE_CURVE('',#1652,#1644,#1654,.T.);
#1652 = VERTEX_POINT('',#1653);
#1653 = CARTESIAN_POINT('',(150.89153753093,69.023933673876,
    -53.66255649617));
#1654 = LINE('',#1655,#1656);
#1655 = CARTESIAN_POINT('',(150.89153753093,69.023933673876,
    -53.66255649617));
#1656 = VECTOR('',#1657,1.);
#1657 = DIRECTION('',(-0.939692638612,0.,0.342020094348));
#1658 = ORIENTED_EDGE('',*,*,#1659,.F.);
#1659 = EDGE_CURVE('',#947,#1652,#1660,.T.);
#1660 = LINE('',#1661,#1662);
#1661 = CARTESIAN_POINT('',(150.80886474154,69.023933673876,
    -53.88969815506));
#1662 = VECTOR('',#1663,1.);
#1663 = DIRECTION('',(0.342020094348,0.,0.939692638612));
#1664 = PLANE('',#1665);
#1665 = AXIS2_PLACEMENT_3D('',#1666,#1667,#1668);
#1666 = CARTESIAN_POINT('',(145.82284613545,69.023933673876,
    -51.94632004498));
#1667 = DIRECTION('',(-4.841312895531E-27,1.,-1.324303378754E-26));
#1668 = DIRECTION('',(0.,1.324303378754E-26,1.));
#1669 = ADVANCED_FACE('',(#1670),#2351,.T.);
#1670 = FACE_BOUND('',#1671,.F.);
#1671 = EDGE_LOOP('',(#1672,#1673,#1681,#1689,#1697,#1705,#1713,#1721,
    #1729,#1737,#1745,#1753,#1761,#1769,#1777,#1785,#1793,#1801,#1809,
    #1817,#1825,#1833,#1841,#1849,#1857,#1865,#1873,#1881,#1889,#1897,
    #1905,#1913,#1921,#1929,#1937,#1945,#1953,#1961,#1969,#1977,#1985,
    #1993,#2001,#2009,#2017,#2025,#2033,#2041,#2049,#2057,#2065,#2073,
    #2081,#2089,#2097,#2105,#2113,#2121,#2129,#2137,#2145,#2153,#2161,
    #2169,#2177,#2185,#2193,#2201,#2209,#2217,#2225,#2233,#2241,#2249,
    #2257,#2265,#2273,#2281,#2289,#2297,#2305,#2313,#2321,#2329,#2337,
    #2345));
#1672 = ORIENTED_EDGE('',*,*,#1651,.T.);
#1673 = ORIENTED_EDGE('',*,*,#1674,.T.);
#1674 = EDGE_CURVE('',#1644,#1675,#1677,.T.);
#1675 = VERTEX_POINT('',#1676);
#1676 = CARTESIAN_POINT('',(140.83682752936,86.523931530341,
    -50.0029419349));
#1677 = LINE('',#1678,#1679);
#1678 = CARTESIAN_POINT('',(140.83682752936,69.023933673876,
    -50.0029419349));
#1679 = VECTOR('',#1680,1.);
#1680 = DIRECTION('',(-5.028999601784E-34,1.,-1.381706508906E-33));
#1681 = ORIENTED_EDGE('',*,*,#1682,.T.);
#1682 = EDGE_CURVE('',#1675,#1683,#1685,.T.);
#1683 = VERTEX_POINT('',#1684);
#1684 = CARTESIAN_POINT('',(150.89153753093,86.523931530341,
    -53.66255649617));
#1685 = LINE('',#1686,#1687);
#1686 = CARTESIAN_POINT('',(140.83682752936,86.523931530341,
    -50.0029419349));
#1687 = VECTOR('',#1688,1.);
#1688 = DIRECTION('',(0.939692638612,0.,-0.342020094348));
#1689 = ORIENTED_EDGE('',*,*,#1690,.T.);
#1690 = EDGE_CURVE('',#1683,#1691,#1693,.T.);
#1691 = VERTEX_POINT('',#1692);
#1692 = CARTESIAN_POINT('',(150.9385221571,86.523931530341,
    -53.6796574988));
#1693 = LINE('',#1694,#1695);
#1694 = CARTESIAN_POINT('',(150.89153753093,86.523931530341,
    -53.66255649617));
#1695 = VECTOR('',#1696,1.);
#1696 = DIRECTION('',(0.939692638612,0.,-0.342020094348));
#1697 = ORIENTED_EDGE('',*,*,#1698,.T.);
#1698 = EDGE_CURVE('',#1691,#1699,#1701,.T.);
#1699 = VERTEX_POINT('',#1700);
#1700 = CARTESIAN_POINT('',(151.02497386927,86.485931534996,
    -53.71112334362));
#1701 = LINE('',#1702,#1703);
#1702 = CARTESIAN_POINT('',(150.9385221571,86.523931530341,
    -53.6796574988));
#1703 = VECTOR('',#1704,1.);
#1704 = DIRECTION('',(0.868521658626,-0.38176015442,-0.316115980291));
#1705 = ORIENTED_EDGE('',*,*,#1706,.T.);
#1706 = EDGE_CURVE('',#1699,#1707,#1709,.T.);
#1707 = VERTEX_POINT('',#1708);
#1708 = CARTESIAN_POINT('',(151.09075234591,86.41593154357,
    -53.73506474729));
#1709 = LINE('',#1710,#1711);
#1710 = CARTESIAN_POINT('',(151.02497386927,86.485931534996,
    -53.71112334362));
#1711 = VECTOR('',#1712,1.);
#1712 = DIRECTION('',(0.664463036994,-0.707106781187,-0.241844728016));
#1713 = ORIENTED_EDGE('',*,*,#1714,.T.);
#1714 = EDGE_CURVE('',#1707,#1715,#1717,.T.);
#1715 = VERTEX_POINT('',#1716);
#1716 = CARTESIAN_POINT('',(151.12646066181,86.323931554839,
    -53.74806150929));
#1717 = LINE('',#1718,#1719);
#1718 = CARTESIAN_POINT('',(151.09075234591,86.41593154357,
    -53.73506474729));
#1719 = VECTOR('',#1720,1.);
#1720 = DIRECTION('',(0.358737206824,-0.92426142649,-0.130569644033));
#1721 = ORIENTED_EDGE('',*,*,#1722,.T.);
#1722 = EDGE_CURVE('',#1715,#1723,#1725,.T.);
#1723 = VERTEX_POINT('',#1724);
#1724 = CARTESIAN_POINT('',(151.12646066181,86.273931560963,
    -53.74806150929));
#1725 = LINE('',#1726,#1727);
#1726 = CARTESIAN_POINT('',(151.12646066181,86.323931554839,
    -53.74806150929));
#1727 = VECTOR('',#1728,1.);
#1728 = DIRECTION('',(5.028999601784E-34,-1.,1.381706508906E-33));
#1729 = ORIENTED_EDGE('',*,*,#1730,.T.);
#1730 = EDGE_CURVE('',#1723,#1731,#1733,.T.);
#1731 = VERTEX_POINT('',#1732);
#1732 = CARTESIAN_POINT('',(151.12646066181,84.273931805939,
    -53.74806150929));
#1733 = LINE('',#1734,#1735);
#1734 = CARTESIAN_POINT('',(151.12646066181,86.273931560963,
    -53.74806150929));
#1735 = VECTOR('',#1736,1.);
#1736 = DIRECTION('',(5.028999601784E-34,-1.,1.381706508906E-33));
#1737 = ORIENTED_EDGE('',*,*,#1738,.T.);
#1738 = EDGE_CURVE('',#1731,#1739,#1741,.T.);
#1739 = VERTEX_POINT('',#1740);
#1740 = CARTESIAN_POINT('',(151.12646066181,84.223931812063,
    -53.74806150929));
#1741 = LINE('',#1742,#1743);
#1742 = CARTESIAN_POINT('',(151.12646066181,84.273931805939,
    -53.74806150929));
#1743 = VECTOR('',#1744,1.);
#1744 = DIRECTION('',(5.028999601784E-34,-1.,1.381706508906E-33));
#1745 = ORIENTED_EDGE('',*,*,#1746,.T.);
#1746 = EDGE_CURVE('',#1739,#1747,#1749,.T.);
#1747 = VERTEX_POINT('',#1748);
#1748 = CARTESIAN_POINT('',(151.09075234591,84.131931823332,
    -53.73506474729));
#1749 = LINE('',#1750,#1751);
#1750 = CARTESIAN_POINT('',(151.12646066181,84.223931812063,
    -53.74806150929));
#1751 = VECTOR('',#1752,1.);
#1752 = DIRECTION('',(-0.358737206824,-0.92426142649,0.130569644033));
#1753 = ORIENTED_EDGE('',*,*,#1754,.T.);
#1754 = EDGE_CURVE('',#1747,#1755,#1757,.T.);
#1755 = VERTEX_POINT('',#1756);
#1756 = CARTESIAN_POINT('',(151.02497386927,84.061931831906,
    -53.71112334362));
#1757 = LINE('',#1758,#1759);
#1758 = CARTESIAN_POINT('',(151.09075234591,84.131931823332,
    -53.73506474729));
#1759 = VECTOR('',#1760,1.);
#1760 = DIRECTION('',(-0.664463036994,-0.707106781187,0.241844728016));
#1761 = ORIENTED_EDGE('',*,*,#1762,.T.);
#1762 = EDGE_CURVE('',#1755,#1763,#1765,.T.);
#1763 = VERTEX_POINT('',#1764);
#1764 = CARTESIAN_POINT('',(150.9385221571,84.02393183656,-53.6796574988
    ));
#1765 = LINE('',#1766,#1767);
#1766 = CARTESIAN_POINT('',(151.02497386927,84.061931831906,
    -53.71112334362));
#1767 = VECTOR('',#1768,1.);
#1768 = DIRECTION('',(-0.868521658626,-0.38176015442,0.316115980291));
#1769 = ORIENTED_EDGE('',*,*,#1770,.T.);
#1770 = EDGE_CURVE('',#1763,#1771,#1773,.T.);
#1771 = VERTEX_POINT('',#1772);
#1772 = CARTESIAN_POINT('',(150.89153753093,84.02393183656,
    -53.66255649617));
#1773 = LINE('',#1774,#1775);
#1774 = CARTESIAN_POINT('',(150.9385221571,84.02393183656,-53.6796574988
    ));
#1775 = VECTOR('',#1776,1.);
#1776 = DIRECTION('',(-0.939692638612,0.,0.342020094348));
#1777 = ORIENTED_EDGE('',*,*,#1778,.T.);
#1778 = EDGE_CURVE('',#1771,#1779,#1781,.T.);
#1779 = VERTEX_POINT('',#1780);
#1780 = CARTESIAN_POINT('',(144.78353612811,84.02393183656,
    -51.43942615521));
#1781 = LINE('',#1782,#1783);
#1782 = CARTESIAN_POINT('',(150.89153753093,84.02393183656,
    -53.66255649617));
#1783 = VECTOR('',#1784,1.);
#1784 = DIRECTION('',(-0.939692638612,0.,0.342020094348));
#1785 = ORIENTED_EDGE('',*,*,#1786,.T.);
#1786 = EDGE_CURVE('',#1779,#1787,#1789,.T.);
#1787 = VERTEX_POINT('',#1788);
#1788 = CARTESIAN_POINT('',(144.73749119445,84.018931837173,
    -51.42266717264));
#1789 = LINE('',#1790,#1791);
#1790 = CARTESIAN_POINT('',(144.78353612811,84.02393183656,
    -51.43942615521));
#1791 = VECTOR('',#1792,1.);
#1792 = DIRECTION('',(-0.934838320377,-0.101513688013,0.34025326729));
#1793 = ORIENTED_EDGE('',*,*,#1794,.T.);
#1794 = EDGE_CURVE('',#1787,#1795,#1797,.T.);
#1795 = VERTEX_POINT('',#1796);
#1796 = CARTESIAN_POINT('',(144.65291886734,83.981931841705,
    -51.39188536792));
#1797 = LINE('',#1798,#1799);
#1798 = CARTESIAN_POINT('',(144.73749119445,84.018931837173,
    -51.42266717264));
#1799 = VECTOR('',#1800,1.);
#1800 = DIRECTION('',(-0.86911305962,-0.380232877156,0.316331232614));
#1801 = ORIENTED_EDGE('',*,*,#1802,.T.);
#1802 = EDGE_CURVE('',#1795,#1803,#1805,.T.);
#1803 = VERTEX_POINT('',#1804);
#1804 = CARTESIAN_POINT('',(144.58808008321,83.912931850157,
    -51.3682859843));
#1805 = LINE('',#1806,#1807);
#1806 = CARTESIAN_POINT('',(144.65291886734,83.981931841705,
    -51.39188536792));
#1807 = VECTOR('',#1808,1.);
#1808 = DIRECTION('',(-0.664463036994,-0.707106781187,0.241844728016));
#1809 = ORIENTED_EDGE('',*,*,#1810,.T.);
#1810 = EDGE_CURVE('',#1803,#1811,#1813,.T.);
#1811 = VERTEX_POINT('',#1812);
#1812 = CARTESIAN_POINT('',(144.55331145984,83.822931861181,
    -51.35563124236));
#1813 = LINE('',#1814,#1815);
#1814 = CARTESIAN_POINT('',(144.58808008321,83.912931850157,
    -51.3682859843));
#1815 = VECTOR('',#1816,1.);
#1816 = DIRECTION('',(-0.357302035622,-0.924890782271,0.130047284519));
#1817 = ORIENTED_EDGE('',*,*,#1818,.T.);
#1818 = EDGE_CURVE('',#1811,#1819,#1821,.T.);
#1819 = VERTEX_POINT('',#1820);
#1820 = CARTESIAN_POINT('',(144.54861299723,83.773931867182,
    -51.3539211421));
#1821 = LINE('',#1822,#1823);
#1822 = CARTESIAN_POINT('',(144.55331145984,83.82293186118,
    -51.35563124236));
#1823 = VECTOR('',#1824,1.);
#1824 = DIRECTION('',(-9.539166534456E-02,-0.994834142531,
    3.4719721152E-02));
#1825 = ORIENTED_EDGE('',*,*,#1826,.T.);
#1826 = EDGE_CURVE('',#1819,#1827,#1829,.T.);
#1827 = VERTEX_POINT('',#1828);
#1828 = CARTESIAN_POINT('',(144.54861299723,81.773932112158,
    -51.3539211421));
#1829 = LINE('',#1830,#1831);
#1830 = CARTESIAN_POINT('',(144.54861299723,83.773931867182,
    -51.3539211421));
#1831 = VECTOR('',#1832,1.);
#1832 = DIRECTION('',(5.028999601784E-34,-1.,1.381706508906E-33));
#1833 = ORIENTED_EDGE('',*,*,#1834,.T.);
#1834 = EDGE_CURVE('',#1827,#1835,#1837,.T.);
#1835 = VERTEX_POINT('',#1836);
#1836 = CARTESIAN_POINT('',(144.55331145984,81.72493211816,
    -51.35563124236));
#1837 = LINE('',#1838,#1839);
#1838 = CARTESIAN_POINT('',(144.54861299723,81.773932112158,
    -51.3539211421));
#1839 = VECTOR('',#1840,1.);
#1840 = DIRECTION('',(9.539166534455E-02,-0.994834142531,
    -3.4719721152E-02));
#1841 = ORIENTED_EDGE('',*,*,#1842,.T.);
#1842 = EDGE_CURVE('',#1835,#1843,#1845,.T.);
#1843 = VERTEX_POINT('',#1844);
#1844 = CARTESIAN_POINT('',(144.58808008321,81.634932129184,
    -51.3682859843));
#1845 = LINE('',#1846,#1847);
#1846 = CARTESIAN_POINT('',(144.55331145984,81.72493211816,
    -51.35563124236));
#1847 = VECTOR('',#1848,1.);
#1848 = DIRECTION('',(0.357302035622,-0.924890782271,-0.130047284519));
#1849 = ORIENTED_EDGE('',*,*,#1850,.T.);
#1850 = EDGE_CURVE('',#1843,#1851,#1853,.T.);
#1851 = VERTEX_POINT('',#1852);
#1852 = CARTESIAN_POINT('',(144.65291886734,81.565932137635,
    -51.39188536792));
#1853 = LINE('',#1854,#1855);
#1854 = CARTESIAN_POINT('',(144.58808008321,81.634932129184,
    -51.3682859843));
#1855 = VECTOR('',#1856,1.);
#1856 = DIRECTION('',(0.664463036994,-0.707106781187,-0.241844728016));
#1857 = ORIENTED_EDGE('',*,*,#1858,.T.);
#1858 = EDGE_CURVE('',#1851,#1859,#1861,.T.);
#1859 = VERTEX_POINT('',#1860);
#1860 = CARTESIAN_POINT('',(144.73749119445,81.528932142167,
    -51.42266717264));
#1861 = LINE('',#1862,#1863);
#1862 = CARTESIAN_POINT('',(144.65291886734,81.565932137635,
    -51.39188536792));
#1863 = VECTOR('',#1864,1.);
#1864 = DIRECTION('',(0.86911305962,-0.380232877156,-0.316331232614));
#1865 = ORIENTED_EDGE('',*,*,#1866,.T.);
#1866 = EDGE_CURVE('',#1859,#1867,#1869,.T.);
#1867 = VERTEX_POINT('',#1868);
#1868 = CARTESIAN_POINT('',(144.78353612811,81.52393214278,
    -51.43942615521));
#1869 = LINE('',#1870,#1871);
#1870 = CARTESIAN_POINT('',(144.73749119445,81.528932142167,
    -51.42266717264));
#1871 = VECTOR('',#1872,1.);
#1872 = DIRECTION('',(0.934838320377,-0.101513688013,-0.34025326729));
#1873 = ORIENTED_EDGE('',*,*,#1874,.T.);
#1874 = EDGE_CURVE('',#1867,#1875,#1877,.T.);
#1875 = VERTEX_POINT('',#1876);
#1876 = CARTESIAN_POINT('',(150.89153753093,81.52393214278,
    -53.66255649617));
#1877 = LINE('',#1878,#1879);
#1878 = CARTESIAN_POINT('',(144.78353612811,81.52393214278,
    -51.43942615521));
#1879 = VECTOR('',#1880,1.);
#1880 = DIRECTION('',(0.939692638612,0.,-0.342020094348));
#1881 = ORIENTED_EDGE('',*,*,#1882,.T.);
#1882 = EDGE_CURVE('',#1875,#1883,#1885,.T.);
#1883 = VERTEX_POINT('',#1884);
#1884 = CARTESIAN_POINT('',(150.9385221571,81.52393214278,-53.6796574988
    ));
#1885 = LINE('',#1886,#1887);
#1886 = CARTESIAN_POINT('',(150.89153753093,81.52393214278,
    -53.66255649617));
#1887 = VECTOR('',#1888,1.);
#1888 = DIRECTION('',(0.939692638612,0.,-0.342020094348));
#1889 = ORIENTED_EDGE('',*,*,#1890,.T.);
#1890 = EDGE_CURVE('',#1883,#1891,#1893,.T.);
#1891 = VERTEX_POINT('',#1892);
#1892 = CARTESIAN_POINT('',(151.02497386927,81.485932147434,
    -53.71112334362));
#1893 = LINE('',#1894,#1895);
#1894 = CARTESIAN_POINT('',(150.9385221571,81.52393214278,-53.6796574988
    ));
#1895 = VECTOR('',#1896,1.);
#1896 = DIRECTION('',(0.868521658626,-0.38176015442,-0.316115980291));
#1897 = ORIENTED_EDGE('',*,*,#1898,.T.);
#1898 = EDGE_CURVE('',#1891,#1899,#1901,.T.);
#1899 = VERTEX_POINT('',#1900);
#1900 = CARTESIAN_POINT('',(151.09075234591,81.415932156008,
    -53.73506474729));
#1901 = LINE('',#1902,#1903);
#1902 = CARTESIAN_POINT('',(151.02497386927,81.485932147434,
    -53.71112334362));
#1903 = VECTOR('',#1904,1.);
#1904 = DIRECTION('',(0.664463036994,-0.707106781187,-0.241844728016));
#1905 = ORIENTED_EDGE('',*,*,#1906,.T.);
#1906 = EDGE_CURVE('',#1899,#1907,#1909,.T.);
#1907 = VERTEX_POINT('',#1908);
#1908 = CARTESIAN_POINT('',(151.12646066181,81.323932167277,
    -53.74806150929));
#1909 = LINE('',#1910,#1911);
#1910 = CARTESIAN_POINT('',(151.09075234591,81.415932156008,
    -53.73506474729));
#1911 = VECTOR('',#1912,1.);
#1912 = DIRECTION('',(0.358737206824,-0.92426142649,-0.130569644033));
#1913 = ORIENTED_EDGE('',*,*,#1914,.T.);
#1914 = EDGE_CURVE('',#1907,#1915,#1917,.T.);
#1915 = VERTEX_POINT('',#1916);
#1916 = CARTESIAN_POINT('',(151.12646066181,81.273932173402,
    -53.74806150929));
#1917 = LINE('',#1918,#1919);
#1918 = CARTESIAN_POINT('',(151.12646066181,81.323932167277,
    -53.74806150929));
#1919 = VECTOR('',#1920,1.);
#1920 = DIRECTION('',(5.028999601784E-34,-1.,1.381706508906E-33));
#1921 = ORIENTED_EDGE('',*,*,#1922,.T.);
#1922 = EDGE_CURVE('',#1915,#1923,#1925,.T.);
#1923 = VERTEX_POINT('',#1924);
#1924 = CARTESIAN_POINT('',(151.12646066181,79.273932418377,
    -53.74806150929));
#1925 = LINE('',#1926,#1927);
#1926 = CARTESIAN_POINT('',(151.12646066181,81.273932173402,
    -53.74806150929));
#1927 = VECTOR('',#1928,1.);
#1928 = DIRECTION('',(5.028999601784E-34,-1.,1.381706508906E-33));
#1929 = ORIENTED_EDGE('',*,*,#1930,.T.);
#1930 = EDGE_CURVE('',#1923,#1931,#1933,.T.);
#1931 = VERTEX_POINT('',#1932);
#1932 = CARTESIAN_POINT('',(151.12646066181,79.223932424501,
    -53.74806150929));
#1933 = LINE('',#1934,#1935);
#1934 = CARTESIAN_POINT('',(151.12646066181,79.273932418377,
    -53.74806150929));
#1935 = VECTOR('',#1936,1.);
#1936 = DIRECTION('',(5.028999601784E-34,-1.,1.381706508906E-33));
#1937 = ORIENTED_EDGE('',*,*,#1938,.T.);
#1938 = EDGE_CURVE('',#1931,#1939,#1941,.T.);
#1939 = VERTEX_POINT('',#1940);
#1940 = CARTESIAN_POINT('',(151.09075234591,79.13193243577,
    -53.73506474729));
#1941 = LINE('',#1942,#1943);
#1942 = CARTESIAN_POINT('',(151.12646066181,79.223932424501,
    -53.74806150929));
#1943 = VECTOR('',#1944,1.);
#1944 = DIRECTION('',(-0.358737206824,-0.92426142649,0.130569644033));
#1945 = ORIENTED_EDGE('',*,*,#1946,.T.);
#1946 = EDGE_CURVE('',#1939,#1947,#1949,.T.);
#1947 = VERTEX_POINT('',#1948);
#1948 = CARTESIAN_POINT('',(151.02497386927,79.061932444344,
    -53.71112334362));
#1949 = LINE('',#1950,#1951);
#1950 = CARTESIAN_POINT('',(151.09075234591,79.13193243577,
    -53.73506474729));
#1951 = VECTOR('',#1952,1.);
#1952 = DIRECTION('',(-0.664463036994,-0.707106781187,0.241844728016));
#1953 = ORIENTED_EDGE('',*,*,#1954,.T.);
#1954 = EDGE_CURVE('',#1947,#1955,#1957,.T.);
#1955 = VERTEX_POINT('',#1956);
#1956 = CARTESIAN_POINT('',(150.9385221571,79.023932448999,
    -53.6796574988));
#1957 = LINE('',#1958,#1959);
#1958 = CARTESIAN_POINT('',(151.02497386927,79.061932444344,
    -53.71112334362));
#1959 = VECTOR('',#1960,1.);
#1960 = DIRECTION('',(-0.868521658626,-0.38176015442,0.316115980291));
#1961 = ORIENTED_EDGE('',*,*,#1962,.T.);
#1962 = EDGE_CURVE('',#1955,#1963,#1965,.T.);
#1963 = VERTEX_POINT('',#1964);
#1964 = CARTESIAN_POINT('',(150.89153753093,79.023932448999,
    -53.66255649617));
#1965 = LINE('',#1966,#1967);
#1966 = CARTESIAN_POINT('',(150.9385221571,79.023932448999,
    -53.6796574988));
#1967 = VECTOR('',#1968,1.);
#1968 = DIRECTION('',(-0.939692638612,0.,0.342020094348));
#1969 = ORIENTED_EDGE('',*,*,#1970,.T.);
#1970 = EDGE_CURVE('',#1963,#1971,#1973,.T.);
#1971 = VERTEX_POINT('',#1972);
#1972 = CARTESIAN_POINT('',(144.78353612811,79.023932448999,
    -51.43942615521));
#1973 = LINE('',#1974,#1975);
#1974 = CARTESIAN_POINT('',(150.89153753093,79.023932448999,
    -53.66255649617));
#1975 = VECTOR('',#1976,1.);
#1976 = DIRECTION('',(-0.939692638612,0.,0.342020094348));
#1977 = ORIENTED_EDGE('',*,*,#1978,.T.);
#1978 = EDGE_CURVE('',#1971,#1979,#1981,.T.);
#1979 = VERTEX_POINT('',#1980);
#1980 = CARTESIAN_POINT('',(144.73749119445,79.018932449611,
    -51.42266717264));
#1981 = LINE('',#1982,#1983);
#1982 = CARTESIAN_POINT('',(144.78353612811,79.023932448999,
    -51.43942615521));
#1983 = VECTOR('',#1984,1.);
#1984 = DIRECTION('',(-0.934838320377,-0.101513688013,0.34025326729));
#1985 = ORIENTED_EDGE('',*,*,#1986,.T.);
#1986 = EDGE_CURVE('',#1979,#1987,#1989,.T.);
#1987 = VERTEX_POINT('',#1988);
#1988 = CARTESIAN_POINT('',(144.65291886734,78.981932454143,
    -51.39188536792));
#1989 = LINE('',#1990,#1991);
#1990 = CARTESIAN_POINT('',(144.73749119445,79.018932449611,
    -51.42266717264));
#1991 = VECTOR('',#1992,1.);
#1992 = DIRECTION('',(-0.86911305962,-0.380232877156,0.316331232614));
#1993 = ORIENTED_EDGE('',*,*,#1994,.T.);
#1994 = EDGE_CURVE('',#1987,#1995,#1997,.T.);
#1995 = VERTEX_POINT('',#1996);
#1996 = CARTESIAN_POINT('',(144.58808008321,78.912932462595,
    -51.3682859843));
#1997 = LINE('',#1998,#1999);
#1998 = CARTESIAN_POINT('',(144.65291886734,78.981932454143,
    -51.39188536792));
#1999 = VECTOR('',#2000,1.);
#2000 = DIRECTION('',(-0.664463036994,-0.707106781187,0.241844728016));
#2001 = ORIENTED_EDGE('',*,*,#2002,.T.);
#2002 = EDGE_CURVE('',#1995,#2003,#2005,.T.);
#2003 = VERTEX_POINT('',#2004);
#2004 = CARTESIAN_POINT('',(144.55331145984,78.822932473619,
    -51.35563124236));
#2005 = LINE('',#2006,#2007);
#2006 = CARTESIAN_POINT('',(144.58808008321,78.912932462595,
    -51.3682859843));
#2007 = VECTOR('',#2008,1.);
#2008 = DIRECTION('',(-0.357302035622,-0.924890782271,0.130047284519));
#2009 = ORIENTED_EDGE('',*,*,#2010,.T.);
#2010 = EDGE_CURVE('',#2003,#2011,#2013,.T.);
#2011 = VERTEX_POINT('',#2012);
#2012 = CARTESIAN_POINT('',(144.54861299723,78.773932479621,
    -51.3539211421));
#2013 = LINE('',#2014,#2015);
#2014 = CARTESIAN_POINT('',(144.55331145984,78.822932473619,
    -51.35563124236));
#2015 = VECTOR('',#2016,1.);
#2016 = DIRECTION('',(-9.539166534456E-02,-0.994834142531,
    3.4719721152E-02));
#2017 = ORIENTED_EDGE('',*,*,#2018,.T.);
#2018 = EDGE_CURVE('',#2011,#2019,#2021,.T.);
#2019 = VERTEX_POINT('',#2020);
#2020 = CARTESIAN_POINT('',(144.54861299723,76.773932724596,
    -51.3539211421));
#2021 = LINE('',#2022,#2023);
#2022 = CARTESIAN_POINT('',(144.54861299723,78.773932479621,
    -51.3539211421));
#2023 = VECTOR('',#2024,1.);
#2024 = DIRECTION('',(5.028999601784E-34,-1.,1.381706508906E-33));
#2025 = ORIENTED_EDGE('',*,*,#2026,.T.);
#2026 = EDGE_CURVE('',#2019,#2027,#2029,.T.);
#2027 = VERTEX_POINT('',#2028);
#2028 = CARTESIAN_POINT('',(144.55331145984,76.724932730598,
    -51.35563124236));
#2029 = LINE('',#2030,#2031);
#2030 = CARTESIAN_POINT('',(144.54861299723,76.773932724596,
    -51.3539211421));
#2031 = VECTOR('',#2032,1.);
#2032 = DIRECTION('',(9.539166534456E-02,-0.994834142531,
    -3.4719721152E-02));
#2033 = ORIENTED_EDGE('',*,*,#2034,.T.);
#2034 = EDGE_CURVE('',#2027,#2035,#2037,.T.);
#2035 = VERTEX_POINT('',#2036);
#2036 = CARTESIAN_POINT('',(144.58808008321,76.634932741622,
    -51.3682859843));
#2037 = LINE('',#2038,#2039);
#2038 = CARTESIAN_POINT('',(144.55331145984,76.724932730598,
    -51.35563124236));
#2039 = VECTOR('',#2040,1.);
#2040 = DIRECTION('',(0.357302035622,-0.924890782271,-0.130047284519));
#2041 = ORIENTED_EDGE('',*,*,#2042,.T.);
#2042 = EDGE_CURVE('',#2035,#2043,#2045,.T.);
#2043 = VERTEX_POINT('',#2044);
#2044 = CARTESIAN_POINT('',(144.65291886734,76.565932750074,
    -51.39188536792));
#2045 = LINE('',#2046,#2047);
#2046 = CARTESIAN_POINT('',(144.58808008321,76.634932741622,
    -51.3682859843));
#2047 = VECTOR('',#2048,1.);
#2048 = DIRECTION('',(0.664463036994,-0.707106781187,-0.241844728016));
#2049 = ORIENTED_EDGE('',*,*,#2050,.T.);
#2050 = EDGE_CURVE('',#2043,#2051,#2053,.T.);
#2051 = VERTEX_POINT('',#2052);
#2052 = CARTESIAN_POINT('',(144.73749119445,76.528932754606,
    -51.42266717264));
#2053 = LINE('',#2054,#2055);
#2054 = CARTESIAN_POINT('',(144.65291886734,76.565932750074,
    -51.39188536792));
#2055 = VECTOR('',#2056,1.);
#2056 = DIRECTION('',(0.86911305962,-0.380232877156,-0.316331232614));
#2057 = ORIENTED_EDGE('',*,*,#2058,.T.);
#2058 = EDGE_CURVE('',#2051,#2059,#2061,.T.);
#2059 = VERTEX_POINT('',#2060);
#2060 = CARTESIAN_POINT('',(144.78353612811,76.523932755218,
    -51.43942615521));
#2061 = LINE('',#2062,#2063);
#2062 = CARTESIAN_POINT('',(144.73749119445,76.528932754606,
    -51.42266717264));
#2063 = VECTOR('',#2064,1.);
#2064 = DIRECTION('',(0.934838320377,-0.101513688013,-0.34025326729));
#2065 = ORIENTED_EDGE('',*,*,#2066,.T.);
#2066 = EDGE_CURVE('',#2059,#2067,#2069,.T.);
#2067 = VERTEX_POINT('',#2068);
#2068 = CARTESIAN_POINT('',(150.89153753093,76.523932755218,
    -53.66255649617));
#2069 = LINE('',#2070,#2071);
#2070 = CARTESIAN_POINT('',(144.78353612811,76.523932755218,
    -51.43942615521));
#2071 = VECTOR('',#2072,1.);
#2072 = DIRECTION('',(0.939692638612,0.,-0.342020094348));
#2073 = ORIENTED_EDGE('',*,*,#2074,.T.);
#2074 = EDGE_CURVE('',#2067,#2075,#2077,.T.);
#2075 = VERTEX_POINT('',#2076);
#2076 = CARTESIAN_POINT('',(150.9385221571,76.523932755218,
    -53.6796574988));
#2077 = LINE('',#2078,#2079);
#2078 = CARTESIAN_POINT('',(150.89153753093,76.523932755218,
    -53.66255649617));
#2079 = VECTOR('',#2080,1.);
#2080 = DIRECTION('',(0.939692638612,0.,-0.342020094348));
#2081 = ORIENTED_EDGE('',*,*,#2082,.T.);
#2082 = EDGE_CURVE('',#2075,#2083,#2085,.T.);
#2083 = VERTEX_POINT('',#2084);
#2084 = CARTESIAN_POINT('',(151.02497386927,76.485932759873,
    -53.71112334362));
#2085 = LINE('',#2086,#2087);
#2086 = CARTESIAN_POINT('',(150.9385221571,76.523932755218,
    -53.6796574988));
#2087 = VECTOR('',#2088,1.);
#2088 = DIRECTION('',(0.868521658626,-0.38176015442,-0.316115980291));
#2089 = ORIENTED_EDGE('',*,*,#2090,.T.);
#2090 = EDGE_CURVE('',#2083,#2091,#2093,.T.);
#2091 = VERTEX_POINT('',#2092);
#2092 = CARTESIAN_POINT('',(151.09075234591,76.415932768447,
    -53.73506474729));
#2093 = LINE('',#2094,#2095);
#2094 = CARTESIAN_POINT('',(151.02497386927,76.485932759873,
    -53.71112334362));
#2095 = VECTOR('',#2096,1.);
#2096 = DIRECTION('',(0.664463036994,-0.707106781187,-0.241844728016));
#2097 = ORIENTED_EDGE('',*,*,#2098,.T.);
#2098 = EDGE_CURVE('',#2091,#2099,#2101,.T.);
#2099 = VERTEX_POINT('',#2100);
#2100 = CARTESIAN_POINT('',(151.12646066181,76.323932779716,
    -53.74806150929));
#2101 = LINE('',#2102,#2103);
#2102 = CARTESIAN_POINT('',(151.09075234591,76.415932768447,
    -53.73506474729));
#2103 = VECTOR('',#2104,1.);
#2104 = DIRECTION('',(0.358737206824,-0.92426142649,-0.130569644033));
#2105 = ORIENTED_EDGE('',*,*,#2106,.T.);
#2106 = EDGE_CURVE('',#2099,#2107,#2109,.T.);
#2107 = VERTEX_POINT('',#2108);
#2108 = CARTESIAN_POINT('',(151.12646066181,76.27393278584,
    -53.74806150929));
#2109 = LINE('',#2110,#2111);
#2110 = CARTESIAN_POINT('',(151.12646066181,76.323932779716,
    -53.74806150929));
#2111 = VECTOR('',#2112,1.);
#2112 = DIRECTION('',(5.028999601784E-34,-1.,1.381706508906E-33));
#2113 = ORIENTED_EDGE('',*,*,#2114,.T.);
#2114 = EDGE_CURVE('',#2107,#2115,#2117,.T.);
#2115 = VERTEX_POINT('',#2116);
#2116 = CARTESIAN_POINT('',(151.12646066181,74.273933030815,
    -53.74806150929));
#2117 = LINE('',#2118,#2119);
#2118 = CARTESIAN_POINT('',(151.12646066181,76.27393278584,
    -53.74806150929));
#2119 = VECTOR('',#2120,1.);
#2120 = DIRECTION('',(5.028999601784E-34,-1.,1.381706508906E-33));
#2121 = ORIENTED_EDGE('',*,*,#2122,.T.);
#2122 = EDGE_CURVE('',#2115,#2123,#2125,.T.);
#2123 = VERTEX_POINT('',#2124);
#2124 = CARTESIAN_POINT('',(151.12646066181,74.22393303694,
    -53.74806150929));
#2125 = LINE('',#2126,#2127);
#2126 = CARTESIAN_POINT('',(151.12646066181,74.273933030815,
    -53.74806150929));
#2127 = VECTOR('',#2128,1.);
#2128 = DIRECTION('',(5.028999601784E-34,-1.,1.381706508906E-33));
#2129 = ORIENTED_EDGE('',*,*,#2130,.T.);
#2130 = EDGE_CURVE('',#2123,#2131,#2133,.T.);
#2131 = VERTEX_POINT('',#2132);
#2132 = CARTESIAN_POINT('',(151.09075234591,74.131933048209,
    -53.73506474729));
#2133 = LINE('',#2134,#2135);
#2134 = CARTESIAN_POINT('',(151.12646066181,74.22393303694,
    -53.74806150929));
#2135 = VECTOR('',#2136,1.);
#2136 = DIRECTION('',(-0.358737206824,-0.92426142649,0.130569644033));
#2137 = ORIENTED_EDGE('',*,*,#2138,.T.);
#2138 = EDGE_CURVE('',#2131,#2139,#2141,.T.);
#2139 = VERTEX_POINT('',#2140);
#2140 = CARTESIAN_POINT('',(151.02497386927,74.061933056783,
    -53.71112334362));
#2141 = LINE('',#2142,#2143);
#2142 = CARTESIAN_POINT('',(151.09075234591,74.131933048209,
    -53.73506474729));
#2143 = VECTOR('',#2144,1.);
#2144 = DIRECTION('',(-0.664463036994,-0.707106781187,0.241844728016));
#2145 = ORIENTED_EDGE('',*,*,#2146,.T.);
#2146 = EDGE_CURVE('',#2139,#2147,#2149,.T.);
#2147 = VERTEX_POINT('',#2148);
#2148 = CARTESIAN_POINT('',(150.9385221571,74.023933061437,
    -53.6796574988));
#2149 = LINE('',#2150,#2151);
#2150 = CARTESIAN_POINT('',(151.02497386927,74.061933056783,
    -53.71112334362));
#2151 = VECTOR('',#2152,1.);
#2152 = DIRECTION('',(-0.868521658626,-0.38176015442,0.316115980291));
#2153 = ORIENTED_EDGE('',*,*,#2154,.T.);
#2154 = EDGE_CURVE('',#2147,#2155,#2157,.T.);
#2155 = VERTEX_POINT('',#2156);
#2156 = CARTESIAN_POINT('',(150.89153753093,74.023933061437,
    -53.66255649617));
#2157 = LINE('',#2158,#2159);
#2158 = CARTESIAN_POINT('',(150.9385221571,74.023933061437,
    -53.6796574988));
#2159 = VECTOR('',#2160,1.);
#2160 = DIRECTION('',(-0.939692638612,0.,0.342020094348));
#2161 = ORIENTED_EDGE('',*,*,#2162,.T.);
#2162 = EDGE_CURVE('',#2155,#2163,#2165,.T.);
#2163 = VERTEX_POINT('',#2164);
#2164 = CARTESIAN_POINT('',(144.78353612811,74.023933061437,
    -51.43942615521));
#2165 = LINE('',#2166,#2167);
#2166 = CARTESIAN_POINT('',(150.89153753093,74.023933061437,
    -53.66255649617));
#2167 = VECTOR('',#2168,1.);
#2168 = DIRECTION('',(-0.939692638612,0.,0.342020094348));
#2169 = ORIENTED_EDGE('',*,*,#2170,.T.);
#2170 = EDGE_CURVE('',#2163,#2171,#2173,.T.);
#2171 = VERTEX_POINT('',#2172);
#2172 = CARTESIAN_POINT('',(144.73749119445,74.01893306205,
    -51.42266717264));
#2173 = LINE('',#2174,#2175);
#2174 = CARTESIAN_POINT('',(144.78353612811,74.023933061437,
    -51.43942615521));
#2175 = VECTOR('',#2176,1.);
#2176 = DIRECTION('',(-0.934838320377,-0.101513688013,0.34025326729));
#2177 = ORIENTED_EDGE('',*,*,#2178,.T.);
#2178 = EDGE_CURVE('',#2171,#2179,#2181,.T.);
#2179 = VERTEX_POINT('',#2180);
#2180 = CARTESIAN_POINT('',(144.65291886734,73.981933066582,
    -51.39188536792));
#2181 = LINE('',#2182,#2183);
#2182 = CARTESIAN_POINT('',(144.73749119445,74.01893306205,
    -51.42266717264));
#2183 = VECTOR('',#2184,1.);
#2184 = DIRECTION('',(-0.86911305962,-0.380232877156,0.316331232614));
#2185 = ORIENTED_EDGE('',*,*,#2186,.T.);
#2186 = EDGE_CURVE('',#2179,#2187,#2189,.T.);
#2187 = VERTEX_POINT('',#2188);
#2188 = CARTESIAN_POINT('',(144.58808008321,73.912933075033,
    -51.3682859843));
#2189 = LINE('',#2190,#2191);
#2190 = CARTESIAN_POINT('',(144.65291886734,73.981933066582,
    -51.39188536792));
#2191 = VECTOR('',#2192,1.);
#2192 = DIRECTION('',(-0.664463036994,-0.707106781187,0.241844728016));
#2193 = ORIENTED_EDGE('',*,*,#2194,.T.);
#2194 = EDGE_CURVE('',#2187,#2195,#2197,.T.);
#2195 = VERTEX_POINT('',#2196);
#2196 = CARTESIAN_POINT('',(144.55331145984,73.822933086057,
    -51.35563124236));
#2197 = LINE('',#2198,#2199);
#2198 = CARTESIAN_POINT('',(144.58808008321,73.912933075033,
    -51.3682859843));
#2199 = VECTOR('',#2200,1.);
#2200 = DIRECTION('',(-0.357302035622,-0.924890782271,0.130047284519));
#2201 = ORIENTED_EDGE('',*,*,#2202,.T.);
#2202 = EDGE_CURVE('',#2195,#2203,#2205,.T.);
#2203 = VERTEX_POINT('',#2204);
#2204 = CARTESIAN_POINT('',(144.54861299723,73.773933092059,
    -51.3539211421));
#2205 = LINE('',#2206,#2207);
#2206 = CARTESIAN_POINT('',(144.55331145984,73.822933086057,
    -51.35563124236));
#2207 = VECTOR('',#2208,1.);
#2208 = DIRECTION('',(-9.539166534456E-02,-0.994834142531,
    3.4719721152E-02));
#2209 = ORIENTED_EDGE('',*,*,#2210,.T.);
#2210 = EDGE_CURVE('',#2203,#2211,#2213,.T.);
#2211 = VERTEX_POINT('',#2212);
#2212 = CARTESIAN_POINT('',(144.54861299723,71.773933337034,
    -51.3539211421));
#2213 = LINE('',#2214,#2215);
#2214 = CARTESIAN_POINT('',(144.54861299723,73.773933092059,
    -51.3539211421));
#2215 = VECTOR('',#2216,1.);
#2216 = DIRECTION('',(5.028999601784E-34,-1.,1.381706508906E-33));
#2217 = ORIENTED_EDGE('',*,*,#2218,.T.);
#2218 = EDGE_CURVE('',#2211,#2219,#2221,.T.);
#2219 = VERTEX_POINT('',#2220);
#2220 = CARTESIAN_POINT('',(144.55331145984,71.724933343036,
    -51.35563124236));
#2221 = LINE('',#2222,#2223);
#2222 = CARTESIAN_POINT('',(144.54861299723,71.773933337034,
    -51.3539211421));
#2223 = VECTOR('',#2224,1.);
#2224 = DIRECTION('',(9.539166534456E-02,-0.994834142531,
    -3.4719721152E-02));
#2225 = ORIENTED_EDGE('',*,*,#2226,.T.);
#2226 = EDGE_CURVE('',#2219,#2227,#2229,.T.);
#2227 = VERTEX_POINT('',#2228);
#2228 = CARTESIAN_POINT('',(144.58808008321,71.63493335406,
    -51.3682859843));
#2229 = LINE('',#2230,#2231);
#2230 = CARTESIAN_POINT('',(144.55331145984,71.724933343036,
    -51.35563124236));
#2231 = VECTOR('',#2232,1.);
#2232 = DIRECTION('',(0.357302035622,-0.924890782271,-0.130047284519));
#2233 = ORIENTED_EDGE('',*,*,#2234,.T.);
#2234 = EDGE_CURVE('',#2227,#2235,#2237,.T.);
#2235 = VERTEX_POINT('',#2236);
#2236 = CARTESIAN_POINT('',(144.65291886734,71.565933362512,
    -51.39188536792));
#2237 = LINE('',#2238,#2239);
#2238 = CARTESIAN_POINT('',(144.58808008321,71.63493335406,
    -51.3682859843));
#2239 = VECTOR('',#2240,1.);
#2240 = DIRECTION('',(0.664463036994,-0.707106781187,-0.241844728016));
#2241 = ORIENTED_EDGE('',*,*,#2242,.T.);
#2242 = EDGE_CURVE('',#2235,#2243,#2245,.T.);
#2243 = VERTEX_POINT('',#2244);
#2244 = CARTESIAN_POINT('',(144.73749119445,71.528933367044,
    -51.42266717264));
#2245 = LINE('',#2246,#2247);
#2246 = CARTESIAN_POINT('',(144.65291886734,71.565933362512,
    -51.39188536792));
#2247 = VECTOR('',#2248,1.);
#2248 = DIRECTION('',(0.86911305962,-0.380232877156,-0.316331232614));
#2249 = ORIENTED_EDGE('',*,*,#2250,.T.);
#2250 = EDGE_CURVE('',#2243,#2251,#2253,.T.);
#2251 = VERTEX_POINT('',#2252);
#2252 = CARTESIAN_POINT('',(144.78353612811,71.523933367656,
    -51.43942615521));
#2253 = LINE('',#2254,#2255);
#2254 = CARTESIAN_POINT('',(144.73749119445,71.528933367044,
    -51.42266717264));
#2255 = VECTOR('',#2256,1.);
#2256 = DIRECTION('',(0.934838320377,-0.101513688013,-0.34025326729));
#2257 = ORIENTED_EDGE('',*,*,#2258,.T.);
#2258 = EDGE_CURVE('',#2251,#2259,#2261,.T.);
#2259 = VERTEX_POINT('',#2260);
#2260 = CARTESIAN_POINT('',(150.89153753093,71.523933367656,
    -53.66255649617));
#2261 = LINE('',#2262,#2263);
#2262 = CARTESIAN_POINT('',(144.78353612811,71.523933367656,
    -51.43942615521));
#2263 = VECTOR('',#2264,1.);
#2264 = DIRECTION('',(0.939692638612,0.,-0.342020094348));
#2265 = ORIENTED_EDGE('',*,*,#2266,.T.);
#2266 = EDGE_CURVE('',#2259,#2267,#2269,.T.);
#2267 = VERTEX_POINT('',#2268);
#2268 = CARTESIAN_POINT('',(150.9385221571,71.523933367656,
    -53.6796574988));
#2269 = LINE('',#2270,#2271);
#2270 = CARTESIAN_POINT('',(150.89153753093,71.523933367656,
    -53.66255649617));
#2271 = VECTOR('',#2272,1.);
#2272 = DIRECTION('',(0.939692638612,0.,-0.342020094348));
#2273 = ORIENTED_EDGE('',*,*,#2274,.T.);
#2274 = EDGE_CURVE('',#2267,#2275,#2277,.T.);
#2275 = VERTEX_POINT('',#2276);
#2276 = CARTESIAN_POINT('',(151.02497386927,71.485933372311,
    -53.71112334362));
#2277 = LINE('',#2278,#2279);
#2278 = CARTESIAN_POINT('',(150.9385221571,71.523933367656,
    -53.6796574988));
#2279 = VECTOR('',#2280,1.);
#2280 = DIRECTION('',(0.868521658626,-0.38176015442,-0.316115980291));
#2281 = ORIENTED_EDGE('',*,*,#2282,.T.);
#2282 = EDGE_CURVE('',#2275,#2283,#2285,.T.);
#2283 = VERTEX_POINT('',#2284);
#2284 = CARTESIAN_POINT('',(151.09075234591,71.415933380885,
    -53.73506474729));
#2285 = LINE('',#2286,#2287);
#2286 = CARTESIAN_POINT('',(151.02497386927,71.485933372311,
    -53.71112334362));
#2287 = VECTOR('',#2288,1.);
#2288 = DIRECTION('',(0.664463036994,-0.707106781187,-0.241844728016));
#2289 = ORIENTED_EDGE('',*,*,#2290,.T.);
#2290 = EDGE_CURVE('',#2283,#2291,#2293,.T.);
#2291 = VERTEX_POINT('',#2292);
#2292 = CARTESIAN_POINT('',(151.12646066181,71.323933392154,
    -53.74806150929));
#2293 = LINE('',#2294,#2295);
#2294 = CARTESIAN_POINT('',(151.09075234591,71.415933380885,
    -53.73506474729));
#2295 = VECTOR('',#2296,1.);
#2296 = DIRECTION('',(0.358737206824,-0.92426142649,-0.130569644033));
#2297 = ORIENTED_EDGE('',*,*,#2298,.T.);
#2298 = EDGE_CURVE('',#2291,#2299,#2301,.T.);
#2299 = VERTEX_POINT('',#2300);
#2300 = CARTESIAN_POINT('',(151.12646066181,71.273933398278,
    -53.74806150929));
#2301 = LINE('',#2302,#2303);
#2302 = CARTESIAN_POINT('',(151.12646066181,71.323933392154,
    -53.74806150929));
#2303 = VECTOR('',#2304,1.);
#2304 = DIRECTION('',(5.028999601784E-34,-1.,1.381706508906E-33));
#2305 = ORIENTED_EDGE('',*,*,#2306,.T.);
#2306 = EDGE_CURVE('',#2299,#2307,#2309,.T.);
#2307 = VERTEX_POINT('',#2308);
#2308 = CARTESIAN_POINT('',(151.12646066181,69.273933643254,
    -53.74806150929));
#2309 = LINE('',#2310,#2311);
#2310 = CARTESIAN_POINT('',(151.12646066181,71.273933398278,
    -53.74806150929));
#2311 = VECTOR('',#2312,1.);
#2312 = DIRECTION('',(5.028999601784E-34,-1.,1.381706508906E-33));
#2313 = ORIENTED_EDGE('',*,*,#2314,.T.);
#2314 = EDGE_CURVE('',#2307,#2315,#2317,.T.);
#2315 = VERTEX_POINT('',#2316);
#2316 = CARTESIAN_POINT('',(151.12646066181,69.223933649378,
    -53.74806150929));
#2317 = LINE('',#2318,#2319);
#2318 = CARTESIAN_POINT('',(151.12646066181,69.273933643254,
    -53.74806150929));
#2319 = VECTOR('',#2320,1.);
#2320 = DIRECTION('',(5.028999601784E-34,-1.,1.381706508906E-33));
#2321 = ORIENTED_EDGE('',*,*,#2322,.T.);
#2322 = EDGE_CURVE('',#2315,#2323,#2325,.T.);
#2323 = VERTEX_POINT('',#2324);
#2324 = CARTESIAN_POINT('',(151.09075234591,69.131933660647,
    -53.73506474729));
#2325 = LINE('',#2326,#2327);
#2326 = CARTESIAN_POINT('',(151.12646066181,69.223933649378,
    -53.74806150929));
#2327 = VECTOR('',#2328,1.);
#2328 = DIRECTION('',(-0.358737206824,-0.92426142649,0.130569644033));
#2329 = ORIENTED_EDGE('',*,*,#2330,.T.);
#2330 = EDGE_CURVE('',#2323,#2331,#2333,.T.);
#2331 = VERTEX_POINT('',#2332);
#2332 = CARTESIAN_POINT('',(151.02497386927,69.061933669221,
    -53.71112334362));
#2333 = LINE('',#2334,#2335);
#2334 = CARTESIAN_POINT('',(151.09075234591,69.131933660647,
    -53.73506474729));
#2335 = VECTOR('',#2336,1.);
#2336 = DIRECTION('',(-0.664463036994,-0.707106781187,0.241844728016));
#2337 = ORIENTED_EDGE('',*,*,#2338,.T.);
#2338 = EDGE_CURVE('',#2331,#2339,#2341,.T.);
#2339 = VERTEX_POINT('',#2340);
#2340 = CARTESIAN_POINT('',(150.9385221571,69.023933673876,
    -53.6796574988));
#2341 = LINE('',#2342,#2343);
#2342 = CARTESIAN_POINT('',(151.02497386927,69.061933669221,
    -53.71112334362));
#2343 = VECTOR('',#2344,1.);
#2344 = DIRECTION('',(-0.868521658626,-0.38176015442,0.316115980291));
#2345 = ORIENTED_EDGE('',*,*,#2346,.T.);
#2346 = EDGE_CURVE('',#2339,#1652,#2347,.T.);
#2347 = LINE('',#2348,#2349);
#2348 = CARTESIAN_POINT('',(150.9385221571,69.023933673876,
    -53.6796574988));
#2349 = VECTOR('',#2350,1.);
#2350 = DIRECTION('',(-0.939692638612,0.,0.342020094348));
#2351 = PLANE('',#2352);
#2352 = AXIS2_PLACEMENT_3D('',#2353,#2354,#2355);
#2353 = CARTESIAN_POINT('',(146.24185916492,77.773932602108,
    -51.97021224648));
#2354 = DIRECTION('',(0.342020094348,1.47038132697E-33,0.939692638612));
#2355 = DIRECTION('',(0.939692638612,-0.,-0.342020094348));
#2356 = ADVANCED_FACE('',(#2357),#2368,.F.);
#2357 = FACE_BOUND('',#2358,.F.);
#2358 = EDGE_LOOP('',(#2359,#2360,#2361,#2362));
#2359 = ORIENTED_EDGE('',*,*,#1628,.T.);
#2360 = ORIENTED_EDGE('',*,*,#1659,.T.);
#2361 = ORIENTED_EDGE('',*,*,#2346,.F.);
#2362 = ORIENTED_EDGE('',*,*,#2363,.F.);
#2363 = EDGE_CURVE('',#1621,#2339,#2364,.T.);
#2364 = LINE('',#2365,#2366);
#2365 = CARTESIAN_POINT('',(150.85584936772,69.023933673876,
    -53.90679915768));
#2366 = VECTOR('',#2367,1.);
#2367 = DIRECTION('',(0.342020094348,0.,0.939692638612));
#2368 = PLANE('',#2369);
#2369 = AXIS2_PLACEMENT_3D('',#2370,#2371,#2372);
#2370 = CARTESIAN_POINT('',(150.87369344932,69.023933673876,
    -53.78467782693));
#2371 = DIRECTION('',(0.,1.,0.));
#2372 = DIRECTION('',(0.,-0.,1.));
#2373 = ADVANCED_FACE('',(#2374),#2385,.F.);
#2374 = FACE_BOUND('',#2375,.F.);
#2375 = EDGE_LOOP('',(#2376,#2377,#2378,#2379));
#2376 = ORIENTED_EDGE('',*,*,#1620,.T.);
#2377 = ORIENTED_EDGE('',*,*,#2363,.T.);
#2378 = ORIENTED_EDGE('',*,*,#2338,.F.);
#2379 = ORIENTED_EDGE('',*,*,#2380,.F.);
#2380 = EDGE_CURVE('',#1613,#2331,#2381,.T.);
#2381 = LINE('',#2382,#2383);
#2382 = CARTESIAN_POINT('',(150.94230107988,69.061933669221,
    -53.9382650025));
#2383 = VECTOR('',#2384,1.);
#2384 = DIRECTION('',(0.342020094348,0.,0.939692638612));
#2385 = PLANE('',#2386);
#2386 = AXIS2_PLACEMENT_3D('',#2387,#2388,#2389);
#2387 = CARTESIAN_POINT('',(150.94041161849,69.042933671548,
    -53.80896125065));
#2388 = DIRECTION('',(-0.358737206824,0.92426142649,0.130569644033));
#2389 = DIRECTION('',(0.932242221762,0.361834824145,-6.938893903907E-18)
  );
#2390 = ADVANCED_FACE('',(#2391),#2402,.F.);
#2391 = FACE_BOUND('',#2392,.F.);
#2392 = EDGE_LOOP('',(#2393,#2394,#2395,#2396));
#2393 = ORIENTED_EDGE('',*,*,#1612,.T.);
#2394 = ORIENTED_EDGE('',*,*,#2380,.T.);
#2395 = ORIENTED_EDGE('',*,*,#2330,.F.);
#2396 = ORIENTED_EDGE('',*,*,#2397,.F.);
#2397 = EDGE_CURVE('',#1605,#2323,#2398,.T.);
#2398 = LINE('',#2399,#2400);
#2399 = CARTESIAN_POINT('',(151.00807955653,69.131933660647,
    -53.96220640618));
#2400 = VECTOR('',#2401,1.);
#2401 = DIRECTION('',(0.342020094348,0.,0.939692638612));
#2402 = PLANE('',#2403);
#2403 = AXIS2_PLACEMENT_3D('',#2404,#2405,#2406);
#2404 = CARTESIAN_POINT('',(151.0165267129,69.096933664934,
    -53.8366648749));
#2405 = DIRECTION('',(-0.664463036994,0.707106781187,0.241844728016));
#2406 = DIRECTION('',(0.728739438336,0.684791085671,0.));
#2407 = ADVANCED_FACE('',(#2408),#2419,.F.);
#2408 = FACE_BOUND('',#2409,.F.);
#2409 = EDGE_LOOP('',(#2410,#2411,#2412,#2413));
#2410 = ORIENTED_EDGE('',*,*,#1604,.T.);
#2411 = ORIENTED_EDGE('',*,*,#2397,.T.);
#2412 = ORIENTED_EDGE('',*,*,#2322,.F.);
#2413 = ORIENTED_EDGE('',*,*,#2414,.F.);
#2414 = EDGE_CURVE('',#1597,#2315,#2415,.T.);
#2415 = LINE('',#2416,#2417);
#2416 = CARTESIAN_POINT('',(151.04378787242,69.223933649378,
    -53.97520316817));
#2417 = VECTOR('',#2418,1.);
#2418 = DIRECTION('',(0.342020094348,0.,0.939692638612));
#2419 = PLANE('',#2420);
#2420 = AXIS2_PLACEMENT_3D('',#2421,#2422,#2423);
#2421 = CARTESIAN_POINT('',(151.06727010917,69.177933655013,
    -53.85513395773));
#2422 = DIRECTION('',(-0.868521658626,0.38176015442,0.316115980291));
#2423 = DIRECTION('',(-0.402394733999,-0.91546626265,1.387778780781E-17)
  );
#2424 = ADVANCED_FACE('',(#2425),#2436,.F.);
#2425 = FACE_BOUND('',#2426,.F.);
#2426 = EDGE_LOOP('',(#2427,#2428,#2429,#2430));
#2427 = ORIENTED_EDGE('',*,*,#1596,.T.);
#2428 = ORIENTED_EDGE('',*,*,#2414,.T.);
#2429 = ORIENTED_EDGE('',*,*,#2314,.F.);
#2430 = ORIENTED_EDGE('',*,*,#2431,.F.);
#2431 = EDGE_CURVE('',#1589,#2307,#2432,.T.);
#2432 = LINE('',#2433,#2434);
#2433 = CARTESIAN_POINT('',(151.04378787242,69.273933643254,
    -53.97520316817));
#2434 = VECTOR('',#2435,1.);
#2435 = DIRECTION('',(0.342020094348,0.,0.939692638612));
#2436 = PLANE('',#2437);
#2437 = AXIS2_PLACEMENT_3D('',#2438,#2439,#2440);
#2438 = CARTESIAN_POINT('',(151.08512426711,69.248933646316,
    -53.86163233873));
#2439 = DIRECTION('',(-0.939692638612,-0.,0.342020094348));
#2440 = DIRECTION('',(-0.342020094348,0.,-0.939692638612));
#2441 = ADVANCED_FACE('',(#2442),#2453,.F.);
#2442 = FACE_BOUND('',#2443,.F.);
#2443 = EDGE_LOOP('',(#2444,#2445,#2446,#2447));
#2444 = ORIENTED_EDGE('',*,*,#1588,.T.);
#2445 = ORIENTED_EDGE('',*,*,#2431,.T.);
#2446 = ORIENTED_EDGE('',*,*,#2306,.F.);
#2447 = ORIENTED_EDGE('',*,*,#2448,.F.);
#2448 = EDGE_CURVE('',#1581,#2299,#2449,.T.);
#2449 = LINE('',#2450,#2451);
#2450 = CARTESIAN_POINT('',(151.04378787242,71.273933398278,
    -53.97520316817));
#2451 = VECTOR('',#2452,1.);
#2452 = DIRECTION('',(0.342020094348,0.,0.939692638612));
#2453 = PLANE('',#2454);
#2454 = AXIS2_PLACEMENT_3D('',#2455,#2456,#2457);
#2455 = CARTESIAN_POINT('',(151.08512426711,70.273933520766,
    -53.86163233873));
#2456 = DIRECTION('',(-0.939692638612,2.64667604622E-19,0.342020094348)
  );
#2457 = DIRECTION('',(-0.342020094348,0.,-0.939692638612));
#2458 = ADVANCED_FACE('',(#2459),#2470,.F.);
#2459 = FACE_BOUND('',#2460,.F.);
#2460 = EDGE_LOOP('',(#2461,#2462,#2463,#2464));
#2461 = ORIENTED_EDGE('',*,*,#1580,.T.);
#2462 = ORIENTED_EDGE('',*,*,#2448,.T.);
#2463 = ORIENTED_EDGE('',*,*,#2298,.F.);
#2464 = ORIENTED_EDGE('',*,*,#2465,.F.);
#2465 = EDGE_CURVE('',#1573,#2291,#2466,.T.);
#2466 = LINE('',#2467,#2468);
#2467 = CARTESIAN_POINT('',(151.04378787242,71.323933392154,
    -53.97520316817));
#2468 = VECTOR('',#2469,1.);
#2469 = DIRECTION('',(0.342020094348,0.,0.939692638612));
#2470 = PLANE('',#2471);
#2471 = AXIS2_PLACEMENT_3D('',#2472,#2473,#2474);
#2472 = CARTESIAN_POINT('',(151.08512426711,71.298933395216,
    -53.86163233873));
#2473 = DIRECTION('',(-0.939692638612,-0.,0.342020094348));
#2474 = DIRECTION('',(-0.342020094348,0.,-0.939692638612));
#2475 = ADVANCED_FACE('',(#2476),#2487,.F.);
#2476 = FACE_BOUND('',#2477,.F.);
#2477 = EDGE_LOOP('',(#2478,#2479,#2480,#2481));
#2478 = ORIENTED_EDGE('',*,*,#1572,.T.);
#2479 = ORIENTED_EDGE('',*,*,#2465,.T.);
#2480 = ORIENTED_EDGE('',*,*,#2290,.F.);
#2481 = ORIENTED_EDGE('',*,*,#2482,.F.);
#2482 = EDGE_CURVE('',#1565,#2283,#2483,.T.);
#2483 = LINE('',#2484,#2485);
#2484 = CARTESIAN_POINT('',(151.00807955653,71.415933380885,
    -53.96220640618));
#2485 = VECTOR('',#2486,1.);
#2486 = DIRECTION('',(0.342020094348,0.,0.939692638612));
#2487 = PLANE('',#2488);
#2488 = AXIS2_PLACEMENT_3D('',#2489,#2490,#2491);
#2489 = CARTESIAN_POINT('',(151.06727010917,71.36993338652,
    -53.85513395773));
#2490 = DIRECTION('',(-0.868521658626,-0.38176015442,0.316115980291));
#2491 = DIRECTION('',(0.402394733999,-0.91546626265,-1.387778780781E-17)
  );
#2492 = ADVANCED_FACE('',(#2493),#2504,.F.);
#2493 = FACE_BOUND('',#2494,.F.);
#2494 = EDGE_LOOP('',(#2495,#2496,#2497,#2498));
#2495 = ORIENTED_EDGE('',*,*,#1564,.T.);
#2496 = ORIENTED_EDGE('',*,*,#2482,.T.);
#2497 = ORIENTED_EDGE('',*,*,#2282,.F.);
#2498 = ORIENTED_EDGE('',*,*,#2499,.F.);
#2499 = EDGE_CURVE('',#1557,#2275,#2500,.T.);
#2500 = LINE('',#2501,#2502);
#2501 = CARTESIAN_POINT('',(150.94230107988,71.485933372311,
    -53.9382650025));
#2502 = VECTOR('',#2503,1.);
#2503 = DIRECTION('',(0.342020094348,0.,0.939692638612));
#2504 = PLANE('',#2505);
#2505 = AXIS2_PLACEMENT_3D('',#2506,#2507,#2508);
#2506 = CARTESIAN_POINT('',(151.0165267129,71.450933376598,
    -53.8366648749));
#2507 = DIRECTION('',(-0.664463036994,-0.707106781187,0.241844728016));
#2508 = DIRECTION('',(-0.728739438336,0.68479108567,0.));
#2509 = ADVANCED_FACE('',(#2510),#2521,.F.);
#2510 = FACE_BOUND('',#2511,.F.);
#2511 = EDGE_LOOP('',(#2512,#2513,#2514,#2515));
#2512 = ORIENTED_EDGE('',*,*,#1556,.T.);
#2513 = ORIENTED_EDGE('',*,*,#2499,.T.);
#2514 = ORIENTED_EDGE('',*,*,#2274,.F.);
#2515 = ORIENTED_EDGE('',*,*,#2516,.F.);
#2516 = EDGE_CURVE('',#1549,#2267,#2517,.T.);
#2517 = LINE('',#2518,#2519);
#2518 = CARTESIAN_POINT('',(150.85584936772,71.523933367656,
    -53.90679915768));
#2519 = VECTOR('',#2520,1.);
#2520 = DIRECTION('',(0.342020094348,0.,0.939692638612));
#2521 = PLANE('',#2522);
#2522 = AXIS2_PLACEMENT_3D('',#2523,#2524,#2525);
#2523 = CARTESIAN_POINT('',(150.94041161849,71.504933369984,
    -53.80896125065));
#2524 = DIRECTION('',(-0.358737206824,-0.92426142649,0.130569644033));
#2525 = DIRECTION('',(-0.932242221762,0.361834824145,0.));
#2526 = ADVANCED_FACE('',(#2527),#2538,.F.);
#2527 = FACE_BOUND('',#2528,.F.);
#2528 = EDGE_LOOP('',(#2529,#2530,#2531,#2532));
#2529 = ORIENTED_EDGE('',*,*,#1548,.T.);
#2530 = ORIENTED_EDGE('',*,*,#2516,.T.);
#2531 = ORIENTED_EDGE('',*,*,#2266,.F.);
#2532 = ORIENTED_EDGE('',*,*,#2533,.F.);
#2533 = EDGE_CURVE('',#1541,#2259,#2534,.T.);
#2534 = LINE('',#2535,#2536);
#2535 = CARTESIAN_POINT('',(150.80886474154,71.523933367656,
    -53.88969815506));
#2536 = VECTOR('',#2537,1.);
#2537 = DIRECTION('',(0.342020094348,0.,0.939692638612));
#2538 = PLANE('',#2539);
#2539 = AXIS2_PLACEMENT_3D('',#2540,#2541,#2542);
#2540 = CARTESIAN_POINT('',(150.87369344932,71.523933367656,
    -53.78467782693));
#2541 = DIRECTION('',(-0.,-1.,-0.));
#2542 = DIRECTION('',(0.,0.,-1.));
#2543 = ADVANCED_FACE('',(#2544),#2555,.F.);
#2544 = FACE_BOUND('',#2545,.F.);
#2545 = EDGE_LOOP('',(#2546,#2547,#2548,#2549));
#2546 = ORIENTED_EDGE('',*,*,#1540,.T.);
#2547 = ORIENTED_EDGE('',*,*,#2533,.T.);
#2548 = ORIENTED_EDGE('',*,*,#2258,.F.);
#2549 = ORIENTED_EDGE('',*,*,#2550,.F.);
#2550 = EDGE_CURVE('',#1533,#2251,#2551,.T.);
#2551 = LINE('',#2552,#2553);
#2552 = CARTESIAN_POINT('',(144.70086333872,71.523933367656,
    -51.6665678141));
#2553 = VECTOR('',#2554,1.);
#2554 = DIRECTION('',(0.342020094348,0.,0.939692638612));
#2555 = PLANE('',#2556);
#2556 = AXIS2_PLACEMENT_3D('',#2557,#2558,#2559);
#2557 = CARTESIAN_POINT('',(147.79620043482,71.523933367656,
    -52.66456215514));
#2558 = DIRECTION('',(-0.,-1.,-0.));
#2559 = DIRECTION('',(0.,0.,-1.));
#2560 = ADVANCED_FACE('',(#2561),#2572,.F.);
#2561 = FACE_BOUND('',#2562,.F.);
#2562 = EDGE_LOOP('',(#2563,#2564,#2565,#2566));
#2563 = ORIENTED_EDGE('',*,*,#1532,.T.);
#2564 = ORIENTED_EDGE('',*,*,#2550,.T.);
#2565 = ORIENTED_EDGE('',*,*,#2250,.F.);
#2566 = ORIENTED_EDGE('',*,*,#2567,.F.);
#2567 = EDGE_CURVE('',#1525,#2243,#2568,.T.);
#2568 = LINE('',#2569,#2570);
#2569 = CARTESIAN_POINT('',(144.65481840507,71.528933367044,
    -51.64980883153));
#2570 = VECTOR('',#2571,1.);
#2571 = DIRECTION('',(0.342020094348,0.,0.939692638612));
#2572 = PLANE('',#2573);
#2573 = AXIS2_PLACEMENT_3D('',#2574,#2575,#2576);
#2574 = CARTESIAN_POINT('',(144.71917726659,71.52643336735,
    -51.54461749337));
#2575 = DIRECTION('',(-9.539166534464E-02,-0.994834142531,
    3.471972115203E-02));
#2576 = DIRECTION('',(-0.995434301089,9.544921275066E-02,0.));
#2577 = ADVANCED_FACE('',(#2578),#2589,.F.);
#2578 = FACE_BOUND('',#2579,.F.);
#2579 = EDGE_LOOP('',(#2580,#2581,#2582,#2583));
#2580 = ORIENTED_EDGE('',*,*,#1524,.T.);
#2581 = ORIENTED_EDGE('',*,*,#2567,.T.);
#2582 = ORIENTED_EDGE('',*,*,#2242,.F.);
#2583 = ORIENTED_EDGE('',*,*,#2584,.F.);
#2584 = EDGE_CURVE('',#1517,#2235,#2585,.T.);
#2585 = LINE('',#2586,#2587);
#2586 = CARTESIAN_POINT('',(144.57024607795,71.565933362512,
    -51.61902702681));
#2587 = VECTOR('',#2588,1.);
#2588 = DIRECTION('',(0.342020094348,0.,0.939692638612));
#2589 = PLANE('',#2590);
#2590 = AXIS2_PLACEMENT_3D('',#2591,#2592,#2593);
#2591 = CARTESIAN_POINT('',(144.6538686362,71.547433364778,
    -51.52084709972));
#2592 = DIRECTION('',(-0.357302035622,-0.924890782271,0.130047284519));
#2593 = DIRECTION('',(-0.932812418321,0.360362306889,-6.938893903907E-18
    ));
#2594 = ADVANCED_FACE('',(#2595),#2606,.F.);
#2595 = FACE_BOUND('',#2596,.F.);
#2596 = EDGE_LOOP('',(#2597,#2598,#2599,#2600));
#2597 = ORIENTED_EDGE('',*,*,#1516,.T.);
#2598 = ORIENTED_EDGE('',*,*,#2584,.T.);
#2599 = ORIENTED_EDGE('',*,*,#2234,.F.);
#2600 = ORIENTED_EDGE('',*,*,#2601,.F.);
#2601 = EDGE_CURVE('',#1509,#2227,#2602,.T.);
#2602 = LINE('',#2603,#2604);
#2603 = CARTESIAN_POINT('',(144.50540729383,71.63493335406,
    -51.59542764319));
#2604 = VECTOR('',#2605,1.);
#2605 = DIRECTION('',(0.342020094348,0.,0.939692638612));
#2606 = PLANE('',#2607);
#2607 = AXIS2_PLACEMENT_3D('',#2608,#2609,#2610);
#2608 = CARTESIAN_POINT('',(144.57916308058,71.600433358286,
    -51.49365650555));
#2609 = DIRECTION('',(-0.664463036994,-0.707106781186,0.241844728016));
#2610 = DIRECTION('',(-0.728739438336,0.684791085671,-1.387778780781E-17
    ));
#2611 = ADVANCED_FACE('',(#2612),#2623,.F.);
#2612 = FACE_BOUND('',#2613,.F.);
#2613 = EDGE_LOOP('',(#2614,#2615,#2616,#2617));
#2614 = ORIENTED_EDGE('',*,*,#1508,.T.);
#2615 = ORIENTED_EDGE('',*,*,#2601,.T.);
#2616 = ORIENTED_EDGE('',*,*,#2226,.F.);
#2617 = ORIENTED_EDGE('',*,*,#2618,.F.);
#2618 = EDGE_CURVE('',#1501,#2219,#2619,.T.);
#2619 = LINE('',#2620,#2621);
#2620 = CARTESIAN_POINT('',(144.47063867046,71.724933343036,
    -51.58277290125));
#2621 = VECTOR('',#2622,1.);
#2622 = DIRECTION('',(0.342020094348,0.,0.939692638612));
#2623 = PLANE('',#2624);
#2624 = AXIS2_PLACEMENT_3D('',#2625,#2626,#2627);
#2625 = CARTESIAN_POINT('',(144.52935937684,71.679933348548,
    -51.47552944277));
#2626 = DIRECTION('',(-0.86911305962,-0.380232877156,0.316331232614));
#2627 = DIRECTION('',(0.400815218432,-0.916158916713,0.));
#2628 = ADVANCED_FACE('',(#2629),#2640,.F.);
#2629 = FACE_BOUND('',#2630,.F.);
#2630 = EDGE_LOOP('',(#2631,#2632,#2633,#2634));
#2631 = ORIENTED_EDGE('',*,*,#1500,.T.);
#2632 = ORIENTED_EDGE('',*,*,#2618,.T.);
#2633 = ORIENTED_EDGE('',*,*,#2218,.F.);
#2634 = ORIENTED_EDGE('',*,*,#2635,.F.);
#2635 = EDGE_CURVE('',#1493,#2211,#2636,.T.);
#2636 = LINE('',#2637,#2638);
#2637 = CARTESIAN_POINT('',(144.46594020784,71.773933337034,
    -51.58106280098));
#2638 = VECTOR('',#2639,1.);
#2639 = DIRECTION('',(0.342020094348,0.,0.939692638612));
#2640 = PLANE('',#2641);
#2641 = AXIS2_PLACEMENT_3D('',#2642,#2643,#2644);
#2642 = CARTESIAN_POINT('',(144.50962583384,71.749433340035,
    -51.46834702167));
#2643 = DIRECTION('',(-0.934838320377,-0.101513688014,0.34025326729));
#2644 = DIRECTION('',(-0.342020094348,6.938893903907E-18,-0.939692638612
    ));
#2645 = ADVANCED_FACE('',(#2646),#2657,.F.);
#2646 = FACE_BOUND('',#2647,.F.);
#2647 = EDGE_LOOP('',(#2648,#2649,#2650,#2651));
#2648 = ORIENTED_EDGE('',*,*,#1492,.T.);
#2649 = ORIENTED_EDGE('',*,*,#2635,.T.);
#2650 = ORIENTED_EDGE('',*,*,#2210,.F.);
#2651 = ORIENTED_EDGE('',*,*,#2652,.F.);
#2652 = EDGE_CURVE('',#1485,#2203,#2653,.T.);
#2653 = LINE('',#2654,#2655);
#2654 = CARTESIAN_POINT('',(144.46594020784,73.773933092059,
    -51.58106280098));
#2655 = VECTOR('',#2656,1.);
#2656 = DIRECTION('',(0.342020094348,0.,0.939692638612));
#2657 = PLANE('',#2658);
#2658 = AXIS2_PLACEMENT_3D('',#2659,#2660,#2661);
#2659 = CARTESIAN_POINT('',(144.50727660253,72.773933214547,
    -51.46749197154));
#2660 = DIRECTION('',(-0.939692638612,1.307457966833E-16,0.342020094348)
  );
#2661 = DIRECTION('',(-0.342020094348,0.,-0.939692638612));
#2662 = ADVANCED_FACE('',(#2663),#2674,.F.);
#2663 = FACE_BOUND('',#2664,.F.);
#2664 = EDGE_LOOP('',(#2665,#2666,#2667,#2668));
#2665 = ORIENTED_EDGE('',*,*,#1484,.T.);
#2666 = ORIENTED_EDGE('',*,*,#2652,.T.);
#2667 = ORIENTED_EDGE('',*,*,#2202,.F.);
#2668 = ORIENTED_EDGE('',*,*,#2669,.F.);
#2669 = EDGE_CURVE('',#1477,#2195,#2670,.T.);
#2670 = LINE('',#2671,#2672);
#2671 = CARTESIAN_POINT('',(144.47063867046,73.822933086057,
    -51.58277290125));
#2672 = VECTOR('',#2673,1.);
#2673 = DIRECTION('',(0.342020094348,0.,0.939692638612));
#2674 = PLANE('',#2675);
#2675 = AXIS2_PLACEMENT_3D('',#2676,#2677,#2678);
#2676 = CARTESIAN_POINT('',(144.50962583384,73.798433089058,
    -51.46834702167));
#2677 = DIRECTION('',(-0.934838320377,0.101513688014,0.34025326729));
#2678 = DIRECTION('',(-0.342020094348,-6.938893903907E-18,
    -0.939692638612));
#2679 = ADVANCED_FACE('',(#2680),#2691,.F.);
#2680 = FACE_BOUND('',#2681,.F.);
#2681 = EDGE_LOOP('',(#2682,#2683,#2684,#2685));
#2682 = ORIENTED_EDGE('',*,*,#1476,.T.);
#2683 = ORIENTED_EDGE('',*,*,#2669,.T.);
#2684 = ORIENTED_EDGE('',*,*,#2194,.F.);
#2685 = ORIENTED_EDGE('',*,*,#2686,.F.);
#2686 = EDGE_CURVE('',#1469,#2187,#2687,.T.);
#2687 = LINE('',#2688,#2689);
#2688 = CARTESIAN_POINT('',(144.50540729383,73.912933075033,
    -51.59542764319));
#2689 = VECTOR('',#2690,1.);
#2690 = DIRECTION('',(0.342020094348,0.,0.939692638612));
#2691 = PLANE('',#2692);
#2692 = AXIS2_PLACEMENT_3D('',#2693,#2694,#2695);
#2693 = CARTESIAN_POINT('',(144.52935937684,73.867933080545,
    -51.47552944277));
#2694 = DIRECTION('',(-0.86911305962,0.380232877156,0.316331232614));
#2695 = DIRECTION('',(-0.400815218432,-0.916158916713,0.));
#2696 = ADVANCED_FACE('',(#2697),#2708,.F.);
#2697 = FACE_BOUND('',#2698,.F.);
#2698 = EDGE_LOOP('',(#2699,#2700,#2701,#2702));
#2699 = ORIENTED_EDGE('',*,*,#1468,.T.);
#2700 = ORIENTED_EDGE('',*,*,#2686,.T.);
#2701 = ORIENTED_EDGE('',*,*,#2186,.F.);
#2702 = ORIENTED_EDGE('',*,*,#2703,.F.);
#2703 = EDGE_CURVE('',#1461,#2179,#2704,.T.);
#2704 = LINE('',#2705,#2706);
#2705 = CARTESIAN_POINT('',(144.57024607795,73.981933066582,
    -51.61902702681));
#2706 = VECTOR('',#2707,1.);
#2707 = DIRECTION('',(0.342020094348,0.,0.939692638612));
#2708 = PLANE('',#2709);
#2709 = AXIS2_PLACEMENT_3D('',#2710,#2711,#2712);
#2710 = CARTESIAN_POINT('',(144.57916308058,73.947433070808,
    -51.49365650555));
#2711 = DIRECTION('',(-0.664463036994,0.707106781186,0.241844728016));
#2712 = DIRECTION('',(0.728739438336,0.684791085671,-1.387778780781E-17)
  );
#2713 = ADVANCED_FACE('',(#2714),#2725,.F.);
#2714 = FACE_BOUND('',#2715,.F.);
#2715 = EDGE_LOOP('',(#2716,#2717,#2718,#2719));
#2716 = ORIENTED_EDGE('',*,*,#1460,.T.);
#2717 = ORIENTED_EDGE('',*,*,#2703,.T.);
#2718 = ORIENTED_EDGE('',*,*,#2178,.F.);
#2719 = ORIENTED_EDGE('',*,*,#2720,.F.);
#2720 = EDGE_CURVE('',#1453,#2171,#2721,.T.);
#2721 = LINE('',#2722,#2723);
#2722 = CARTESIAN_POINT('',(144.65481840507,74.01893306205,
    -51.64980883153));
#2723 = VECTOR('',#2724,1.);
#2724 = DIRECTION('',(0.342020094348,0.,0.939692638612));
#2725 = PLANE('',#2726);
#2726 = AXIS2_PLACEMENT_3D('',#2727,#2728,#2729);
#2727 = CARTESIAN_POINT('',(144.6538686362,74.000433064316,
    -51.52084709972));
#2728 = DIRECTION('',(-0.357302035622,0.924890782271,0.130047284519));
#2729 = DIRECTION('',(0.932812418321,0.360362306889,6.938893903907E-18)
  );
#2730 = ADVANCED_FACE('',(#2731),#2742,.F.);
#2731 = FACE_BOUND('',#2732,.F.);
#2732 = EDGE_LOOP('',(#2733,#2734,#2735,#2736));
#2733 = ORIENTED_EDGE('',*,*,#1452,.T.);
#2734 = ORIENTED_EDGE('',*,*,#2720,.T.);
#2735 = ORIENTED_EDGE('',*,*,#2170,.F.);
#2736 = ORIENTED_EDGE('',*,*,#2737,.F.);
#2737 = EDGE_CURVE('',#1445,#2163,#2738,.T.);
#2738 = LINE('',#2739,#2740);
#2739 = CARTESIAN_POINT('',(144.70086333872,74.023933061437,
    -51.6665678141));
#2740 = VECTOR('',#2741,1.);
#2741 = DIRECTION('',(0.342020094348,0.,0.939692638612));
#2742 = PLANE('',#2743);
#2743 = AXIS2_PLACEMENT_3D('',#2744,#2745,#2746);
#2744 = CARTESIAN_POINT('',(144.71917726659,74.021433061743,
    -51.54461749337));
#2745 = DIRECTION('',(-9.539166534459E-02,0.994834142531,
    3.471972115201E-02));
#2746 = DIRECTION('',(0.995434301089,9.544921275062E-02,
    4.336808689942E-19));
#2747 = ADVANCED_FACE('',(#2748),#2759,.F.);
#2748 = FACE_BOUND('',#2749,.F.);
#2749 = EDGE_LOOP('',(#2750,#2751,#2752,#2753));
#2750 = ORIENTED_EDGE('',*,*,#1444,.T.);
#2751 = ORIENTED_EDGE('',*,*,#2737,.T.);
#2752 = ORIENTED_EDGE('',*,*,#2162,.F.);
#2753 = ORIENTED_EDGE('',*,*,#2754,.F.);
#2754 = EDGE_CURVE('',#1437,#2155,#2755,.T.);
#2755 = LINE('',#2756,#2757);
#2756 = CARTESIAN_POINT('',(150.80886474154,74.023933061437,
    -53.88969815506));
#2757 = VECTOR('',#2758,1.);
#2758 = DIRECTION('',(0.342020094348,0.,0.939692638612));
#2759 = PLANE('',#2760);
#2760 = AXIS2_PLACEMENT_3D('',#2761,#2762,#2763);
#2761 = CARTESIAN_POINT('',(147.79620043482,74.023933061437,
    -52.66456215514));
#2762 = DIRECTION('',(0.,1.,0.));
#2763 = DIRECTION('',(0.,-0.,1.));
#2764 = ADVANCED_FACE('',(#2765),#2776,.F.);
#2765 = FACE_BOUND('',#2766,.F.);
#2766 = EDGE_LOOP('',(#2767,#2768,#2769,#2770));
#2767 = ORIENTED_EDGE('',*,*,#1436,.T.);
#2768 = ORIENTED_EDGE('',*,*,#2754,.T.);
#2769 = ORIENTED_EDGE('',*,*,#2154,.F.);
#2770 = ORIENTED_EDGE('',*,*,#2771,.F.);
#2771 = EDGE_CURVE('',#1429,#2147,#2772,.T.);
#2772 = LINE('',#2773,#2774);
#2773 = CARTESIAN_POINT('',(150.85584936772,74.023933061437,
    -53.90679915768));
#2774 = VECTOR('',#2775,1.);
#2775 = DIRECTION('',(0.342020094348,0.,0.939692638612));
#2776 = PLANE('',#2777);
#2777 = AXIS2_PLACEMENT_3D('',#2778,#2779,#2780);
#2778 = CARTESIAN_POINT('',(150.87369344932,74.023933061437,
    -53.78467782693));
#2779 = DIRECTION('',(2.213003932398E-13,1.,-8.054674290843E-14));
#2780 = DIRECTION('',(1.,-2.213003932398E-13,0.));
#2781 = ADVANCED_FACE('',(#2782),#2793,.F.);
#2782 = FACE_BOUND('',#2783,.F.);
#2783 = EDGE_LOOP('',(#2784,#2785,#2786,#2787));
#2784 = ORIENTED_EDGE('',*,*,#1428,.T.);
#2785 = ORIENTED_EDGE('',*,*,#2771,.T.);
#2786 = ORIENTED_EDGE('',*,*,#2146,.F.);
#2787 = ORIENTED_EDGE('',*,*,#2788,.F.);
#2788 = EDGE_CURVE('',#1421,#2139,#2789,.T.);
#2789 = LINE('',#2790,#2791);
#2790 = CARTESIAN_POINT('',(150.94230107988,74.061933056783,
    -53.9382650025));
#2791 = VECTOR('',#2792,1.);
#2792 = DIRECTION('',(0.342020094348,0.,0.939692638612));
#2793 = PLANE('',#2794);
#2794 = AXIS2_PLACEMENT_3D('',#2795,#2796,#2797);
#2795 = CARTESIAN_POINT('',(150.94041161849,74.04293305911,
    -53.80896125065));
#2796 = DIRECTION('',(-0.358737206824,0.92426142649,0.130569644033));
#2797 = DIRECTION('',(0.932242221762,0.361834824145,-6.938893903907E-18)
  );
#2798 = ADVANCED_FACE('',(#2799),#2810,.F.);
#2799 = FACE_BOUND('',#2800,.F.);
#2800 = EDGE_LOOP('',(#2801,#2802,#2803,#2804));
#2801 = ORIENTED_EDGE('',*,*,#1420,.T.);
#2802 = ORIENTED_EDGE('',*,*,#2788,.T.);
#2803 = ORIENTED_EDGE('',*,*,#2138,.F.);
#2804 = ORIENTED_EDGE('',*,*,#2805,.F.);
#2805 = EDGE_CURVE('',#1413,#2131,#2806,.T.);
#2806 = LINE('',#2807,#2808);
#2807 = CARTESIAN_POINT('',(151.00807955653,74.131933048209,
    -53.96220640618));
#2808 = VECTOR('',#2809,1.);
#2809 = DIRECTION('',(0.342020094348,0.,0.939692638612));
#2810 = PLANE('',#2811);
#2811 = AXIS2_PLACEMENT_3D('',#2812,#2813,#2814);
#2812 = CARTESIAN_POINT('',(151.0165267129,74.096933052496,
    -53.8366648749));
#2813 = DIRECTION('',(-0.664463036994,0.707106781187,0.241844728016));
#2814 = DIRECTION('',(0.728739438336,0.684791085671,-1.387778780781E-17)
  );
#2815 = ADVANCED_FACE('',(#2816),#2827,.F.);
#2816 = FACE_BOUND('',#2817,.F.);
#2817 = EDGE_LOOP('',(#2818,#2819,#2820,#2821));
#2818 = ORIENTED_EDGE('',*,*,#1412,.T.);
#2819 = ORIENTED_EDGE('',*,*,#2805,.T.);
#2820 = ORIENTED_EDGE('',*,*,#2130,.F.);
#2821 = ORIENTED_EDGE('',*,*,#2822,.F.);
#2822 = EDGE_CURVE('',#1405,#2123,#2823,.T.);
#2823 = LINE('',#2824,#2825);
#2824 = CARTESIAN_POINT('',(151.04378787242,74.22393303694,
    -53.97520316817));
#2825 = VECTOR('',#2826,1.);
#2826 = DIRECTION('',(0.342020094348,0.,0.939692638612));
#2827 = PLANE('',#2828);
#2828 = AXIS2_PLACEMENT_3D('',#2829,#2830,#2831);
#2829 = CARTESIAN_POINT('',(151.06727010917,74.177933042574,
    -53.85513395773));
#2830 = DIRECTION('',(-0.868521658626,0.38176015442,0.316115980291));
#2831 = DIRECTION('',(-0.402394733999,-0.91546626265,-1.387778780781E-17
    ));
#2832 = ADVANCED_FACE('',(#2833),#2844,.F.);
#2833 = FACE_BOUND('',#2834,.F.);
#2834 = EDGE_LOOP('',(#2835,#2836,#2837,#2838));
#2835 = ORIENTED_EDGE('',*,*,#1404,.T.);
#2836 = ORIENTED_EDGE('',*,*,#2822,.T.);
#2837 = ORIENTED_EDGE('',*,*,#2122,.F.);
#2838 = ORIENTED_EDGE('',*,*,#2839,.F.);
#2839 = EDGE_CURVE('',#1397,#2115,#2840,.T.);
#2840 = LINE('',#2841,#2842);
#2841 = CARTESIAN_POINT('',(151.04378787242,74.273933030815,
    -53.97520316817));
#2842 = VECTOR('',#2843,1.);
#2843 = DIRECTION('',(0.342020094348,0.,0.939692638612));
#2844 = PLANE('',#2845);
#2845 = AXIS2_PLACEMENT_3D('',#2846,#2847,#2848);
#2846 = CARTESIAN_POINT('',(151.08512426711,74.248933033878,
    -53.86163233873));
#2847 = DIRECTION('',(-0.939692638612,-0.,0.342020094348));
#2848 = DIRECTION('',(-0.342020094348,0.,-0.939692638612));
#2849 = ADVANCED_FACE('',(#2850),#2861,.F.);
#2850 = FACE_BOUND('',#2851,.F.);
#2851 = EDGE_LOOP('',(#2852,#2853,#2854,#2855));
#2852 = ORIENTED_EDGE('',*,*,#1396,.T.);
#2853 = ORIENTED_EDGE('',*,*,#2839,.T.);
#2854 = ORIENTED_EDGE('',*,*,#2114,.F.);
#2855 = ORIENTED_EDGE('',*,*,#2856,.F.);
#2856 = EDGE_CURVE('',#1389,#2107,#2857,.T.);
#2857 = LINE('',#2858,#2859);
#2858 = CARTESIAN_POINT('',(151.04378787242,76.27393278584,
    -53.97520316817));
#2859 = VECTOR('',#2860,1.);
#2860 = DIRECTION('',(0.342020094348,0.,0.939692638612));
#2861 = PLANE('',#2862);
#2862 = AXIS2_PLACEMENT_3D('',#2863,#2864,#2865);
#2863 = CARTESIAN_POINT('',(151.08512426711,75.273932908328,
    -53.86163233873));
#2864 = DIRECTION('',(-0.939692638612,2.64667604622E-19,0.342020094348)
  );
#2865 = DIRECTION('',(-0.342020094348,0.,-0.939692638612));
#2866 = ADVANCED_FACE('',(#2867),#2878,.F.);
#2867 = FACE_BOUND('',#2868,.F.);
#2868 = EDGE_LOOP('',(#2869,#2870,#2871,#2872));
#2869 = ORIENTED_EDGE('',*,*,#1388,.T.);
#2870 = ORIENTED_EDGE('',*,*,#2856,.T.);
#2871 = ORIENTED_EDGE('',*,*,#2106,.F.);
#2872 = ORIENTED_EDGE('',*,*,#2873,.F.);
#2873 = EDGE_CURVE('',#1381,#2099,#2874,.T.);
#2874 = LINE('',#2875,#2876);
#2875 = CARTESIAN_POINT('',(151.04378787242,76.323932779716,
    -53.97520316817));
#2876 = VECTOR('',#2877,1.);
#2877 = DIRECTION('',(0.342020094348,0.,0.939692638612));
#2878 = PLANE('',#2879);
#2879 = AXIS2_PLACEMENT_3D('',#2880,#2881,#2882);
#2880 = CARTESIAN_POINT('',(151.08512426711,76.298932782778,
    -53.86163233873));
#2881 = DIRECTION('',(-0.939692638612,-4.916183641024E-17,0.342020094348
    ));
#2882 = DIRECTION('',(-0.342020094348,0.,-0.939692638612));
#2883 = ADVANCED_FACE('',(#2884),#2895,.F.);
#2884 = FACE_BOUND('',#2885,.F.);
#2885 = EDGE_LOOP('',(#2886,#2887,#2888,#2889));
#2886 = ORIENTED_EDGE('',*,*,#1380,.T.);
#2887 = ORIENTED_EDGE('',*,*,#2873,.T.);
#2888 = ORIENTED_EDGE('',*,*,#2098,.F.);
#2889 = ORIENTED_EDGE('',*,*,#2890,.F.);
#2890 = EDGE_CURVE('',#1373,#2091,#2891,.T.);
#2891 = LINE('',#2892,#2893);
#2892 = CARTESIAN_POINT('',(151.00807955653,76.415932768447,
    -53.96220640618));
#2893 = VECTOR('',#2894,1.);
#2894 = DIRECTION('',(0.342020094348,0.,0.939692638612));
#2895 = PLANE('',#2896);
#2896 = AXIS2_PLACEMENT_3D('',#2897,#2898,#2899);
#2897 = CARTESIAN_POINT('',(151.06727010917,76.369932774081,
    -53.85513395773));
#2898 = DIRECTION('',(-0.868521658626,-0.38176015442,0.316115980291));
#2899 = DIRECTION('',(0.402394733999,-0.91546626265,0.));
#2900 = ADVANCED_FACE('',(#2901),#2912,.F.);
#2901 = FACE_BOUND('',#2902,.F.);
#2902 = EDGE_LOOP('',(#2903,#2904,#2905,#2906));
#2903 = ORIENTED_EDGE('',*,*,#1372,.T.);
#2904 = ORIENTED_EDGE('',*,*,#2890,.T.);
#2905 = ORIENTED_EDGE('',*,*,#2090,.F.);
#2906 = ORIENTED_EDGE('',*,*,#2907,.F.);
#2907 = EDGE_CURVE('',#1365,#2083,#2908,.T.);
#2908 = LINE('',#2909,#2910);
#2909 = CARTESIAN_POINT('',(150.94230107988,76.485932759873,
    -53.9382650025));
#2910 = VECTOR('',#2911,1.);
#2911 = DIRECTION('',(0.342020094348,0.,0.939692638612));
#2912 = PLANE('',#2913);
#2913 = AXIS2_PLACEMENT_3D('',#2914,#2915,#2916);
#2914 = CARTESIAN_POINT('',(151.0165267129,76.45093276416,-53.8366648749
    ));
#2915 = DIRECTION('',(-0.664463036994,-0.707106781187,0.241844728016));
#2916 = DIRECTION('',(-0.728739438336,0.684791085671,0.));
#2917 = ADVANCED_FACE('',(#2918),#2929,.F.);
#2918 = FACE_BOUND('',#2919,.F.);
#2919 = EDGE_LOOP('',(#2920,#2921,#2922,#2923));
#2920 = ORIENTED_EDGE('',*,*,#1364,.T.);
#2921 = ORIENTED_EDGE('',*,*,#2907,.T.);
#2922 = ORIENTED_EDGE('',*,*,#2082,.F.);
#2923 = ORIENTED_EDGE('',*,*,#2924,.F.);
#2924 = EDGE_CURVE('',#1357,#2075,#2925,.T.);
#2925 = LINE('',#2926,#2927);
#2926 = CARTESIAN_POINT('',(150.85584936772,76.523932755218,
    -53.90679915768));
#2927 = VECTOR('',#2928,1.);
#2928 = DIRECTION('',(0.342020094348,0.,0.939692638612));
#2929 = PLANE('',#2930);
#2930 = AXIS2_PLACEMENT_3D('',#2931,#2932,#2933);
#2931 = CARTESIAN_POINT('',(150.94041161849,76.504932757545,
    -53.80896125065));
#2932 = DIRECTION('',(-0.358737206824,-0.92426142649,0.130569644033));
#2933 = DIRECTION('',(-0.932242221762,0.361834824145,0.));
#2934 = ADVANCED_FACE('',(#2935),#2946,.F.);
#2935 = FACE_BOUND('',#2936,.F.);
#2936 = EDGE_LOOP('',(#2937,#2938,#2939,#2940));
#2937 = ORIENTED_EDGE('',*,*,#1356,.T.);
#2938 = ORIENTED_EDGE('',*,*,#2924,.T.);
#2939 = ORIENTED_EDGE('',*,*,#2074,.F.);
#2940 = ORIENTED_EDGE('',*,*,#2941,.F.);
#2941 = EDGE_CURVE('',#1349,#2067,#2942,.T.);
#2942 = LINE('',#2943,#2944);
#2943 = CARTESIAN_POINT('',(150.80886474154,76.523932755218,
    -53.88969815506));
#2944 = VECTOR('',#2945,1.);
#2945 = DIRECTION('',(0.342020094348,0.,0.939692638612));
#2946 = PLANE('',#2947);
#2947 = AXIS2_PLACEMENT_3D('',#2948,#2949,#2950);
#2948 = CARTESIAN_POINT('',(150.87369344932,76.523932755218,
    -53.78467782693));
#2949 = DIRECTION('',(-0.,-1.,-0.));
#2950 = DIRECTION('',(0.,0.,-1.));
#2951 = ADVANCED_FACE('',(#2952),#2963,.F.);
#2952 = FACE_BOUND('',#2953,.F.);
#2953 = EDGE_LOOP('',(#2954,#2955,#2956,#2957));
#2954 = ORIENTED_EDGE('',*,*,#1348,.T.);
#2955 = ORIENTED_EDGE('',*,*,#2941,.T.);
#2956 = ORIENTED_EDGE('',*,*,#2066,.F.);
#2957 = ORIENTED_EDGE('',*,*,#2958,.F.);
#2958 = EDGE_CURVE('',#1341,#2059,#2959,.T.);
#2959 = LINE('',#2960,#2961);
#2960 = CARTESIAN_POINT('',(144.70086333872,76.523932755218,
    -51.6665678141));
#2961 = VECTOR('',#2962,1.);
#2962 = DIRECTION('',(0.342020094348,0.,0.939692638612));
#2963 = PLANE('',#2964);
#2964 = AXIS2_PLACEMENT_3D('',#2965,#2966,#2967);
#2965 = CARTESIAN_POINT('',(147.79620043482,76.523932755218,
    -52.66456215514));
#2966 = DIRECTION('',(-0.,-1.,-0.));
#2967 = DIRECTION('',(0.,0.,-1.));
#2968 = ADVANCED_FACE('',(#2969),#2980,.F.);
#2969 = FACE_BOUND('',#2970,.F.);
#2970 = EDGE_LOOP('',(#2971,#2972,#2973,#2974));
#2971 = ORIENTED_EDGE('',*,*,#1340,.T.);
#2972 = ORIENTED_EDGE('',*,*,#2958,.T.);
#2973 = ORIENTED_EDGE('',*,*,#2058,.F.);
#2974 = ORIENTED_EDGE('',*,*,#2975,.F.);
#2975 = EDGE_CURVE('',#1333,#2051,#2976,.T.);
#2976 = LINE('',#2977,#2978);
#2977 = CARTESIAN_POINT('',(144.65481840507,76.528932754606,
    -51.64980883153));
#2978 = VECTOR('',#2979,1.);
#2979 = DIRECTION('',(0.342020094348,0.,0.939692638612));
#2980 = PLANE('',#2981);
#2981 = AXIS2_PLACEMENT_3D('',#2982,#2983,#2984);
#2982 = CARTESIAN_POINT('',(144.71917726659,76.526432754912,
    -51.54461749337));
#2983 = DIRECTION('',(-9.539166534464E-02,-0.994834142531,
    3.471972115203E-02));
#2984 = DIRECTION('',(-0.995434301089,9.544921275066E-02,0.));
#2985 = ADVANCED_FACE('',(#2986),#2997,.F.);
#2986 = FACE_BOUND('',#2987,.F.);
#2987 = EDGE_LOOP('',(#2988,#2989,#2990,#2991));
#2988 = ORIENTED_EDGE('',*,*,#1332,.T.);
#2989 = ORIENTED_EDGE('',*,*,#2975,.T.);
#2990 = ORIENTED_EDGE('',*,*,#2050,.F.);
#2991 = ORIENTED_EDGE('',*,*,#2992,.F.);
#2992 = EDGE_CURVE('',#1325,#2043,#2993,.T.);
#2993 = LINE('',#2994,#2995);
#2994 = CARTESIAN_POINT('',(144.57024607795,76.565932750074,
    -51.61902702681));
#2995 = VECTOR('',#2996,1.);
#2996 = DIRECTION('',(0.342020094348,0.,0.939692638612));
#2997 = PLANE('',#2998);
#2998 = AXIS2_PLACEMENT_3D('',#2999,#3000,#3001);
#2999 = CARTESIAN_POINT('',(144.6538686362,76.54743275234,
    -51.52084709972));
#3000 = DIRECTION('',(-0.357302035622,-0.924890782271,0.130047284519));
#3001 = DIRECTION('',(-0.932812418321,0.360362306889,-6.938893903907E-18
    ));
#3002 = ADVANCED_FACE('',(#3003),#3014,.F.);
#3003 = FACE_BOUND('',#3004,.F.);
#3004 = EDGE_LOOP('',(#3005,#3006,#3007,#3008));
#3005 = ORIENTED_EDGE('',*,*,#1324,.T.);
#3006 = ORIENTED_EDGE('',*,*,#2992,.T.);
#3007 = ORIENTED_EDGE('',*,*,#2042,.F.);
#3008 = ORIENTED_EDGE('',*,*,#3009,.F.);
#3009 = EDGE_CURVE('',#1317,#2035,#3010,.T.);
#3010 = LINE('',#3011,#3012);
#3011 = CARTESIAN_POINT('',(144.50540729383,76.634932741622,
    -51.59542764319));
#3012 = VECTOR('',#3013,1.);
#3013 = DIRECTION('',(0.342020094348,0.,0.939692638612));
#3014 = PLANE('',#3015);
#3015 = AXIS2_PLACEMENT_3D('',#3016,#3017,#3018);
#3016 = CARTESIAN_POINT('',(144.57916308058,76.600432745848,
    -51.49365650555));
#3017 = DIRECTION('',(-0.664463036994,-0.707106781187,0.241844728016));
#3018 = DIRECTION('',(-0.728739438336,0.684791085671,1.387778780781E-17)
  );
#3019 = ADVANCED_FACE('',(#3020),#3031,.F.);
#3020 = FACE_BOUND('',#3021,.F.);
#3021 = EDGE_LOOP('',(#3022,#3023,#3024,#3025));
#3022 = ORIENTED_EDGE('',*,*,#1316,.T.);
#3023 = ORIENTED_EDGE('',*,*,#3009,.T.);
#3024 = ORIENTED_EDGE('',*,*,#2034,.F.);
#3025 = ORIENTED_EDGE('',*,*,#3026,.F.);
#3026 = EDGE_CURVE('',#1309,#2027,#3027,.T.);
#3027 = LINE('',#3028,#3029);
#3028 = CARTESIAN_POINT('',(144.47063867046,76.724932730598,
    -51.58277290125));
#3029 = VECTOR('',#3030,1.);
#3030 = DIRECTION('',(0.342020094348,0.,0.939692638612));
#3031 = PLANE('',#3032);
#3032 = AXIS2_PLACEMENT_3D('',#3033,#3034,#3035);
#3033 = CARTESIAN_POINT('',(144.52935937684,76.67993273611,
    -51.47552944277));
#3034 = DIRECTION('',(-0.86911305962,-0.380232877156,0.316331232614));
#3035 = DIRECTION('',(0.400815218432,-0.916158916713,1.387778780781E-17)
  );
#3036 = ADVANCED_FACE('',(#3037),#3048,.F.);
#3037 = FACE_BOUND('',#3038,.F.);
#3038 = EDGE_LOOP('',(#3039,#3040,#3041,#3042));
#3039 = ORIENTED_EDGE('',*,*,#1308,.T.);
#3040 = ORIENTED_EDGE('',*,*,#3026,.T.);
#3041 = ORIENTED_EDGE('',*,*,#2026,.F.);
#3042 = ORIENTED_EDGE('',*,*,#3043,.F.);
#3043 = EDGE_CURVE('',#1301,#2019,#3044,.T.);
#3044 = LINE('',#3045,#3046);
#3045 = CARTESIAN_POINT('',(144.46594020784,76.773932724596,
    -51.58106280098));
#3046 = VECTOR('',#3047,1.);
#3047 = DIRECTION('',(0.342020094348,0.,0.939692638612));
#3048 = PLANE('',#3049);
#3049 = AXIS2_PLACEMENT_3D('',#3050,#3051,#3052);
#3050 = CARTESIAN_POINT('',(144.50962583384,76.749432727597,
    -51.46834702167));
#3051 = DIRECTION('',(-0.934838320377,-0.101513688014,0.34025326729));
#3052 = DIRECTION('',(-0.342020094348,6.938893903907E-18,-0.939692638612
    ));
#3053 = ADVANCED_FACE('',(#3054),#3065,.F.);
#3054 = FACE_BOUND('',#3055,.F.);
#3055 = EDGE_LOOP('',(#3056,#3057,#3058,#3059));
#3056 = ORIENTED_EDGE('',*,*,#1300,.T.);
#3057 = ORIENTED_EDGE('',*,*,#3043,.T.);
#3058 = ORIENTED_EDGE('',*,*,#2018,.F.);
#3059 = ORIENTED_EDGE('',*,*,#3060,.F.);
#3060 = EDGE_CURVE('',#1293,#2011,#3061,.T.);
#3061 = LINE('',#3062,#3063);
#3062 = CARTESIAN_POINT('',(144.46594020784,78.773932479621,
    -51.58106280098));
#3063 = VECTOR('',#3064,1.);
#3064 = DIRECTION('',(0.342020094348,0.,0.939692638612));
#3065 = PLANE('',#3066);
#3066 = AXIS2_PLACEMENT_3D('',#3067,#3068,#3069);
#3067 = CARTESIAN_POINT('',(144.50727660253,77.773932602108,
    -51.46749197154));
#3068 = DIRECTION('',(-0.939692638612,1.307457966833E-16,0.342020094348)
  );
#3069 = DIRECTION('',(-0.342020094348,6.162975822039E-33,-0.939692638612
    ));
#3070 = ADVANCED_FACE('',(#3071),#3082,.F.);
#3071 = FACE_BOUND('',#3072,.F.);
#3072 = EDGE_LOOP('',(#3073,#3074,#3075,#3076));
#3073 = ORIENTED_EDGE('',*,*,#1292,.T.);
#3074 = ORIENTED_EDGE('',*,*,#3060,.T.);
#3075 = ORIENTED_EDGE('',*,*,#2010,.F.);
#3076 = ORIENTED_EDGE('',*,*,#3077,.F.);
#3077 = EDGE_CURVE('',#1285,#2003,#3078,.T.);
#3078 = LINE('',#3079,#3080);
#3079 = CARTESIAN_POINT('',(144.47063867046,78.822932473619,
    -51.58277290125));
#3080 = VECTOR('',#3081,1.);
#3081 = DIRECTION('',(0.342020094348,0.,0.939692638612));
#3082 = PLANE('',#3083);
#3083 = AXIS2_PLACEMENT_3D('',#3084,#3085,#3086);
#3084 = CARTESIAN_POINT('',(144.50962583384,78.79843247662,
    -51.46834702167));
#3085 = DIRECTION('',(-0.934838320377,0.101513688014,0.34025326729));
#3086 = DIRECTION('',(-0.342020094348,0.,-0.939692638612));
#3087 = ADVANCED_FACE('',(#3088),#3099,.F.);
#3088 = FACE_BOUND('',#3089,.F.);
#3089 = EDGE_LOOP('',(#3090,#3091,#3092,#3093));
#3090 = ORIENTED_EDGE('',*,*,#1284,.T.);
#3091 = ORIENTED_EDGE('',*,*,#3077,.T.);
#3092 = ORIENTED_EDGE('',*,*,#2002,.F.);
#3093 = ORIENTED_EDGE('',*,*,#3094,.F.);
#3094 = EDGE_CURVE('',#1277,#1995,#3095,.T.);
#3095 = LINE('',#3096,#3097);
#3096 = CARTESIAN_POINT('',(144.50540729383,78.912932462595,
    -51.59542764319));
#3097 = VECTOR('',#3098,1.);
#3098 = DIRECTION('',(0.342020094348,0.,0.939692638612));
#3099 = PLANE('',#3100);
#3100 = AXIS2_PLACEMENT_3D('',#3101,#3102,#3103);
#3101 = CARTESIAN_POINT('',(144.52935937684,78.867932468107,
    -51.47552944277));
#3102 = DIRECTION('',(-0.86911305962,0.380232877156,0.316331232614));
#3103 = DIRECTION('',(-0.400815218432,-0.916158916713,0.));
#3104 = ADVANCED_FACE('',(#3105),#3116,.F.);
#3105 = FACE_BOUND('',#3106,.F.);
#3106 = EDGE_LOOP('',(#3107,#3108,#3109,#3110));
#3107 = ORIENTED_EDGE('',*,*,#1276,.T.);
#3108 = ORIENTED_EDGE('',*,*,#3094,.T.);
#3109 = ORIENTED_EDGE('',*,*,#1994,.F.);
#3110 = ORIENTED_EDGE('',*,*,#3111,.F.);
#3111 = EDGE_CURVE('',#1269,#1987,#3112,.T.);
#3112 = LINE('',#3113,#3114);
#3113 = CARTESIAN_POINT('',(144.57024607795,78.981932454143,
    -51.61902702681));
#3114 = VECTOR('',#3115,1.);
#3115 = DIRECTION('',(0.342020094348,0.,0.939692638612));
#3116 = PLANE('',#3117);
#3117 = AXIS2_PLACEMENT_3D('',#3118,#3119,#3120);
#3118 = CARTESIAN_POINT('',(144.57916308058,78.947432458369,
    -51.49365650555));
#3119 = DIRECTION('',(-0.664463036994,0.707106781186,0.241844728016));
#3120 = DIRECTION('',(0.728739438336,0.684791085671,0.));
#3121 = ADVANCED_FACE('',(#3122),#3133,.F.);
#3122 = FACE_BOUND('',#3123,.F.);
#3123 = EDGE_LOOP('',(#3124,#3125,#3126,#3127));
#3124 = ORIENTED_EDGE('',*,*,#1268,.T.);
#3125 = ORIENTED_EDGE('',*,*,#3111,.T.);
#3126 = ORIENTED_EDGE('',*,*,#1986,.F.);
#3127 = ORIENTED_EDGE('',*,*,#3128,.F.);
#3128 = EDGE_CURVE('',#1261,#1979,#3129,.T.);
#3129 = LINE('',#3130,#3131);
#3130 = CARTESIAN_POINT('',(144.65481840507,79.018932449611,
    -51.64980883153));
#3131 = VECTOR('',#3132,1.);
#3132 = DIRECTION('',(0.342020094348,0.,0.939692638612));
#3133 = PLANE('',#3134);
#3134 = AXIS2_PLACEMENT_3D('',#3135,#3136,#3137);
#3135 = CARTESIAN_POINT('',(144.6538686362,79.000432451877,
    -51.52084709972));
#3136 = DIRECTION('',(-0.357302035622,0.924890782271,0.130047284519));
#3137 = DIRECTION('',(0.932812418321,0.360362306889,6.938893903907E-18)
  );
#3138 = ADVANCED_FACE('',(#3139),#3150,.F.);
#3139 = FACE_BOUND('',#3140,.F.);
#3140 = EDGE_LOOP('',(#3141,#3142,#3143,#3144));
#3141 = ORIENTED_EDGE('',*,*,#1260,.T.);
#3142 = ORIENTED_EDGE('',*,*,#3128,.T.);
#3143 = ORIENTED_EDGE('',*,*,#1978,.F.);
#3144 = ORIENTED_EDGE('',*,*,#3145,.F.);
#3145 = EDGE_CURVE('',#1253,#1971,#3146,.T.);
#3146 = LINE('',#3147,#3148);
#3147 = CARTESIAN_POINT('',(144.70086333872,79.023932448999,
    -51.6665678141));
#3148 = VECTOR('',#3149,1.);
#3149 = DIRECTION('',(0.342020094348,0.,0.939692638612));
#3150 = PLANE('',#3151);
#3151 = AXIS2_PLACEMENT_3D('',#3152,#3153,#3154);
#3152 = CARTESIAN_POINT('',(144.71917726659,79.021432449305,
    -51.54461749337));
#3153 = DIRECTION('',(-9.539166534459E-02,0.994834142531,
    3.471972115201E-02));
#3154 = DIRECTION('',(0.995434301089,9.544921275062E-02,
    4.336808689942E-19));
#3155 = ADVANCED_FACE('',(#3156),#3167,.F.);
#3156 = FACE_BOUND('',#3157,.F.);
#3157 = EDGE_LOOP('',(#3158,#3159,#3160,#3161));
#3158 = ORIENTED_EDGE('',*,*,#1252,.T.);
#3159 = ORIENTED_EDGE('',*,*,#3145,.T.);
#3160 = ORIENTED_EDGE('',*,*,#1970,.F.);
#3161 = ORIENTED_EDGE('',*,*,#3162,.F.);
#3162 = EDGE_CURVE('',#1245,#1963,#3163,.T.);
#3163 = LINE('',#3164,#3165);
#3164 = CARTESIAN_POINT('',(150.80886474154,79.023932448999,
    -53.88969815506));
#3165 = VECTOR('',#3166,1.);
#3166 = DIRECTION('',(0.342020094348,0.,0.939692638612));
#3167 = PLANE('',#3168);
#3168 = AXIS2_PLACEMENT_3D('',#3169,#3170,#3171);
#3169 = CARTESIAN_POINT('',(147.79620043482,79.023932448999,
    -52.66456215514));
#3170 = DIRECTION('',(1.114535209586E-27,1.,3.066864999388E-27));
#3171 = DIRECTION('',(0.,-3.066864999388E-27,1.));
#3172 = ADVANCED_FACE('',(#3173),#3184,.F.);
#3173 = FACE_BOUND('',#3174,.F.);
#3174 = EDGE_LOOP('',(#3175,#3176,#3177,#3178));
#3175 = ORIENTED_EDGE('',*,*,#1244,.T.);
#3176 = ORIENTED_EDGE('',*,*,#3162,.T.);
#3177 = ORIENTED_EDGE('',*,*,#1962,.F.);
#3178 = ORIENTED_EDGE('',*,*,#3179,.F.);
#3179 = EDGE_CURVE('',#1237,#1955,#3180,.T.);
#3180 = LINE('',#3181,#3182);
#3181 = CARTESIAN_POINT('',(150.85584936772,79.023932448999,
    -53.90679915768));
#3182 = VECTOR('',#3183,1.);
#3183 = DIRECTION('',(0.342020094348,0.,0.939692638612));
#3184 = PLANE('',#3185);
#3185 = AXIS2_PLACEMENT_3D('',#3186,#3187,#3188);
#3186 = CARTESIAN_POINT('',(150.87369344932,79.023932448999,
    -53.78467782693));
#3187 = DIRECTION('',(-6.273299625932E-25,1.,2.179955472415E-25));
#3188 = DIRECTION('',(1.,6.273299625932E-25,0.));
#3189 = ADVANCED_FACE('',(#3190),#3201,.F.);
#3190 = FACE_BOUND('',#3191,.F.);
#3191 = EDGE_LOOP('',(#3192,#3193,#3194,#3195));
#3192 = ORIENTED_EDGE('',*,*,#1236,.T.);
#3193 = ORIENTED_EDGE('',*,*,#3179,.T.);
#3194 = ORIENTED_EDGE('',*,*,#1954,.F.);
#3195 = ORIENTED_EDGE('',*,*,#3196,.F.);
#3196 = EDGE_CURVE('',#1229,#1947,#3197,.T.);
#3197 = LINE('',#3198,#3199);
#3198 = CARTESIAN_POINT('',(150.94230107988,79.061932444344,
    -53.9382650025));
#3199 = VECTOR('',#3200,1.);
#3200 = DIRECTION('',(0.342020094348,0.,0.939692638612));
#3201 = PLANE('',#3202);
#3202 = AXIS2_PLACEMENT_3D('',#3203,#3204,#3205);
#3203 = CARTESIAN_POINT('',(150.94041161849,79.042932446672,
    -53.80896125065));
#3204 = DIRECTION('',(-0.358737206824,0.92426142649,0.130569644033));
#3205 = DIRECTION('',(0.932242221762,0.361834824145,-6.938893903907E-18)
  );
#3206 = ADVANCED_FACE('',(#3207),#3218,.F.);
#3207 = FACE_BOUND('',#3208,.F.);
#3208 = EDGE_LOOP('',(#3209,#3210,#3211,#3212));
#3209 = ORIENTED_EDGE('',*,*,#1228,.T.);
#3210 = ORIENTED_EDGE('',*,*,#3196,.T.);
#3211 = ORIENTED_EDGE('',*,*,#1946,.F.);
#3212 = ORIENTED_EDGE('',*,*,#3213,.F.);
#3213 = EDGE_CURVE('',#1221,#1939,#3214,.T.);
#3214 = LINE('',#3215,#3216);
#3215 = CARTESIAN_POINT('',(151.00807955653,79.13193243577,
    -53.96220640618));
#3216 = VECTOR('',#3217,1.);
#3217 = DIRECTION('',(0.342020094348,0.,0.939692638612));
#3218 = PLANE('',#3219);
#3219 = AXIS2_PLACEMENT_3D('',#3220,#3221,#3222);
#3220 = CARTESIAN_POINT('',(151.0165267129,79.096932440057,
    -53.8366648749));
#3221 = DIRECTION('',(-0.664463036994,0.707106781187,0.241844728016));
#3222 = DIRECTION('',(0.728739438336,0.684791085671,0.));
#3223 = ADVANCED_FACE('',(#3224),#3235,.F.);
#3224 = FACE_BOUND('',#3225,.F.);
#3225 = EDGE_LOOP('',(#3226,#3227,#3228,#3229));
#3226 = ORIENTED_EDGE('',*,*,#1220,.T.);
#3227 = ORIENTED_EDGE('',*,*,#3213,.T.);
#3228 = ORIENTED_EDGE('',*,*,#1938,.F.);
#3229 = ORIENTED_EDGE('',*,*,#3230,.F.);
#3230 = EDGE_CURVE('',#1213,#1931,#3231,.T.);
#3231 = LINE('',#3232,#3233);
#3232 = CARTESIAN_POINT('',(151.04378787242,79.223932424501,
    -53.97520316817));
#3233 = VECTOR('',#3234,1.);
#3234 = DIRECTION('',(0.342020094348,0.,0.939692638612));
#3235 = PLANE('',#3236);
#3236 = AXIS2_PLACEMENT_3D('',#3237,#3238,#3239);
#3237 = CARTESIAN_POINT('',(151.06727010917,79.177932430136,
    -53.85513395773));
#3238 = DIRECTION('',(-0.868521658626,0.38176015442,0.316115980291));
#3239 = DIRECTION('',(-0.402394733999,-0.91546626265,-1.387778780781E-17
    ));
#3240 = ADVANCED_FACE('',(#3241),#3252,.F.);
#3241 = FACE_BOUND('',#3242,.F.);
#3242 = EDGE_LOOP('',(#3243,#3244,#3245,#3246));
#3243 = ORIENTED_EDGE('',*,*,#1212,.T.);
#3244 = ORIENTED_EDGE('',*,*,#3230,.T.);
#3245 = ORIENTED_EDGE('',*,*,#1930,.F.);
#3246 = ORIENTED_EDGE('',*,*,#3247,.F.);
#3247 = EDGE_CURVE('',#1205,#1923,#3248,.T.);
#3248 = LINE('',#3249,#3250);
#3249 = CARTESIAN_POINT('',(151.04378787242,79.273932418377,
    -53.97520316817));
#3250 = VECTOR('',#3251,1.);
#3251 = DIRECTION('',(0.342020094348,0.,0.939692638612));
#3252 = PLANE('',#3253);
#3253 = AXIS2_PLACEMENT_3D('',#3254,#3255,#3256);
#3254 = CARTESIAN_POINT('',(151.08512426711,79.248932421439,
    -53.86163233873));
#3255 = DIRECTION('',(-0.939692638612,6.753552867026E-17,0.342020094348)
  );
#3256 = DIRECTION('',(-0.342020094348,3.08148791102E-33,-0.939692638612)
  );
#3257 = ADVANCED_FACE('',(#3258),#3269,.F.);
#3258 = FACE_BOUND('',#3259,.F.);
#3259 = EDGE_LOOP('',(#3260,#3261,#3262,#3263));
#3260 = ORIENTED_EDGE('',*,*,#1204,.T.);
#3261 = ORIENTED_EDGE('',*,*,#3247,.T.);
#3262 = ORIENTED_EDGE('',*,*,#1922,.F.);
#3263 = ORIENTED_EDGE('',*,*,#3264,.F.);
#3264 = EDGE_CURVE('',#1197,#1915,#3265,.T.);
#3265 = LINE('',#3266,#3267);
#3266 = CARTESIAN_POINT('',(151.04378787242,81.273932173402,
    -53.97520316817));
#3267 = VECTOR('',#3268,1.);
#3268 = DIRECTION('',(0.342020094348,0.,0.939692638612));
#3269 = PLANE('',#3270);
#3270 = AXIS2_PLACEMENT_3D('',#3271,#3272,#3273);
#3271 = CARTESIAN_POINT('',(151.08512426711,80.273932295889,
    -53.86163233873));
#3272 = DIRECTION('',(-0.939692638612,2.64667604622E-19,0.342020094348)
  );
#3273 = DIRECTION('',(-0.342020094348,0.,-0.939692638612));
#3274 = ADVANCED_FACE('',(#3275),#3286,.F.);
#3275 = FACE_BOUND('',#3276,.F.);
#3276 = EDGE_LOOP('',(#3277,#3278,#3279,#3280));
#3277 = ORIENTED_EDGE('',*,*,#1196,.T.);
#3278 = ORIENTED_EDGE('',*,*,#3264,.T.);
#3279 = ORIENTED_EDGE('',*,*,#1914,.F.);
#3280 = ORIENTED_EDGE('',*,*,#3281,.F.);
#3281 = EDGE_CURVE('',#1189,#1907,#3282,.T.);
#3282 = LINE('',#3283,#3284);
#3283 = CARTESIAN_POINT('',(151.04378787242,81.323932167277,
    -53.97520316817));
#3284 = VECTOR('',#3285,1.);
#3285 = DIRECTION('',(0.342020094348,0.,0.939692638612));
#3286 = PLANE('',#3287);
#3287 = AXIS2_PLACEMENT_3D('',#3288,#3289,#3290);
#3288 = CARTESIAN_POINT('',(151.08512426711,81.298932170339,
    -53.86163233873));
#3289 = DIRECTION('',(-0.939692638612,-4.916183641024E-17,0.342020094348
    ));
#3290 = DIRECTION('',(-0.342020094348,0.,-0.939692638612));
#3291 = ADVANCED_FACE('',(#3292),#3303,.F.);
#3292 = FACE_BOUND('',#3293,.F.);
#3293 = EDGE_LOOP('',(#3294,#3295,#3296,#3297));
#3294 = ORIENTED_EDGE('',*,*,#1188,.T.);
#3295 = ORIENTED_EDGE('',*,*,#3281,.T.);
#3296 = ORIENTED_EDGE('',*,*,#1906,.F.);
#3297 = ORIENTED_EDGE('',*,*,#3298,.F.);
#3298 = EDGE_CURVE('',#1181,#1899,#3299,.T.);
#3299 = LINE('',#3300,#3301);
#3300 = CARTESIAN_POINT('',(151.00807955653,81.415932156008,
    -53.96220640618));
#3301 = VECTOR('',#3302,1.);
#3302 = DIRECTION('',(0.342020094348,0.,0.939692638612));
#3303 = PLANE('',#3304);
#3304 = AXIS2_PLACEMENT_3D('',#3305,#3306,#3307);
#3305 = CARTESIAN_POINT('',(151.06727010917,81.369932161643,
    -53.85513395773));
#3306 = DIRECTION('',(-0.868521658626,-0.38176015442,0.316115980291));
#3307 = DIRECTION('',(0.402394733999,-0.91546626265,-1.387778780781E-17)
  );
#3308 = ADVANCED_FACE('',(#3309),#3320,.F.);
#3309 = FACE_BOUND('',#3310,.F.);
#3310 = EDGE_LOOP('',(#3311,#3312,#3313,#3314));
#3311 = ORIENTED_EDGE('',*,*,#1180,.T.);
#3312 = ORIENTED_EDGE('',*,*,#3298,.T.);
#3313 = ORIENTED_EDGE('',*,*,#1898,.F.);
#3314 = ORIENTED_EDGE('',*,*,#3315,.F.);
#3315 = EDGE_CURVE('',#1173,#1891,#3316,.T.);
#3316 = LINE('',#3317,#3318);
#3317 = CARTESIAN_POINT('',(150.94230107988,81.485932147434,
    -53.9382650025));
#3318 = VECTOR('',#3319,1.);
#3319 = DIRECTION('',(0.342020094348,0.,0.939692638612));
#3320 = PLANE('',#3321);
#3321 = AXIS2_PLACEMENT_3D('',#3322,#3323,#3324);
#3322 = CARTESIAN_POINT('',(151.0165267129,81.450932151721,
    -53.8366648749));
#3323 = DIRECTION('',(-0.664463036994,-0.707106781187,0.241844728016));
#3324 = DIRECTION('',(-0.728739438336,0.68479108567,0.));
#3325 = ADVANCED_FACE('',(#3326),#3337,.F.);
#3326 = FACE_BOUND('',#3327,.F.);
#3327 = EDGE_LOOP('',(#3328,#3329,#3330,#3331));
#3328 = ORIENTED_EDGE('',*,*,#1172,.T.);
#3329 = ORIENTED_EDGE('',*,*,#3315,.T.);
#3330 = ORIENTED_EDGE('',*,*,#1890,.F.);
#3331 = ORIENTED_EDGE('',*,*,#3332,.F.);
#3332 = EDGE_CURVE('',#1165,#1883,#3333,.T.);
#3333 = LINE('',#3334,#3335);
#3334 = CARTESIAN_POINT('',(150.85584936772,81.52393214278,
    -53.90679915768));
#3335 = VECTOR('',#3336,1.);
#3336 = DIRECTION('',(0.342020094348,0.,0.939692638612));
#3337 = PLANE('',#3338);
#3338 = AXIS2_PLACEMENT_3D('',#3339,#3340,#3341);
#3339 = CARTESIAN_POINT('',(150.94041161849,81.504932145107,
    -53.80896125065));
#3340 = DIRECTION('',(-0.358737206824,-0.92426142649,0.130569644033));
#3341 = DIRECTION('',(-0.932242221762,0.361834824145,0.));
#3342 = ADVANCED_FACE('',(#3343),#3354,.F.);
#3343 = FACE_BOUND('',#3344,.F.);
#3344 = EDGE_LOOP('',(#3345,#3346,#3347,#3348));
#3345 = ORIENTED_EDGE('',*,*,#1164,.T.);
#3346 = ORIENTED_EDGE('',*,*,#3332,.T.);
#3347 = ORIENTED_EDGE('',*,*,#1882,.F.);
#3348 = ORIENTED_EDGE('',*,*,#3349,.F.);
#3349 = EDGE_CURVE('',#1157,#1875,#3350,.T.);
#3350 = LINE('',#3351,#3352);
#3351 = CARTESIAN_POINT('',(150.80886474154,81.52393214278,
    -53.88969815506));
#3352 = VECTOR('',#3353,1.);
#3353 = DIRECTION('',(0.342020094348,0.,0.939692638612));
#3354 = PLANE('',#3355);
#3355 = AXIS2_PLACEMENT_3D('',#3356,#3357,#3358);
#3356 = CARTESIAN_POINT('',(150.87369344932,81.52393214278,
    -53.78467782693));
#3357 = DIRECTION('',(8.856784954677E-25,-1.,-3.107210910685E-25));
#3358 = DIRECTION('',(-1.,-8.856784954677E-25,0.));
#3359 = ADVANCED_FACE('',(#3360),#3371,.F.);
#3360 = FACE_BOUND('',#3361,.F.);
#3361 = EDGE_LOOP('',(#3362,#3363,#3364,#3365));
#3362 = ORIENTED_EDGE('',*,*,#1156,.T.);
#3363 = ORIENTED_EDGE('',*,*,#3349,.T.);
#3364 = ORIENTED_EDGE('',*,*,#1874,.F.);
#3365 = ORIENTED_EDGE('',*,*,#3366,.F.);
#3366 = EDGE_CURVE('',#1149,#1867,#3367,.T.);
#3367 = LINE('',#3368,#3369);
#3368 = CARTESIAN_POINT('',(144.70086333872,81.52393214278,
    -51.6665678141));
#3369 = VECTOR('',#3370,1.);
#3370 = DIRECTION('',(0.342020094348,0.,0.939692638612));
#3371 = PLANE('',#3372);
#3372 = AXIS2_PLACEMENT_3D('',#3373,#3374,#3375);
#3373 = CARTESIAN_POINT('',(147.79620043482,81.52393214278,
    -52.66456215514));
#3374 = DIRECTION('',(-1.064759853399E-27,-1.,-2.930090149304E-27));
#3375 = DIRECTION('',(0.,2.930090149304E-27,-1.));
#3376 = ADVANCED_FACE('',(#3377),#3388,.F.);
#3377 = FACE_BOUND('',#3378,.F.);
#3378 = EDGE_LOOP('',(#3379,#3380,#3381,#3382));
#3379 = ORIENTED_EDGE('',*,*,#1148,.T.);
#3380 = ORIENTED_EDGE('',*,*,#3366,.T.);
#3381 = ORIENTED_EDGE('',*,*,#1866,.F.);
#3382 = ORIENTED_EDGE('',*,*,#3383,.F.);
#3383 = EDGE_CURVE('',#1141,#1859,#3384,.T.);
#3384 = LINE('',#3385,#3386);
#3385 = CARTESIAN_POINT('',(144.65481840507,81.528932142167,
    -51.64980883153));
#3386 = VECTOR('',#3387,1.);
#3387 = DIRECTION('',(0.342020094348,0.,0.939692638612));
#3388 = PLANE('',#3389);
#3389 = AXIS2_PLACEMENT_3D('',#3390,#3391,#3392);
#3390 = CARTESIAN_POINT('',(144.71917726659,81.526432142473,
    -51.54461749337));
#3391 = DIRECTION('',(-9.539166534464E-02,-0.994834142531,
    3.471972115203E-02));
#3392 = DIRECTION('',(-0.995434301089,9.544921275066E-02,0.));
#3393 = ADVANCED_FACE('',(#3394),#3405,.F.);
#3394 = FACE_BOUND('',#3395,.F.);
#3395 = EDGE_LOOP('',(#3396,#3397,#3398,#3399));
#3396 = ORIENTED_EDGE('',*,*,#1140,.T.);
#3397 = ORIENTED_EDGE('',*,*,#3383,.T.);
#3398 = ORIENTED_EDGE('',*,*,#1858,.F.);
#3399 = ORIENTED_EDGE('',*,*,#3400,.F.);
#3400 = EDGE_CURVE('',#1133,#1851,#3401,.T.);
#3401 = LINE('',#3402,#3403);
#3402 = CARTESIAN_POINT('',(144.57024607795,81.565932137635,
    -51.61902702681));
#3403 = VECTOR('',#3404,1.);
#3404 = DIRECTION('',(0.342020094348,0.,0.939692638612));
#3405 = PLANE('',#3406);
#3406 = AXIS2_PLACEMENT_3D('',#3407,#3408,#3409);
#3407 = CARTESIAN_POINT('',(144.6538686362,81.547432139901,
    -51.52084709972));
#3408 = DIRECTION('',(-0.357302035622,-0.924890782271,0.130047284519));
#3409 = DIRECTION('',(-0.932812418321,0.360362306889,0.));
#3410 = ADVANCED_FACE('',(#3411),#3422,.F.);
#3411 = FACE_BOUND('',#3412,.F.);
#3412 = EDGE_LOOP('',(#3413,#3414,#3415,#3416));
#3413 = ORIENTED_EDGE('',*,*,#1132,.T.);
#3414 = ORIENTED_EDGE('',*,*,#3400,.T.);
#3415 = ORIENTED_EDGE('',*,*,#1850,.F.);
#3416 = ORIENTED_EDGE('',*,*,#3417,.F.);
#3417 = EDGE_CURVE('',#1125,#1843,#3418,.T.);
#3418 = LINE('',#3419,#3420);
#3419 = CARTESIAN_POINT('',(144.50540729383,81.634932129184,
    -51.59542764319));
#3420 = VECTOR('',#3421,1.);
#3421 = DIRECTION('',(0.342020094348,0.,0.939692638612));
#3422 = PLANE('',#3423);
#3423 = AXIS2_PLACEMENT_3D('',#3424,#3425,#3426);
#3424 = CARTESIAN_POINT('',(144.57916308058,81.600432133409,
    -51.49365650555));
#3425 = DIRECTION('',(-0.664463036994,-0.707106781186,0.241844728016));
#3426 = DIRECTION('',(-0.728739438336,0.684791085671,-1.387778780781E-17
    ));
#3427 = ADVANCED_FACE('',(#3428),#3439,.F.);
#3428 = FACE_BOUND('',#3429,.F.);
#3429 = EDGE_LOOP('',(#3430,#3431,#3432,#3433));
#3430 = ORIENTED_EDGE('',*,*,#1124,.T.);
#3431 = ORIENTED_EDGE('',*,*,#3417,.T.);
#3432 = ORIENTED_EDGE('',*,*,#1842,.F.);
#3433 = ORIENTED_EDGE('',*,*,#3434,.F.);
#3434 = EDGE_CURVE('',#1117,#1835,#3435,.T.);
#3435 = LINE('',#3436,#3437);
#3436 = CARTESIAN_POINT('',(144.47063867046,81.72493211816,
    -51.58277290125));
#3437 = VECTOR('',#3438,1.);
#3438 = DIRECTION('',(0.342020094348,0.,0.939692638612));
#3439 = PLANE('',#3440);
#3440 = AXIS2_PLACEMENT_3D('',#3441,#3442,#3443);
#3441 = CARTESIAN_POINT('',(144.52935937684,81.679932123672,
    -51.47552944277));
#3442 = DIRECTION('',(-0.86911305962,-0.380232877156,0.316331232614));
#3443 = DIRECTION('',(0.400815218432,-0.916158916713,1.387778780781E-17)
  );
#3444 = ADVANCED_FACE('',(#3445),#3456,.F.);
#3445 = FACE_BOUND('',#3446,.F.);
#3446 = EDGE_LOOP('',(#3447,#3448,#3449,#3450));
#3447 = ORIENTED_EDGE('',*,*,#1116,.T.);
#3448 = ORIENTED_EDGE('',*,*,#3434,.T.);
#3449 = ORIENTED_EDGE('',*,*,#1834,.F.);
#3450 = ORIENTED_EDGE('',*,*,#3451,.F.);
#3451 = EDGE_CURVE('',#1109,#1827,#3452,.T.);
#3452 = LINE('',#3453,#3454);
#3453 = CARTESIAN_POINT('',(144.46594020784,81.773932112158,
    -51.58106280098));
#3454 = VECTOR('',#3455,1.);
#3455 = DIRECTION('',(0.342020094348,0.,0.939692638612));
#3456 = PLANE('',#3457);
#3457 = AXIS2_PLACEMENT_3D('',#3458,#3459,#3460);
#3458 = CARTESIAN_POINT('',(144.50962583384,81.749432115159,
    -51.46834702167));
#3459 = DIRECTION('',(-0.934838320377,-0.101513688014,0.34025326729));
#3460 = DIRECTION('',(-0.342020094348,6.938893903907E-18,-0.939692638612
    ));
#3461 = ADVANCED_FACE('',(#3462),#3473,.F.);
#3462 = FACE_BOUND('',#3463,.F.);
#3463 = EDGE_LOOP('',(#3464,#3465,#3466,#3467));
#3464 = ORIENTED_EDGE('',*,*,#1108,.T.);
#3465 = ORIENTED_EDGE('',*,*,#3451,.T.);
#3466 = ORIENTED_EDGE('',*,*,#1826,.F.);
#3467 = ORIENTED_EDGE('',*,*,#3468,.F.);
#3468 = EDGE_CURVE('',#1101,#1819,#3469,.T.);
#3469 = LINE('',#3470,#3471);
#3470 = CARTESIAN_POINT('',(144.46594020784,83.773931867182,
    -51.58106280098));
#3471 = VECTOR('',#3472,1.);
#3472 = DIRECTION('',(0.342020094348,0.,0.939692638612));
#3473 = PLANE('',#3474);
#3474 = AXIS2_PLACEMENT_3D('',#3475,#3476,#3477);
#3475 = CARTESIAN_POINT('',(144.50727660253,82.77393198967,
    -51.46749197154));
#3476 = DIRECTION('',(-0.939692638612,1.307457966833E-16,0.342020094348)
  );
#3477 = DIRECTION('',(-0.342020094348,0.,-0.939692638612));
#3478 = ADVANCED_FACE('',(#3479),#3490,.F.);
#3479 = FACE_BOUND('',#3480,.F.);
#3480 = EDGE_LOOP('',(#3481,#3482,#3483,#3484));
#3481 = ORIENTED_EDGE('',*,*,#1100,.T.);
#3482 = ORIENTED_EDGE('',*,*,#3468,.T.);
#3483 = ORIENTED_EDGE('',*,*,#1818,.F.);
#3484 = ORIENTED_EDGE('',*,*,#3485,.F.);
#3485 = EDGE_CURVE('',#1093,#1811,#3486,.T.);
#3486 = LINE('',#3487,#3488);
#3487 = CARTESIAN_POINT('',(144.47063867046,83.822931861181,
    -51.58277290125));
#3488 = VECTOR('',#3489,1.);
#3489 = DIRECTION('',(0.342020094348,0.,0.939692638612));
#3490 = PLANE('',#3491);
#3491 = AXIS2_PLACEMENT_3D('',#3492,#3493,#3494);
#3492 = CARTESIAN_POINT('',(144.50962583384,83.798431864181,
    -51.46834702167));
#3493 = DIRECTION('',(-0.934838320377,0.101513688014,0.34025326729));
#3494 = DIRECTION('',(-0.342020094348,-6.938893903907E-18,
    -0.939692638612));
#3495 = ADVANCED_FACE('',(#3496),#3507,.F.);
#3496 = FACE_BOUND('',#3497,.F.);
#3497 = EDGE_LOOP('',(#3498,#3499,#3500,#3501));
#3498 = ORIENTED_EDGE('',*,*,#1092,.T.);
#3499 = ORIENTED_EDGE('',*,*,#3485,.T.);
#3500 = ORIENTED_EDGE('',*,*,#1810,.F.);
#3501 = ORIENTED_EDGE('',*,*,#3502,.F.);
#3502 = EDGE_CURVE('',#1085,#1803,#3503,.T.);
#3503 = LINE('',#3504,#3505);
#3504 = CARTESIAN_POINT('',(144.50540729383,83.912931850157,
    -51.59542764319));
#3505 = VECTOR('',#3506,1.);
#3506 = DIRECTION('',(0.342020094348,0.,0.939692638612));
#3507 = PLANE('',#3508);
#3508 = AXIS2_PLACEMENT_3D('',#3509,#3510,#3511);
#3509 = CARTESIAN_POINT('',(144.52935937684,83.867931855669,
    -51.47552944277));
#3510 = DIRECTION('',(-0.86911305962,0.380232877156,0.316331232614));
#3511 = DIRECTION('',(-0.400815218432,-0.916158916713,0.));
#3512 = ADVANCED_FACE('',(#3513),#3524,.F.);
#3513 = FACE_BOUND('',#3514,.F.);
#3514 = EDGE_LOOP('',(#3515,#3516,#3517,#3518));
#3515 = ORIENTED_EDGE('',*,*,#1084,.T.);
#3516 = ORIENTED_EDGE('',*,*,#3502,.T.);
#3517 = ORIENTED_EDGE('',*,*,#1802,.F.);
#3518 = ORIENTED_EDGE('',*,*,#3519,.F.);
#3519 = EDGE_CURVE('',#1077,#1795,#3520,.T.);
#3520 = LINE('',#3521,#3522);
#3521 = CARTESIAN_POINT('',(144.57024607795,83.981931841705,
    -51.61902702681));
#3522 = VECTOR('',#3523,1.);
#3523 = DIRECTION('',(0.342020094348,0.,0.939692638612));
#3524 = PLANE('',#3525);
#3525 = AXIS2_PLACEMENT_3D('',#3526,#3527,#3528);
#3526 = CARTESIAN_POINT('',(144.57916308058,83.947431845931,
    -51.49365650555));
#3527 = DIRECTION('',(-0.664463036994,0.707106781186,0.241844728016));
#3528 = DIRECTION('',(0.728739438336,0.684791085671,-1.387778780781E-17)
  );
#3529 = ADVANCED_FACE('',(#3530),#3541,.F.);
#3530 = FACE_BOUND('',#3531,.F.);
#3531 = EDGE_LOOP('',(#3532,#3533,#3534,#3535));
#3532 = ORIENTED_EDGE('',*,*,#1076,.T.);
#3533 = ORIENTED_EDGE('',*,*,#3519,.T.);
#3534 = ORIENTED_EDGE('',*,*,#1794,.F.);
#3535 = ORIENTED_EDGE('',*,*,#3536,.F.);
#3536 = EDGE_CURVE('',#1069,#1787,#3537,.T.);
#3537 = LINE('',#3538,#3539);
#3538 = CARTESIAN_POINT('',(144.65481840507,84.018931837173,
    -51.64980883153));
#3539 = VECTOR('',#3540,1.);
#3540 = DIRECTION('',(0.342020094348,0.,0.939692638612));
#3541 = PLANE('',#3542);
#3542 = AXIS2_PLACEMENT_3D('',#3543,#3544,#3545);
#3543 = CARTESIAN_POINT('',(144.6538686362,84.000431839439,
    -51.52084709972));
#3544 = DIRECTION('',(-0.357302035622,0.924890782271,0.130047284519));
#3545 = DIRECTION('',(0.932812418321,0.360362306889,6.938893903907E-18)
  );
#3546 = ADVANCED_FACE('',(#3547),#3558,.F.);
#3547 = FACE_BOUND('',#3548,.F.);
#3548 = EDGE_LOOP('',(#3549,#3550,#3551,#3552));
#3549 = ORIENTED_EDGE('',*,*,#1068,.T.);
#3550 = ORIENTED_EDGE('',*,*,#3536,.T.);
#3551 = ORIENTED_EDGE('',*,*,#1786,.F.);
#3552 = ORIENTED_EDGE('',*,*,#3553,.F.);
#3553 = EDGE_CURVE('',#1061,#1779,#3554,.T.);
#3554 = LINE('',#3555,#3556);
#3555 = CARTESIAN_POINT('',(144.70086333872,84.02393183656,
    -51.6665678141));
#3556 = VECTOR('',#3557,1.);
#3557 = DIRECTION('',(0.342020094348,0.,0.939692638612));
#3558 = PLANE('',#3559);
#3559 = AXIS2_PLACEMENT_3D('',#3560,#3561,#3562);
#3560 = CARTESIAN_POINT('',(144.71917726659,84.021431836867,
    -51.54461749337));
#3561 = DIRECTION('',(-9.539166534459E-02,0.994834142531,
    3.471972115201E-02));
#3562 = DIRECTION('',(0.995434301089,9.544921275062E-02,
    4.336808689942E-19));
#3563 = ADVANCED_FACE('',(#3564),#3575,.F.);
#3564 = FACE_BOUND('',#3565,.F.);
#3565 = EDGE_LOOP('',(#3566,#3567,#3568,#3569));
#3566 = ORIENTED_EDGE('',*,*,#1060,.T.);
#3567 = ORIENTED_EDGE('',*,*,#3553,.T.);
#3568 = ORIENTED_EDGE('',*,*,#1778,.F.);
#3569 = ORIENTED_EDGE('',*,*,#3570,.F.);
#3570 = EDGE_CURVE('',#1053,#1771,#3571,.T.);
#3571 = LINE('',#3572,#3573);
#3572 = CARTESIAN_POINT('',(150.80886474154,84.02393183656,
    -53.88969815506));
#3573 = VECTOR('',#3574,1.);
#3574 = DIRECTION('',(0.342020094348,0.,0.939692638612));
#3575 = PLANE('',#3576);
#3576 = AXIS2_PLACEMENT_3D('',#3577,#3578,#3579);
#3577 = CARTESIAN_POINT('',(147.79620043482,84.02393183656,
    -52.66456215514));
#3578 = DIRECTION('',(-1.114535209586E-27,1.,-3.066864999388E-27));
#3579 = DIRECTION('',(0.,3.066864999388E-27,1.));
#3580 = ADVANCED_FACE('',(#3581),#3592,.F.);
#3581 = FACE_BOUND('',#3582,.F.);
#3582 = EDGE_LOOP('',(#3583,#3584,#3585,#3586));
#3583 = ORIENTED_EDGE('',*,*,#1052,.T.);
#3584 = ORIENTED_EDGE('',*,*,#3570,.T.);
#3585 = ORIENTED_EDGE('',*,*,#1770,.F.);
#3586 = ORIENTED_EDGE('',*,*,#3587,.F.);
#3587 = EDGE_CURVE('',#1045,#1763,#3588,.T.);
#3588 = LINE('',#3589,#3590);
#3589 = CARTESIAN_POINT('',(150.85584936772,84.02393183656,
    -53.90679915768));
#3590 = VECTOR('',#3591,1.);
#3591 = DIRECTION('',(0.342020094348,0.,0.939692638612));
#3592 = PLANE('',#3593);
#3593 = AXIS2_PLACEMENT_3D('',#3594,#3595,#3596);
#3594 = CARTESIAN_POINT('',(150.87369344932,84.02393183656,
    -53.78467782693));
#3595 = DIRECTION('',(2.213003932398E-13,1.,-8.054674290843E-14));
#3596 = DIRECTION('',(1.,-2.213003932398E-13,0.));
#3597 = ADVANCED_FACE('',(#3598),#3609,.F.);
#3598 = FACE_BOUND('',#3599,.F.);
#3599 = EDGE_LOOP('',(#3600,#3601,#3602,#3603));
#3600 = ORIENTED_EDGE('',*,*,#1044,.T.);
#3601 = ORIENTED_EDGE('',*,*,#3587,.T.);
#3602 = ORIENTED_EDGE('',*,*,#1762,.F.);
#3603 = ORIENTED_EDGE('',*,*,#3604,.F.);
#3604 = EDGE_CURVE('',#1037,#1755,#3605,.T.);
#3605 = LINE('',#3606,#3607);
#3606 = CARTESIAN_POINT('',(150.94230107988,84.061931831906,
    -53.9382650025));
#3607 = VECTOR('',#3608,1.);
#3608 = DIRECTION('',(0.342020094348,0.,0.939692638612));
#3609 = PLANE('',#3610);
#3610 = AXIS2_PLACEMENT_3D('',#3611,#3612,#3613);
#3611 = CARTESIAN_POINT('',(150.94041161849,84.042931834233,
    -53.80896125065));
#3612 = DIRECTION('',(-0.358737206824,0.92426142649,0.130569644033));
#3613 = DIRECTION('',(0.932242221762,0.361834824145,-6.938893903907E-18)
  );
#3614 = ADVANCED_FACE('',(#3615),#3626,.F.);
#3615 = FACE_BOUND('',#3616,.F.);
#3616 = EDGE_LOOP('',(#3617,#3618,#3619,#3620));
#3617 = ORIENTED_EDGE('',*,*,#1036,.T.);
#3618 = ORIENTED_EDGE('',*,*,#3604,.T.);
#3619 = ORIENTED_EDGE('',*,*,#1754,.F.);
#3620 = ORIENTED_EDGE('',*,*,#3621,.F.);
#3621 = EDGE_CURVE('',#1029,#1747,#3622,.T.);
#3622 = LINE('',#3623,#3624);
#3623 = CARTESIAN_POINT('',(151.00807955653,84.131931823332,
    -53.96220640618));
#3624 = VECTOR('',#3625,1.);
#3625 = DIRECTION('',(0.342020094348,0.,0.939692638612));
#3626 = PLANE('',#3627);
#3627 = AXIS2_PLACEMENT_3D('',#3628,#3629,#3630);
#3628 = CARTESIAN_POINT('',(151.0165267129,84.096931827619,
    -53.8366648749));
#3629 = DIRECTION('',(-0.664463036994,0.707106781186,0.241844728016));
#3630 = DIRECTION('',(0.728739438336,0.684791085671,1.387778780781E-17)
  );
#3631 = ADVANCED_FACE('',(#3632),#3643,.F.);
#3632 = FACE_BOUND('',#3633,.F.);
#3633 = EDGE_LOOP('',(#3634,#3635,#3636,#3637));
#3634 = ORIENTED_EDGE('',*,*,#1028,.T.);
#3635 = ORIENTED_EDGE('',*,*,#3621,.T.);
#3636 = ORIENTED_EDGE('',*,*,#1746,.F.);
#3637 = ORIENTED_EDGE('',*,*,#3638,.F.);
#3638 = EDGE_CURVE('',#1021,#1739,#3639,.T.);
#3639 = LINE('',#3640,#3641);
#3640 = CARTESIAN_POINT('',(151.04378787242,84.223931812063,
    -53.97520316817));
#3641 = VECTOR('',#3642,1.);
#3642 = DIRECTION('',(0.342020094348,0.,0.939692638612));
#3643 = PLANE('',#3644);
#3644 = AXIS2_PLACEMENT_3D('',#3645,#3646,#3647);
#3645 = CARTESIAN_POINT('',(151.06727010917,84.177931817697,
    -53.85513395773));
#3646 = DIRECTION('',(-0.868521658626,0.38176015442,0.316115980291));
#3647 = DIRECTION('',(-0.402394733999,-0.91546626265,-1.387778780781E-17
    ));
#3648 = ADVANCED_FACE('',(#3649),#3660,.F.);
#3649 = FACE_BOUND('',#3650,.F.);
#3650 = EDGE_LOOP('',(#3651,#3652,#3653,#3654));
#3651 = ORIENTED_EDGE('',*,*,#1020,.T.);
#3652 = ORIENTED_EDGE('',*,*,#3638,.T.);
#3653 = ORIENTED_EDGE('',*,*,#1738,.F.);
#3654 = ORIENTED_EDGE('',*,*,#3655,.F.);
#3655 = EDGE_CURVE('',#1013,#1731,#3656,.T.);
#3656 = LINE('',#3657,#3658);
#3657 = CARTESIAN_POINT('',(151.04378787242,84.273931805939,
    -53.97520316817));
#3658 = VECTOR('',#3659,1.);
#3659 = DIRECTION('',(0.342020094348,0.,0.939692638612));
#3660 = PLANE('',#3661);
#3661 = AXIS2_PLACEMENT_3D('',#3662,#3663,#3664);
#3662 = CARTESIAN_POINT('',(151.08512426711,84.248931809001,
    -53.86163233873));
#3663 = DIRECTION('',(-0.939692638612,-4.916183641024E-17,0.342020094348
    ));
#3664 = DIRECTION('',(-0.342020094348,0.,-0.939692638612));
#3665 = ADVANCED_FACE('',(#3666),#3677,.F.);
#3666 = FACE_BOUND('',#3667,.F.);
#3667 = EDGE_LOOP('',(#3668,#3669,#3670,#3671));
#3668 = ORIENTED_EDGE('',*,*,#1012,.T.);
#3669 = ORIENTED_EDGE('',*,*,#3655,.T.);
#3670 = ORIENTED_EDGE('',*,*,#1730,.F.);
#3671 = ORIENTED_EDGE('',*,*,#3672,.F.);
#3672 = EDGE_CURVE('',#1005,#1723,#3673,.T.);
#3673 = LINE('',#3674,#3675);
#3674 = CARTESIAN_POINT('',(151.04378787242,86.273931560963,
    -53.97520316817));
#3675 = VECTOR('',#3676,1.);
#3676 = DIRECTION('',(0.342020094348,0.,0.939692638612));
#3677 = PLANE('',#3678);
#3678 = AXIS2_PLACEMENT_3D('',#3679,#3680,#3681);
#3679 = CARTESIAN_POINT('',(151.08512426711,85.273931683451,
    -53.86163233873));
#3680 = DIRECTION('',(-0.939692638612,2.64667604622E-19,0.342020094348)
  );
#3681 = DIRECTION('',(-0.342020094348,0.,-0.939692638612));
#3682 = ADVANCED_FACE('',(#3683),#3694,.F.);
#3683 = FACE_BOUND('',#3684,.F.);
#3684 = EDGE_LOOP('',(#3685,#3686,#3687,#3688));
#3685 = ORIENTED_EDGE('',*,*,#1004,.T.);
#3686 = ORIENTED_EDGE('',*,*,#3672,.T.);
#3687 = ORIENTED_EDGE('',*,*,#1722,.F.);
#3688 = ORIENTED_EDGE('',*,*,#3689,.F.);
#3689 = EDGE_CURVE('',#997,#1715,#3690,.T.);
#3690 = LINE('',#3691,#3692);
#3691 = CARTESIAN_POINT('',(151.04378787242,86.323931554839,
    -53.97520316817));
#3692 = VECTOR('',#3693,1.);
#3693 = DIRECTION('',(0.342020094348,0.,0.939692638612));
#3694 = PLANE('',#3695);
#3695 = AXIS2_PLACEMENT_3D('',#3696,#3697,#3698);
#3696 = CARTESIAN_POINT('',(151.08512426711,86.298931557901,
    -53.86163233873));
#3697 = DIRECTION('',(-0.939692638612,-4.916183641024E-17,0.342020094348
    ));
#3698 = DIRECTION('',(-0.342020094348,0.,-0.939692638612));
#3699 = ADVANCED_FACE('',(#3700),#3711,.F.);
#3700 = FACE_BOUND('',#3701,.F.);
#3701 = EDGE_LOOP('',(#3702,#3703,#3704,#3705));
#3702 = ORIENTED_EDGE('',*,*,#996,.T.);
#3703 = ORIENTED_EDGE('',*,*,#3689,.T.);
#3704 = ORIENTED_EDGE('',*,*,#1714,.F.);
#3705 = ORIENTED_EDGE('',*,*,#3706,.F.);
#3706 = EDGE_CURVE('',#989,#1707,#3707,.T.);
#3707 = LINE('',#3708,#3709);
#3708 = CARTESIAN_POINT('',(151.00807955653,86.41593154357,
    -53.96220640618));
#3709 = VECTOR('',#3710,1.);
#3710 = DIRECTION('',(0.342020094348,0.,0.939692638612));
#3711 = PLANE('',#3712);
#3712 = AXIS2_PLACEMENT_3D('',#3713,#3714,#3715);
#3713 = CARTESIAN_POINT('',(151.06727010917,86.369931549204,
    -53.85513395773));
#3714 = DIRECTION('',(-0.868521658626,-0.38176015442,0.316115980291));
#3715 = DIRECTION('',(0.402394733999,-0.91546626265,0.));
#3716 = ADVANCED_FACE('',(#3717),#3728,.F.);
#3717 = FACE_BOUND('',#3718,.F.);
#3718 = EDGE_LOOP('',(#3719,#3720,#3721,#3722));
#3719 = ORIENTED_EDGE('',*,*,#988,.T.);
#3720 = ORIENTED_EDGE('',*,*,#3706,.T.);
#3721 = ORIENTED_EDGE('',*,*,#1706,.F.);
#3722 = ORIENTED_EDGE('',*,*,#3723,.F.);
#3723 = EDGE_CURVE('',#981,#1699,#3724,.T.);
#3724 = LINE('',#3725,#3726);
#3725 = CARTESIAN_POINT('',(150.94230107988,86.485931534996,
    -53.9382650025));
#3726 = VECTOR('',#3727,1.);
#3727 = DIRECTION('',(0.342020094348,0.,0.939692638612));
#3728 = PLANE('',#3729);
#3729 = AXIS2_PLACEMENT_3D('',#3730,#3731,#3732);
#3730 = CARTESIAN_POINT('',(151.0165267129,86.450931539283,
    -53.8366648749));
#3731 = DIRECTION('',(-0.664463036994,-0.707106781187,0.241844728016));
#3732 = DIRECTION('',(-0.728739438336,0.684791085671,0.));
#3733 = ADVANCED_FACE('',(#3734),#3745,.F.);
#3734 = FACE_BOUND('',#3735,.F.);
#3735 = EDGE_LOOP('',(#3736,#3737,#3738,#3739));
#3736 = ORIENTED_EDGE('',*,*,#980,.T.);
#3737 = ORIENTED_EDGE('',*,*,#3723,.T.);
#3738 = ORIENTED_EDGE('',*,*,#1698,.F.);
#3739 = ORIENTED_EDGE('',*,*,#3740,.F.);
#3740 = EDGE_CURVE('',#973,#1691,#3741,.T.);
#3741 = LINE('',#3742,#3743);
#3742 = CARTESIAN_POINT('',(150.85584936772,86.523931530341,
    -53.90679915768));
#3743 = VECTOR('',#3744,1.);
#3744 = DIRECTION('',(0.342020094348,0.,0.939692638612));
#3745 = PLANE('',#3746);
#3746 = AXIS2_PLACEMENT_3D('',#3747,#3748,#3749);
#3747 = CARTESIAN_POINT('',(150.94041161849,86.504931532669,
    -53.80896125065));
#3748 = DIRECTION('',(-0.358737206824,-0.92426142649,0.130569644033));
#3749 = DIRECTION('',(-0.932242221762,0.361834824145,0.));
#3750 = ADVANCED_FACE('',(#3751),#3762,.F.);
#3751 = FACE_BOUND('',#3752,.F.);
#3752 = EDGE_LOOP('',(#3753,#3754,#3755,#3756));
#3753 = ORIENTED_EDGE('',*,*,#972,.T.);
#3754 = ORIENTED_EDGE('',*,*,#3740,.T.);
#3755 = ORIENTED_EDGE('',*,*,#1690,.F.);
#3756 = ORIENTED_EDGE('',*,*,#3757,.F.);
#3757 = EDGE_CURVE('',#965,#1683,#3758,.T.);
#3758 = LINE('',#3759,#3760);
#3759 = CARTESIAN_POINT('',(150.80886474154,86.523931530341,
    -53.88969815506));
#3760 = VECTOR('',#3761,1.);
#3761 = DIRECTION('',(0.342020094348,0.,0.939692638612));
#3762 = PLANE('',#3763);
#3763 = AXIS2_PLACEMENT_3D('',#3764,#3765,#3766);
#3764 = CARTESIAN_POINT('',(150.87369344932,86.523931530341,
    -53.78467782693));
#3765 = DIRECTION('',(-0.,-1.,-0.));
#3766 = DIRECTION('',(0.,0.,-1.));
#3767 = ADVANCED_FACE('',(#3768),#3779,.F.);
#3768 = FACE_BOUND('',#3769,.F.);
#3769 = EDGE_LOOP('',(#3770,#3771,#3772,#3773));
#3770 = ORIENTED_EDGE('',*,*,#964,.T.);
#3771 = ORIENTED_EDGE('',*,*,#3757,.T.);
#3772 = ORIENTED_EDGE('',*,*,#1682,.F.);
#3773 = ORIENTED_EDGE('',*,*,#3774,.F.);
#3774 = EDGE_CURVE('',#957,#1675,#3775,.T.);
#3775 = LINE('',#3776,#3777);
#3776 = CARTESIAN_POINT('',(140.75415473997,86.523931530341,
    -50.23008359379));
#3777 = VECTOR('',#3778,1.);
#3778 = DIRECTION('',(0.342020094348,0.,0.939692638612));
#3779 = PLANE('',#3780);
#3780 = AXIS2_PLACEMENT_3D('',#3781,#3782,#3783);
#3781 = CARTESIAN_POINT('',(145.82284613545,86.523931530341,
    -51.94632004498));
#3782 = DIRECTION('',(4.566049534272E-28,-1.,1.189284715535E-27));
#3783 = DIRECTION('',(0.,-1.189284715535E-27,-1.));
#3784 = ADVANCED_FACE('',(#3785),#3791,.F.);
#3785 = FACE_BOUND('',#3786,.F.);
#3786 = EDGE_LOOP('',(#3787,#3788,#3789,#3790));
#3787 = ORIENTED_EDGE('',*,*,#956,.T.);
#3788 = ORIENTED_EDGE('',*,*,#3774,.T.);
#3789 = ORIENTED_EDGE('',*,*,#1674,.F.);
#3790 = ORIENTED_EDGE('',*,*,#1643,.F.);
#3791 = PLANE('',#3792);
#3792 = AXIS2_PLACEMENT_3D('',#3793,#3794,#3795);
#3793 = CARTESIAN_POINT('',(140.79549113466,77.773932602108,
    -50.11651276434));
#3794 = DIRECTION('',(0.939692638612,-2.264924119289E-17,-0.342020094348
    ));
#3795 = DIRECTION('',(0.342020094348,0.,0.939692638612));
#3796 = ( GEOMETRIC_REPRESENTATION_CONTEXT(3) 
GLOBAL_UNCERTAINTY_ASSIGNED_CONTEXT((#3800)) 
GLOBAL_UNIT_ASSIGNED_CONTEXT((#3797,#3798,#3799)) REPRESENTATION_CONTEXT
('Context #1','3D Context with UNIT and UNCERTAINTY') );
#3797 = ( LENGTH_UNIT() NAMED_UNIT(*) SI_UNIT(.MILLI.,.METRE.) );
#3798 = ( NAMED_UNIT(*) PLANE_ANGLE_UNIT() SI_UNIT($,.RADIAN.) );
#3799 = ( NAMED_UNIT(*) SI_UNIT($,.STERADIAN.) SOLID_ANGLE_UNIT() );
#3800 = UNCERTAINTY_MEASURE_WITH_UNIT(LENGTH_MEASURE(1.E-07),#3797,
  'distance_accuracy_value','confusion accuracy');
#3801 = SHAPE_DEFINITION_REPRESENTATION(#3802,#939);
#3802 = PRODUCT_DEFINITION_SHAPE('','',#3803);
#3803 = PRODUCT_DEFINITION('design','',#3804,#3807);
#3804 = PRODUCT_DEFINITION_FORMATION('','',#3805);
#3805 = PRODUCT('Open CASCADE STEP translator 7.5 1.1.6',
  'Open CASCADE STEP translator 7.5 1.1.6','',(#3806));
#3806 = PRODUCT_CONTEXT('',#2,'mechanical');
#3807 = PRODUCT_DEFINITION_CONTEXT('part definition',#2,'design');
#3808 = CONTEXT_DEPENDENT_SHAPE_REPRESENTATION(#3809,#3811);
#3809 = ( REPRESENTATION_RELATIONSHIP('','',#939,#32) 
REPRESENTATION_RELATIONSHIP_WITH_TRANSFORMATION(#3810) 
SHAPE_REPRESENTATION_RELATIONSHIP() );
#3810 = ITEM_DEFINED_TRANSFORMATION('','',#11,#53);
#3811 = PRODUCT_DEFINITION_SHAPE('Placement','Placement of an item',
  #3812);
#3812 = NEXT_ASSEMBLY_USAGE_OCCURRENCE('6','','',#27,#3803,$);
#3813 = PRODUCT_RELATED_PRODUCT_CATEGORY('part',$,(#3805));
#3814 = ADVANCED_BREP_SHAPE_REPRESENTATION('',(#11,#3815),#3965);
#3815 = MANIFOLD_SOLID_BREP('',#3816);
#3816 = CLOSED_SHELL('',(#3817,#3857,#3888,#3919,#3936,#3953));
#3817 = ADVANCED_FACE('',(#3818),#3852,.F.);
#3818 = FACE_BOUND('',#3819,.T.);
#3819 = EDGE_LOOP('',(#3820,#3830,#3838,#3846));
#3820 = ORIENTED_EDGE('',*,*,#3821,.T.);
#3821 = EDGE_CURVE('',#3822,#3824,#3826,.T.);
#3822 = VERTEX_POINT('',#3823);
#3823 = CARTESIAN_POINT('',(144.95073135448,86.523932069255,
    -15.24903057837));
#3824 = VERTEX_POINT('',#3825);
#3825 = CARTESIAN_POINT('',(139.26658824872,86.523932069255,
    -23.36682579173));
#3826 = LINE('',#3827,#3828);
#3827 = CARTESIAN_POINT('',(144.95073135448,86.523932069255,
    -15.24903057837));
#3828 = VECTOR('',#3829,1.);
#3829 = DIRECTION('',(-0.573576551711,0.,-0.819151963513));
#3830 = ORIENTED_EDGE('',*,*,#3831,.T.);
#3831 = EDGE_CURVE('',#3824,#3832,#3834,.T.);
#3832 = VERTEX_POINT('',#3833);
#3833 = CARTESIAN_POINT('',(139.26658824872,69.023933675411,
    -23.36682579173));
#3834 = LINE('',#3835,#3836);
#3835 = CARTESIAN_POINT('',(139.26658824872,86.523932069255,
    -23.36682579173));
#3836 = VECTOR('',#3837,1.);
#3837 = DIRECTION('',(0.,-1.,0.));
#3838 = ORIENTED_EDGE('',*,*,#3839,.T.);
#3839 = EDGE_CURVE('',#3832,#3840,#3842,.T.);
#3840 = VERTEX_POINT('',#3841);
#3841 = CARTESIAN_POINT('',(144.95073135448,69.023933675411,
    -15.24903057837));
#3842 = LINE('',#3843,#3844);
#3843 = CARTESIAN_POINT('',(139.26658824872,69.023933675411,
    -23.36682579173));
#3844 = VECTOR('',#3845,1.);
#3845 = DIRECTION('',(0.573576551711,0.,0.819151963513));
#3846 = ORIENTED_EDGE('',*,*,#3847,.T.);
#3847 = EDGE_CURVE('',#3840,#3822,#3848,.T.);
#3848 = LINE('',#3849,#3850);
#3849 = CARTESIAN_POINT('',(144.95073135448,69.023933675411,
    -15.24903057837));
#3850 = VECTOR('',#3851,1.);
#3851 = DIRECTION('',(0.,1.,0.));
#3852 = PLANE('',#3853);
#3853 = AXIS2_PLACEMENT_3D('',#3854,#3855,#3856);
#3854 = CARTESIAN_POINT('',(142.1086598016,77.773932872333,
    -19.30792818505));
#3855 = DIRECTION('',(0.819151963513,-0.,-0.573576551711));
#3856 = DIRECTION('',(-0.573576551711,0.,-0.819151963513));
#3857 = ADVANCED_FACE('',(#3858),#3883,.F.);
#3858 = FACE_BOUND('',#3859,.F.);
#3859 = EDGE_LOOP('',(#3860,#3861,#3869,#3877));
#3860 = ORIENTED_EDGE('',*,*,#3821,.T.);
#3861 = ORIENTED_EDGE('',*,*,#3862,.T.);
#3862 = EDGE_CURVE('',#3824,#3863,#3865,.T.);
#3863 = VERTEX_POINT('',#3864);
#3864 = CARTESIAN_POINT('',(139.32310899697,86.523932069255,
    -23.40640205758));
#3865 = LINE('',#3866,#3867);
#3866 = CARTESIAN_POINT('',(139.26658824872,86.523932069255,
    -23.36682579173));
#3867 = VECTOR('',#3868,1.);
#3868 = DIRECTION('',(0.819151963513,0.,-0.573576551711));
#3869 = ORIENTED_EDGE('',*,*,#3870,.F.);
#3870 = EDGE_CURVE('',#3871,#3863,#3873,.T.);
#3871 = VERTEX_POINT('',#3872);
#3872 = CARTESIAN_POINT('',(145.00725210273,86.523932069255,
    -15.28860684422));
#3873 = LINE('',#3874,#3875);
#3874 = CARTESIAN_POINT('',(145.00725210273,86.523932069255,
    -15.28860684422));
#3875 = VECTOR('',#3876,1.);
#3876 = DIRECTION('',(-0.573576551711,0.,-0.819151963513));
#3877 = ORIENTED_EDGE('',*,*,#3878,.F.);
#3878 = EDGE_CURVE('',#3822,#3871,#3879,.T.);
#3879 = LINE('',#3880,#3881);
#3880 = CARTESIAN_POINT('',(144.95073135448,86.523932069255,
    -15.24903057837));
#3881 = VECTOR('',#3882,1.);
#3882 = DIRECTION('',(0.819151963513,0.,-0.573576551711));
#3883 = PLANE('',#3884);
#3884 = AXIS2_PLACEMENT_3D('',#3885,#3886,#3887);
#3885 = CARTESIAN_POINT('',(142.13692017572,86.523932069255,
    -19.32771631798));
#3886 = DIRECTION('',(1.096287666217E-25,-1.,-7.675665586543E-26));
#3887 = DIRECTION('',(-1.,-1.096287666217E-25,0.));
#3888 = ADVANCED_FACE('',(#3889),#3914,.T.);
#3889 = FACE_BOUND('',#3890,.F.);
#3890 = EDGE_LOOP('',(#3891,#3892,#3900,#3908));
#3891 = ORIENTED_EDGE('',*,*,#3870,.T.);
#3892 = ORIENTED_EDGE('',*,*,#3893,.T.);
#3893 = EDGE_CURVE('',#3863,#3894,#3896,.T.);
#3894 = VERTEX_POINT('',#3895);
#3895 = CARTESIAN_POINT('',(139.32310899697,69.023933675411,
    -23.40640205758));
#3896 = LINE('',#3897,#3898);
#3897 = CARTESIAN_POINT('',(139.32310899697,86.523932069255,
    -23.40640205758));
#3898 = VECTOR('',#3899,1.);
#3899 = DIRECTION('',(0.,-1.,0.));
#3900 = ORIENTED_EDGE('',*,*,#3901,.T.);
#3901 = EDGE_CURVE('',#3894,#3902,#3904,.T.);
#3902 = VERTEX_POINT('',#3903);
#3903 = CARTESIAN_POINT('',(145.00725210273,69.023933675411,
    -15.28860684422));
#3904 = LINE('',#3905,#3906);
#3905 = CARTESIAN_POINT('',(139.32310899697,69.023933675411,
    -23.40640205758));
#3906 = VECTOR('',#3907,1.);
#3907 = DIRECTION('',(0.573576551711,0.,0.819151963513));
#3908 = ORIENTED_EDGE('',*,*,#3909,.T.);
#3909 = EDGE_CURVE('',#3902,#3871,#3910,.T.);
#3910 = LINE('',#3911,#3912);
#3911 = CARTESIAN_POINT('',(145.00725210273,69.023933675411,
    -15.28860684422));
#3912 = VECTOR('',#3913,1.);
#3913 = DIRECTION('',(0.,1.,0.));
#3914 = PLANE('',#3915);
#3915 = AXIS2_PLACEMENT_3D('',#3916,#3917,#3918);
#3916 = CARTESIAN_POINT('',(142.16518054985,77.773932872333,
    -19.3475044509));
#3917 = DIRECTION('',(0.819151963513,-0.,-0.573576551711));
#3918 = DIRECTION('',(-0.573576551711,0.,-0.819151963513));
#3919 = ADVANCED_FACE('',(#3920),#3931,.F.);
#3920 = FACE_BOUND('',#3921,.F.);
#3921 = EDGE_LOOP('',(#3922,#3923,#3924,#3925));
#3922 = ORIENTED_EDGE('',*,*,#3847,.T.);
#3923 = ORIENTED_EDGE('',*,*,#3878,.T.);
#3924 = ORIENTED_EDGE('',*,*,#3909,.F.);
#3925 = ORIENTED_EDGE('',*,*,#3926,.F.);
#3926 = EDGE_CURVE('',#3840,#3902,#3927,.T.);
#3927 = LINE('',#3928,#3929);
#3928 = CARTESIAN_POINT('',(144.95073135448,69.023933675411,
    -15.24903057837));
#3929 = VECTOR('',#3930,1.);
#3930 = DIRECTION('',(0.819151963513,0.,-0.573576551711));
#3931 = PLANE('',#3932);
#3932 = AXIS2_PLACEMENT_3D('',#3933,#3934,#3935);
#3933 = CARTESIAN_POINT('',(144.9789917286,77.773932872333,
    -15.2688187113));
#3934 = DIRECTION('',(-0.573576551711,2.631239996852E-18,-0.819151963513
    ));
#3935 = DIRECTION('',(-0.819151963513,1.925929944387E-34,0.573576551711)
  );
#3936 = ADVANCED_FACE('',(#3937),#3948,.F.);
#3937 = FACE_BOUND('',#3938,.F.);
#3938 = EDGE_LOOP('',(#3939,#3940,#3941,#3942));
#3939 = ORIENTED_EDGE('',*,*,#3839,.T.);
#3940 = ORIENTED_EDGE('',*,*,#3926,.T.);
#3941 = ORIENTED_EDGE('',*,*,#3901,.F.);
#3942 = ORIENTED_EDGE('',*,*,#3943,.F.);
#3943 = EDGE_CURVE('',#3832,#3894,#3944,.T.);
#3944 = LINE('',#3945,#3946);
#3945 = CARTESIAN_POINT('',(139.26658824872,69.023933675411,
    -23.36682579173));
#3946 = VECTOR('',#3947,1.);
#3947 = DIRECTION('',(0.819151963513,0.,-0.573576551711));
#3948 = PLANE('',#3949);
#3949 = AXIS2_PLACEMENT_3D('',#3950,#3951,#3952);
#3950 = CARTESIAN_POINT('',(142.13692017572,69.023933675411,
    -19.32771631798));
#3951 = DIRECTION('',(-1.173904590901E-25,1.,8.219248102903E-26));
#3952 = DIRECTION('',(1.,1.173904590901E-25,0.));
#3953 = ADVANCED_FACE('',(#3954),#3960,.F.);
#3954 = FACE_BOUND('',#3955,.F.);
#3955 = EDGE_LOOP('',(#3956,#3957,#3958,#3959));
#3956 = ORIENTED_EDGE('',*,*,#3831,.T.);
#3957 = ORIENTED_EDGE('',*,*,#3943,.T.);
#3958 = ORIENTED_EDGE('',*,*,#3893,.F.);
#3959 = ORIENTED_EDGE('',*,*,#3862,.F.);
#3960 = PLANE('',#3961);
#3961 = AXIS2_PLACEMENT_3D('',#3962,#3963,#3964);
#3962 = CARTESIAN_POINT('',(139.29484862284,77.773932872333,
    -23.38661392466));
#3963 = DIRECTION('',(0.573576551711,-6.295153164829E-18,0.819151963513)
  );
#3964 = DIRECTION('',(0.819151963513,0.,-0.573576551711));
#3965 = ( GEOMETRIC_REPRESENTATION_CONTEXT(3) 
GLOBAL_UNCERTAINTY_ASSIGNED_CONTEXT((#3969)) 
GLOBAL_UNIT_ASSIGNED_CONTEXT((#3966,#3967,#3968)) REPRESENTATION_CONTEXT
('Context #1','3D Context with UNIT and UNCERTAINTY') );
#3966 = ( LENGTH_UNIT() NAMED_UNIT(*) SI_UNIT(.MILLI.,.METRE.) );
#3967 = ( NAMED_UNIT(*) PLANE_ANGLE_UNIT() SI_UNIT($,.RADIAN.) );
#3968 = ( NAMED_UNIT(*) SI_UNIT($,.STERADIAN.) SOLID_ANGLE_UNIT() );
#3969 = UNCERTAINTY_MEASURE_WITH_UNIT(LENGTH_MEASURE(1.E-07),#3966,
  'distance_accuracy_value','confusion accuracy');
#3970 = SHAPE_DEFINITION_REPRESENTATION(#3971,#3814);
#3971 = PRODUCT_DEFINITION_SHAPE('','',#3972);
#3972 = PRODUCT_DEFINITION('design','',#3973,#3976);
#3973 = PRODUCT_DEFINITION_FORMATION('','',#3974);
#3974 = PRODUCT('Open CASCADE STEP translator 7.5 1.1.7',
  'Open CASCADE STEP translator 7.5 1.1.7','',(#3975));
#3975 = PRODUCT_CONTEXT('',#2,'mechanical');
#3976 = PRODUCT_DEFINITION_CONTEXT('part definition',#2,'design');
#3977 = CONTEXT_DEPENDENT_SHAPE_REPRESENTATION(#3978,#3980);
#3978 = ( REPRESENTATION_RELATIONSHIP('','',#3814,#32) 
REPRESENTATION_RELATIONSHIP_WITH_TRANSFORMATION(#3979) 
SHAPE_REPRESENTATION_RELATIONSHIP() );
#3979 = ITEM_DEFINED_TRANSFORMATION('','',#11,#57);
#3980 = PRODUCT_DEFINITION_SHAPE('Placement','Placement of an item',
  #3981);
#3981 = NEXT_ASSEMBLY_USAGE_OCCURRENCE('7','','',#27,#3972,$);
#3982 = PRODUCT_RELATED_PRODUCT_CATEGORY('part',$,(#3974));
#3983 = ADVANCED_BREP_SHAPE_REPRESENTATION('',(#11,#3984),#4138);
#3984 = MANIFOLD_SOLID_BREP('',#3985);
#3985 = CLOSED_SHELL('',(#3986,#4028,#4059,#4092,#4109,#4126));
#3986 = ADVANCED_FACE('',(#3987),#4023,.F.);
#3987 = FACE_BOUND('',#3988,.T.);
#3988 = EDGE_LOOP('',(#3989,#3999,#4008,#4016));
#3989 = ORIENTED_EDGE('',*,*,#3990,.F.);
#3990 = EDGE_CURVE('',#3991,#3993,#3995,.T.);
#3991 = VERTEX_POINT('',#3992);
#3992 = CARTESIAN_POINT('',(152.37208754544,69.023932436166,
    -7.923778429335));
#3993 = VERTEX_POINT('',#3994);
#3994 = CARTESIAN_POINT('',(152.37208754544,86.523932436166,
    -7.923778429335));
#3995 = LINE('',#3996,#3997);
#3996 = CARTESIAN_POINT('',(152.37208754544,69.023932436166,
    -7.923778429335));
#3997 = VECTOR('',#3998,1.);
#3998 = DIRECTION('',(-0.,1.,0.));
#3999 = ORIENTED_EDGE('',*,*,#4000,.F.);
#4000 = EDGE_CURVE('',#4001,#3991,#4003,.T.);
#4001 = VERTEX_POINT('',#4002);
#4002 = CARTESIAN_POINT('',(145.00725735619,69.023932436166,
    -15.28860731278));
#4003 = CIRCLE('',#4004,29.99000098);
#4004 = AXIS2_PLACEMENT_3D('',#4005,#4006,#4007);
#4005 = CARTESIAN_POINT('',(169.57363336672,69.023932436166,
    -32.49015748973));
#4006 = DIRECTION('',(0.,1.,-0.));
#4007 = DIRECTION('',(-0.819152224333,0.,0.573576179221));
#4008 = ORIENTED_EDGE('',*,*,#4009,.F.);
#4009 = EDGE_CURVE('',#4010,#4001,#4012,.T.);
#4010 = VERTEX_POINT('',#4011);
#4011 = CARTESIAN_POINT('',(145.00725735619,86.523932436166,
    -15.28860731278));
#4012 = LINE('',#4013,#4014);
#4013 = CARTESIAN_POINT('',(145.00725735619,86.523932436166,
    -15.28860731278));
#4014 = VECTOR('',#4015,1.);
#4015 = DIRECTION('',(0.,-1.,-0.));
#4016 = ORIENTED_EDGE('',*,*,#4017,.F.);
#4017 = EDGE_CURVE('',#3993,#4010,#4018,.T.);
#4018 = CIRCLE('',#4019,29.99000098);
#4019 = AXIS2_PLACEMENT_3D('',#4020,#4021,#4022);
#4020 = CARTESIAN_POINT('',(169.57363336672,86.523932436166,
    -32.49015748973));
#4021 = DIRECTION('',(-0.,-1.,0.));
#4022 = DIRECTION('',(-0.573576033984,0.,0.81915232603));
#4023 = CYLINDRICAL_SURFACE('',#4024,29.99000098);
#4024 = AXIS2_PLACEMENT_3D('',#4025,#4026,#4027);
#4025 = CARTESIAN_POINT('',(169.57363336672,89.973933616166,
    -32.49015748973));
#4026 = DIRECTION('',(0.,-1.,-0.));
#4027 = DIRECTION('',(-0.5735763597,-0.,0.819152097961));
#4028 = ADVANCED_FACE('',(#4029),#4054,.T.);
#4029 = FACE_BOUND('',#4030,.T.);
#4030 = EDGE_LOOP('',(#4031,#4032,#4040,#4048));
#4031 = ORIENTED_EDGE('',*,*,#3990,.T.);
#4032 = ORIENTED_EDGE('',*,*,#4033,.T.);
#4033 = EDGE_CURVE('',#3993,#4034,#4036,.T.);
#4034 = VERTEX_POINT('',#4035);
#4035 = CARTESIAN_POINT('',(152.33251131532,86.523932436166,
    -7.867257656076));
#4036 = LINE('',#4037,#4038);
#4037 = CARTESIAN_POINT('',(152.37208754544,86.523932436166,
    -7.923778429335));
#4038 = VECTOR('',#4039,1.);
#4039 = DIRECTION('',(-0.573576033984,0.,0.81915232603));
#4040 = ORIENTED_EDGE('',*,*,#4041,.F.);
#4041 = EDGE_CURVE('',#4042,#4034,#4044,.T.);
#4042 = VERTEX_POINT('',#4043);
#4043 = CARTESIAN_POINT('',(152.33251131532,69.023932436166,
    -7.867257656076));
#4044 = LINE('',#4045,#4046);
#4045 = CARTESIAN_POINT('',(152.33251131532,69.023932436166,
    -7.867257656076));
#4046 = VECTOR('',#4047,1.);
#4047 = DIRECTION('',(-0.,1.,0.));
#4048 = ORIENTED_EDGE('',*,*,#4049,.F.);
#4049 = EDGE_CURVE('',#3991,#4042,#4050,.T.);
#4050 = LINE('',#4051,#4052);
#4051 = CARTESIAN_POINT('',(152.37208754544,69.023932436166,
    -7.923778429335));
#4052 = VECTOR('',#4053,1.);
#4053 = DIRECTION('',(-0.573576033984,0.,0.81915232603));
#4054 = PLANE('',#4055);
#4055 = AXIS2_PLACEMENT_3D('',#4056,#4057,#4058);
#4056 = CARTESIAN_POINT('',(152.35229943038,77.773932436166,
    -7.895518042706));
#4057 = DIRECTION('',(0.81915232603,-2.541982432488E-20,0.573576033984)
  );
#4058 = DIRECTION('',(-0.573576033984,1.504632769053E-36,0.81915232603)
  );
#4059 = ADVANCED_FACE('',(#4060),#4087,.T.);
#4060 = FACE_BOUND('',#4061,.F.);
#4061 = EDGE_LOOP('',(#4062,#4063,#4072,#4080));
#4062 = ORIENTED_EDGE('',*,*,#4041,.F.);
#4063 = ORIENTED_EDGE('',*,*,#4064,.F.);
#4064 = EDGE_CURVE('',#4065,#4042,#4067,.T.);
#4065 = VERTEX_POINT('',#4066);
#4066 = CARTESIAN_POINT('',(144.95073658995,69.023932436166,
    -15.24903107264));
#4067 = CIRCLE('',#4068,30.05900008);
#4068 = AXIS2_PLACEMENT_3D('',#4069,#4070,#4071);
#4069 = CARTESIAN_POINT('',(169.57363336672,69.023932436166,
    -32.49015748973));
#4070 = DIRECTION('',(0.,1.,-0.));
#4071 = DIRECTION('',(-0.819152224333,0.,0.573576179221));
#4072 = ORIENTED_EDGE('',*,*,#4073,.F.);
#4073 = EDGE_CURVE('',#4074,#4065,#4076,.T.);
#4074 = VERTEX_POINT('',#4075);
#4075 = CARTESIAN_POINT('',(144.95073658995,86.523932436166,
    -15.24903107264));
#4076 = LINE('',#4077,#4078);
#4077 = CARTESIAN_POINT('',(144.95073658995,86.523932436166,
    -15.24903107264));
#4078 = VECTOR('',#4079,1.);
#4079 = DIRECTION('',(0.,-1.,-0.));
#4080 = ORIENTED_EDGE('',*,*,#4081,.F.);
#4081 = EDGE_CURVE('',#4034,#4074,#4082,.T.);
#4082 = CIRCLE('',#4083,30.05900008);
#4083 = AXIS2_PLACEMENT_3D('',#4084,#4085,#4086);
#4084 = CARTESIAN_POINT('',(169.57363336672,86.523932436166,
    -32.49015748973));
#4085 = DIRECTION('',(-0.,-1.,0.));
#4086 = DIRECTION('',(-0.573576033984,0.,0.81915232603));
#4087 = CYLINDRICAL_SURFACE('',#4088,30.05900008);
#4088 = AXIS2_PLACEMENT_3D('',#4089,#4090,#4091);
#4089 = CARTESIAN_POINT('',(169.57363336672,89.973933616166,
    -32.49015748973));
#4090 = DIRECTION('',(0.,-1.,-0.));
#4091 = DIRECTION('',(-0.5735763597,-0.,0.819152097961));
#4092 = ADVANCED_FACE('',(#4093),#4104,.T.);
#4093 = FACE_BOUND('',#4094,.T.);
#4094 = EDGE_LOOP('',(#4095,#4096,#4097,#4098));
#4095 = ORIENTED_EDGE('',*,*,#4000,.T.);
#4096 = ORIENTED_EDGE('',*,*,#4049,.T.);
#4097 = ORIENTED_EDGE('',*,*,#4064,.F.);
#4098 = ORIENTED_EDGE('',*,*,#4099,.F.);
#4099 = EDGE_CURVE('',#4001,#4065,#4100,.T.);
#4100 = LINE('',#4101,#4102);
#4101 = CARTESIAN_POINT('',(145.00725735619,69.023932436166,
    -15.28860731278));
#4102 = VECTOR('',#4103,1.);
#4103 = DIRECTION('',(-0.819152224333,0.,0.573576179221));
#4104 = PLANE('',#4105);
#4105 = AXIS2_PLACEMENT_3D('',#4106,#4107,#4108);
#4106 = CARTESIAN_POINT('',(148.47578964141,69.023932436166,
    -11.39231002373));
#4107 = DIRECTION('',(1.740743164765E-27,-1.,-1.725949442187E-27));
#4108 = DIRECTION('',(-1.,-1.740743164765E-27,0.));
#4109 = ADVANCED_FACE('',(#4110),#4121,.T.);
#4110 = FACE_BOUND('',#4111,.T.);
#4111 = EDGE_LOOP('',(#4112,#4113,#4114,#4115));
#4112 = ORIENTED_EDGE('',*,*,#4009,.T.);
#4113 = ORIENTED_EDGE('',*,*,#4099,.T.);
#4114 = ORIENTED_EDGE('',*,*,#4073,.F.);
#4115 = ORIENTED_EDGE('',*,*,#4116,.F.);
#4116 = EDGE_CURVE('',#4010,#4074,#4117,.T.);
#4117 = LINE('',#4118,#4119);
#4118 = CARTESIAN_POINT('',(145.00725735619,86.523932436166,
    -15.28860731278));
#4119 = VECTOR('',#4120,1.);
#4120 = DIRECTION('',(-0.819152224333,0.,0.573576179221));
#4121 = PLANE('',#4122);
#4122 = AXIS2_PLACEMENT_3D('',#4123,#4124,#4125);
#4123 = CARTESIAN_POINT('',(144.97899697307,77.773932436166,
    -15.26881919271));
#4124 = DIRECTION('',(-0.573576179221,-6.102775964182E-18,
    -0.819152224333));
#4125 = DIRECTION('',(-0.819152224333,3.851859888774E-34,0.573576179221)
  );
#4126 = ADVANCED_FACE('',(#4127),#4133,.T.);
#4127 = FACE_BOUND('',#4128,.T.);
#4128 = EDGE_LOOP('',(#4129,#4130,#4131,#4132));
#4129 = ORIENTED_EDGE('',*,*,#4017,.T.);
#4130 = ORIENTED_EDGE('',*,*,#4116,.T.);
#4131 = ORIENTED_EDGE('',*,*,#4081,.F.);
#4132 = ORIENTED_EDGE('',*,*,#4033,.F.);
#4133 = PLANE('',#4134);
#4134 = AXIS2_PLACEMENT_3D('',#4135,#4136,#4137);
#4135 = CARTESIAN_POINT('',(148.47578964141,86.523932436166,
    -11.39231002373));
#4136 = DIRECTION('',(0.,1.,0.));
#4137 = DIRECTION('',(0.,-0.,1.));
#4138 = ( GEOMETRIC_REPRESENTATION_CONTEXT(3) 
GLOBAL_UNCERTAINTY_ASSIGNED_CONTEXT((#4142)) 
GLOBAL_UNIT_ASSIGNED_CONTEXT((#4139,#4140,#4141)) REPRESENTATION_CONTEXT
('Context #1','3D Context with UNIT and UNCERTAINTY') );
#4139 = ( LENGTH_UNIT() NAMED_UNIT(*) SI_UNIT(.MILLI.,.METRE.) );
#4140 = ( NAMED_UNIT(*) PLANE_ANGLE_UNIT() SI_UNIT($,.RADIAN.) );
#4141 = ( NAMED_UNIT(*) SI_UNIT($,.STERADIAN.) SOLID_ANGLE_UNIT() );
#4142 = UNCERTAINTY_MEASURE_WITH_UNIT(LENGTH_MEASURE(1.E-05),#4139,
  'distance_accuracy_value','confusion accuracy');
#4143 = SHAPE_DEFINITION_REPRESENTATION(#4144,#3983);
#4144 = PRODUCT_DEFINITION_SHAPE('','',#4145);
#4145 = PRODUCT_DEFINITION('design','',#4146,#4149);
#4146 = PRODUCT_DEFINITION_FORMATION('','',#4147);
#4147 = PRODUCT('Open CASCADE STEP translator 7.5 1.1.8',
  'Open CASCADE STEP translator 7.5 1.1.8','',(#4148));
#4148 = PRODUCT_CONTEXT('',#2,'mechanical');
#4149 = PRODUCT_DEFINITION_CONTEXT('part definition',#2,'design');
#4150 = CONTEXT_DEPENDENT_SHAPE_REPRESENTATION(#4151,#4153);
#4151 = ( REPRESENTATION_RELATIONSHIP('','',#3983,#32) 
REPRESENTATION_RELATIONSHIP_WITH_TRANSFORMATION(#4152) 
SHAPE_REPRESENTATION_RELATIONSHIP() );
#4152 = ITEM_DEFINED_TRANSFORMATION('','',#11,#61);
#4153 = PRODUCT_DEFINITION_SHAPE('Placement','Placement of an item',
  #4154);
#4154 = NEXT_ASSEMBLY_USAGE_OCCURRENCE('8','','',#27,#4145,$);
#4155 = PRODUCT_RELATED_PRODUCT_CATEGORY('part',$,(#4147));
#4156 = ADVANCED_BREP_SHAPE_REPRESENTATION('',(#11,#4157),#4311);
#4157 = MANIFOLD_SOLID_BREP('',#4158);
#4158 = CLOSED_SHELL('',(#4159,#4201,#4232,#4265,#4282,#4299));
#4159 = ADVANCED_FACE('',(#4160),#4196,.F.);
#4160 = FACE_BOUND('',#4161,.T.);
#4161 = EDGE_LOOP('',(#4162,#4172,#4181,#4189));
#4162 = ORIENTED_EDGE('',*,*,#4163,.F.);
#4163 = EDGE_CURVE('',#4164,#4166,#4168,.T.);
#4164 = VERTEX_POINT('',#4165);
#4165 = CARTESIAN_POINT('',(163.88250868304,69.02393177116,
    -2.07202120177));
#4166 = VERTEX_POINT('',#4167);
#4167 = CARTESIAN_POINT('',(163.88250868304,86.52393177116,
    -2.07202120177));
#4168 = LINE('',#4169,#4170);
#4169 = CARTESIAN_POINT('',(163.88250868304,69.02393177116,
    -2.07202120177));
#4170 = VECTOR('',#4171,1.);
#4171 = DIRECTION('',(-0.,1.,0.));
#4172 = ORIENTED_EDGE('',*,*,#4173,.F.);
#4173 = EDGE_CURVE('',#4174,#4164,#4176,.T.);
#4174 = VERTEX_POINT('',#4175);
#4175 = CARTESIAN_POINT('',(154.44291235023,69.02393177116,
    -6.473776450818));
#4176 = CIRCLE('',#4177,29.99000098);
#4177 = AXIS2_PLACEMENT_3D('',#4178,#4179,#4180);
#4178 = CARTESIAN_POINT('',(171.64447839437,69.02393177116,
    -31.04014135101));
#4179 = DIRECTION('',(0.,1.,-0.));
#4180 = DIRECTION('',(-0.573576708304,0.,0.819151853865));
#4181 = ORIENTED_EDGE('',*,*,#4182,.F.);
#4182 = EDGE_CURVE('',#4183,#4174,#4185,.T.);
#4183 = VERTEX_POINT('',#4184);
#4184 = CARTESIAN_POINT('',(154.44291235023,86.52393177116,
    -6.473776450818));
#4185 = LINE('',#4186,#4187);
#4186 = CARTESIAN_POINT('',(154.44291235023,86.52393177116,
    -6.473776450818));
#4187 = VECTOR('',#4188,1.);
#4188 = DIRECTION('',(0.,-1.,-0.));
#4189 = ORIENTED_EDGE('',*,*,#4190,.F.);
#4190 = EDGE_CURVE('',#4166,#4183,#4191,.T.);
#4191 = CIRCLE('',#4192,29.99000098);
#4192 = AXIS2_PLACEMENT_3D('',#4193,#4194,#4195);
#4193 = CARTESIAN_POINT('',(171.64447839437,86.52393177116,
    -31.04014135101));
#4194 = DIRECTION('',(-0.,-1.,0.));
#4195 = DIRECTION('',(-0.258818588119,0.,0.965925948737));
#4196 = CYLINDRICAL_SURFACE('',#4197,29.99000098);
#4197 = AXIS2_PLACEMENT_3D('',#4198,#4199,#4200);
#4198 = CARTESIAN_POINT('',(171.64447839437,89.97393295116,
    -31.04014135101));
#4199 = DIRECTION('',(0.,-1.,-0.));
#4200 = DIRECTION('',(-0.258818991515,-0.,0.965925840648));
#4201 = ADVANCED_FACE('',(#4202),#4227,.T.);
#4202 = FACE_BOUND('',#4203,.T.);
#4203 = EDGE_LOOP('',(#4204,#4205,#4213,#4221));
#4204 = ORIENTED_EDGE('',*,*,#4163,.T.);
#4205 = ORIENTED_EDGE('',*,*,#4206,.T.);
#4206 = EDGE_CURVE('',#4166,#4207,#4209,.T.);
#4207 = VERTEX_POINT('',#4208);
#4208 = CARTESIAN_POINT('',(163.8646504334,86.52393177116,-2.00537318064
    ));
#4209 = LINE('',#4210,#4211);
#4210 = CARTESIAN_POINT('',(163.88250868304,86.52393177116,
    -2.07202120177));
#4211 = VECTOR('',#4212,1.);
#4212 = DIRECTION('',(-0.258818588119,0.,0.965925948737));
#4213 = ORIENTED_EDGE('',*,*,#4214,.F.);
#4214 = EDGE_CURVE('',#4215,#4207,#4217,.T.);
#4215 = VERTEX_POINT('',#4216);
#4216 = CARTESIAN_POINT('',(163.8646504334,69.02393177116,-2.00537318064
    ));
#4217 = LINE('',#4218,#4219);
#4218 = CARTESIAN_POINT('',(163.8646504334,69.02393177116,-2.00537318064
    ));
#4219 = VECTOR('',#4220,1.);
#4220 = DIRECTION('',(-0.,1.,0.));
#4221 = ORIENTED_EDGE('',*,*,#4222,.F.);
#4222 = EDGE_CURVE('',#4164,#4215,#4223,.T.);
#4223 = LINE('',#4224,#4225);
#4224 = CARTESIAN_POINT('',(163.88250868304,69.02393177116,
    -2.07202120177));
#4225 = VECTOR('',#4226,1.);
#4226 = DIRECTION('',(-0.258818588119,0.,0.965925948737));
#4227 = PLANE('',#4228);
#4228 = AXIS2_PLACEMENT_3D('',#4229,#4230,#4231);
#4229 = CARTESIAN_POINT('',(163.87357955822,77.77393177116,
    -2.038697191205));
#4230 = DIRECTION('',(0.965925948737,5.992274033437E-21,0.258818588119)
  );
#4231 = DIRECTION('',(-0.258818588119,1.880790961316E-37,0.965925948737)
  );
#4232 = ADVANCED_FACE('',(#4233),#4260,.T.);
#4233 = FACE_BOUND('',#4234,.F.);
#4234 = EDGE_LOOP('',(#4235,#4236,#4245,#4253));
#4235 = ORIENTED_EDGE('',*,*,#4214,.F.);
#4236 = ORIENTED_EDGE('',*,*,#4237,.F.);
#4237 = EDGE_CURVE('',#4238,#4215,#4240,.T.);
#4238 = VERTEX_POINT('',#4239);
#4239 = CARTESIAN_POINT('',(154.40333607357,69.02393177116,
    -6.417255710138));
#4240 = CIRCLE('',#4241,30.05900008);
#4241 = AXIS2_PLACEMENT_3D('',#4242,#4243,#4244);
#4242 = CARTESIAN_POINT('',(171.64447839437,69.02393177116,
    -31.04014135101));
#4243 = DIRECTION('',(0.,1.,-0.));
#4244 = DIRECTION('',(-0.573576708304,0.,0.819151853865));
#4245 = ORIENTED_EDGE('',*,*,#4246,.F.);
#4246 = EDGE_CURVE('',#4247,#4238,#4249,.T.);
#4247 = VERTEX_POINT('',#4248);
#4248 = CARTESIAN_POINT('',(154.40333607357,86.52393177116,
    -6.417255710138));
#4249 = LINE('',#4250,#4251);
#4250 = CARTESIAN_POINT('',(154.40333607357,86.52393177116,
    -6.417255710138));
#4251 = VECTOR('',#4252,1.);
#4252 = DIRECTION('',(0.,-1.,-0.));
#4253 = ORIENTED_EDGE('',*,*,#4254,.F.);
#4254 = EDGE_CURVE('',#4207,#4247,#4255,.T.);
#4255 = CIRCLE('',#4256,30.05900008);
#4256 = AXIS2_PLACEMENT_3D('',#4257,#4258,#4259);
#4257 = CARTESIAN_POINT('',(171.64447839437,86.52393177116,
    -31.04014135101));
#4258 = DIRECTION('',(-0.,-1.,0.));
#4259 = DIRECTION('',(-0.258818588119,0.,0.965925948737));
#4260 = CYLINDRICAL_SURFACE('',#4261,30.05900008);
#4261 = AXIS2_PLACEMENT_3D('',#4262,#4263,#4264);
#4262 = CARTESIAN_POINT('',(171.64447839437,89.97393295116,
    -31.04014135101));
#4263 = DIRECTION('',(0.,-1.,-0.));
#4264 = DIRECTION('',(-0.258818991515,-0.,0.965925840648));
#4265 = ADVANCED_FACE('',(#4266),#4277,.T.);
#4266 = FACE_BOUND('',#4267,.T.);
#4267 = EDGE_LOOP('',(#4268,#4269,#4270,#4271));
#4268 = ORIENTED_EDGE('',*,*,#4173,.T.);
#4269 = ORIENTED_EDGE('',*,*,#4222,.T.);
#4270 = ORIENTED_EDGE('',*,*,#4237,.F.);
#4271 = ORIENTED_EDGE('',*,*,#4272,.F.);
#4272 = EDGE_CURVE('',#4174,#4238,#4273,.T.);
#4273 = LINE('',#4274,#4275);
#4274 = CARTESIAN_POINT('',(154.44291235023,69.02393177116,
    -6.473776450818));
#4275 = VECTOR('',#4276,1.);
#4276 = DIRECTION('',(-0.573576708304,0.,0.819151853865));
#4277 = PLANE('',#4278);
#4278 = AXIS2_PLACEMENT_3D('',#4279,#4280,#4281);
#4279 = CARTESIAN_POINT('',(159.03487865606,69.02393177116,
    -3.998762466135));
#4280 = DIRECTION('',(9.20182940551E-28,-1.,-1.933860204881E-27));
#4281 = DIRECTION('',(0.,1.933860204881E-27,-1.));
#4282 = ADVANCED_FACE('',(#4283),#4294,.T.);
#4283 = FACE_BOUND('',#4284,.T.);
#4284 = EDGE_LOOP('',(#4285,#4286,#4287,#4288));
#4285 = ORIENTED_EDGE('',*,*,#4182,.T.);
#4286 = ORIENTED_EDGE('',*,*,#4272,.T.);
#4287 = ORIENTED_EDGE('',*,*,#4246,.F.);
#4288 = ORIENTED_EDGE('',*,*,#4289,.F.);
#4289 = EDGE_CURVE('',#4183,#4247,#4290,.T.);
#4290 = LINE('',#4291,#4292);
#4291 = CARTESIAN_POINT('',(154.44291235023,86.52393177116,
    -6.473776450818));
#4292 = VECTOR('',#4293,1.);
#4293 = DIRECTION('',(-0.573576708304,0.,0.819151853865));
#4294 = PLANE('',#4295);
#4295 = AXIS2_PLACEMENT_3D('',#4296,#4297,#4298);
#4296 = CARTESIAN_POINT('',(154.4231242119,77.77393177116,
    -6.445516080478));
#4297 = DIRECTION('',(-0.819151853865,1.354441819594E-20,-0.573576708304
    ));
#4298 = DIRECTION('',(0.573576708304,7.523163845263E-37,-0.819151853865)
  );
#4299 = ADVANCED_FACE('',(#4300),#4306,.T.);
#4300 = FACE_BOUND('',#4301,.T.);
#4301 = EDGE_LOOP('',(#4302,#4303,#4304,#4305));
#4302 = ORIENTED_EDGE('',*,*,#4190,.T.);
#4303 = ORIENTED_EDGE('',*,*,#4289,.T.);
#4304 = ORIENTED_EDGE('',*,*,#4254,.F.);
#4305 = ORIENTED_EDGE('',*,*,#4206,.F.);
#4306 = PLANE('',#4307);
#4307 = AXIS2_PLACEMENT_3D('',#4308,#4309,#4310);
#4308 = CARTESIAN_POINT('',(159.03487865606,86.52393177116,
    -3.998762466135));
#4309 = DIRECTION('',(0.,1.,0.));
#4310 = DIRECTION('',(0.,-0.,1.));
#4311 = ( GEOMETRIC_REPRESENTATION_CONTEXT(3) 
GLOBAL_UNCERTAINTY_ASSIGNED_CONTEXT((#4315)) 
GLOBAL_UNIT_ASSIGNED_CONTEXT((#4312,#4313,#4314)) REPRESENTATION_CONTEXT
('Context #1','3D Context with UNIT and UNCERTAINTY') );
#4312 = ( LENGTH_UNIT() NAMED_UNIT(*) SI_UNIT(.MILLI.,.METRE.) );
#4313 = ( NAMED_UNIT(*) PLANE_ANGLE_UNIT() SI_UNIT($,.RADIAN.) );
#4314 = ( NAMED_UNIT(*) SI_UNIT($,.STERADIAN.) SOLID_ANGLE_UNIT() );
#4315 = UNCERTAINTY_MEASURE_WITH_UNIT(LENGTH_MEASURE(1.E-05),#4312,
  'distance_accuracy_value','confusion accuracy');
#4316 = SHAPE_DEFINITION_REPRESENTATION(#4317,#4156);
#4317 = PRODUCT_DEFINITION_SHAPE('','',#4318);
#4318 = PRODUCT_DEFINITION('design','',#4319,#4322);
#4319 = PRODUCT_DEFINITION_FORMATION('','',#4320);
#4320 = PRODUCT('Open CASCADE STEP translator 7.5 1.1.9',
  'Open CASCADE STEP translator 7.5 1.1.9','',(#4321));
#4321 = PRODUCT_CONTEXT('',#2,'mechanical');
#4322 = PRODUCT_DEFINITION_CONTEXT('part definition',#2,'design');
#4323 = CONTEXT_DEPENDENT_SHAPE_REPRESENTATION(#4324,#4326);
#4324 = ( REPRESENTATION_RELATIONSHIP('','',#4156,#32) 
REPRESENTATION_RELATIONSHIP_WITH_TRANSFORMATION(#4325) 
SHAPE_REPRESENTATION_RELATIONSHIP() );
#4325 = ITEM_DEFINED_TRANSFORMATION('','',#11,#65);
#4326 = PRODUCT_DEFINITION_SHAPE('Placement','Placement of an item',
  #4327);
#4327 = NEXT_ASSEMBLY_USAGE_OCCURRENCE('9','','',#27,#4318,$);
#4328 = PRODUCT_RELATED_PRODUCT_CATEGORY('part',$,(#4320));
#4329 = ADVANCED_BREP_SHAPE_REPRESENTATION('',(#11,#4330),#4496);
#4330 = MANIFOLD_SOLID_BREP('',#4331);
#4331 = CLOSED_SHELL('',(#4332,#4380,#4411,#4450,#4467,#4484));
#4332 = ADVANCED_FACE('',(#4333),#4375,.F.);
#4333 = FACE_BOUND('',#4334,.T.);
#4334 = EDGE_LOOP('',(#4335,#4345,#4357,#4365));
#4335 = ORIENTED_EDGE('',*,*,#4336,.F.);
#4336 = EDGE_CURVE('',#4337,#4339,#4341,.T.);
#4337 = VERTEX_POINT('',#4338);
#4338 = CARTESIAN_POINT('',(133.87405044649,69.023931502023,
    -39.58908447733));
#4339 = VERTEX_POINT('',#4340);
#4340 = CARTESIAN_POINT('',(133.87405044649,86.523931502023,
    -39.58908447733));
#4341 = LINE('',#4342,#4343);
#4342 = CARTESIAN_POINT('',(133.87405044649,69.023931502023,
    -39.58908447733));
#4343 = VECTOR('',#4344,1.);
#4344 = DIRECTION('',(-0.,1.,0.));
#4345 = ORIENTED_EDGE('',*,*,#4346,.F.);
#4346 = EDGE_CURVE('',#4347,#4337,#4349,.T.);
#4347 = VERTEX_POINT('',#4348);
#4348 = CARTESIAN_POINT('',(140.40926634131,69.023931502023,
    -49.84732078747));
#4349 = B_SPLINE_CURVE_WITH_KNOTS('',6,(#4350,#4351,#4352,#4353,#4354,
    #4355,#4356),.UNSPECIFIED.,.F.,.F.,(7,7),(0.,1.308999958112),
  .PIECEWISE_BEZIER_KNOTS.);
#4350 = CARTESIAN_POINT('',(140.40926634131,69.023931502023,
    -49.84732078747));
#4351 = CARTESIAN_POINT('',(138.36122089215,69.023931502023,
    -49.10189648374));
#4352 = CARTESIAN_POINT('',(136.50837711254,69.023931502021,
    -47.82035275377));
#4353 = CARTESIAN_POINT('',(135.02583554793,69.023931502025,
    -46.06613015869));
#4354 = CARTESIAN_POINT('',(134.06251948977,69.023931502021,
    -43.98112450498));
#4355 = CARTESIAN_POINT('',(133.68409247237,69.023931502023,
    -41.76027390308));
#4356 = CARTESIAN_POINT('',(133.87405044649,69.023931502023,
    -39.58908447733));
#4357 = ORIENTED_EDGE('',*,*,#4358,.F.);
#4358 = EDGE_CURVE('',#4359,#4347,#4361,.T.);
#4359 = VERTEX_POINT('',#4360);
#4360 = CARTESIAN_POINT('',(140.40926634131,86.523931502023,
    -49.84732078747));
#4361 = LINE('',#4362,#4363);
#4362 = CARTESIAN_POINT('',(140.40926634131,86.523931502023,
    -49.84732078747));
#4363 = VECTOR('',#4364,1.);
#4364 = DIRECTION('',(0.,-1.,-0.));
#4365 = ORIENTED_EDGE('',*,*,#4366,.F.);
#4366 = EDGE_CURVE('',#4339,#4359,#4367,.T.);
#4367 = B_SPLINE_CURVE_WITH_KNOTS('',6,(#4368,#4369,#4370,#4371,#4372,
    #4373,#4374),.UNSPECIFIED.,.F.,.F.,(7,7),(0.,1.308999958112),
  .PIECEWISE_BEZIER_KNOTS.);
#4368 = CARTESIAN_POINT('',(133.87405044649,86.523931502023,
    -39.58908447733));
#4369 = CARTESIAN_POINT('',(133.68409247237,86.523931502023,
    -41.76027390308));
#4370 = CARTESIAN_POINT('',(134.06251948977,86.523931502022,
    -43.98112450498));
#4371 = CARTESIAN_POINT('',(135.02583554793,86.523931502024,
    -46.06613015869));
#4372 = CARTESIAN_POINT('',(136.50837711254,86.523931502023,
    -47.82035275377));
#4373 = CARTESIAN_POINT('',(138.36122089215,86.523931502023,
    -49.10189648374));
#4374 = CARTESIAN_POINT('',(140.40926634131,86.523931502023,
    -49.84732078747));
#4375 = CYLINDRICAL_SURFACE('',#4376,9.99000034);
#4376 = AXIS2_PLACEMENT_3D('',#4377,#4378,#4379);
#4377 = CARTESIAN_POINT('',(143.82603442105,89.973932682023,
    -40.45978635704));
#4378 = DIRECTION('',(0.,-1.,-0.));
#4379 = DIRECTION('',(-0.996194694556,-0.,8.715578315872E-02));
#4380 = ADVANCED_FACE('',(#4381),#4406,.T.);
#4381 = FACE_BOUND('',#4382,.T.);
#4382 = EDGE_LOOP('',(#4383,#4384,#4392,#4400));
#4383 = ORIENTED_EDGE('',*,*,#4336,.T.);
#4384 = ORIENTED_EDGE('',*,*,#4385,.T.);
#4385 = EDGE_CURVE('',#4339,#4386,#4388,.T.);
#4386 = VERTEX_POINT('',#4387);
#4387 = CARTESIAN_POINT('',(133.80531391855,86.523931502023,
    -39.58307069915));
#4388 = LINE('',#4389,#4390);
#4389 = CARTESIAN_POINT('',(133.87405044649,86.523931502023,
    -39.58908447733));
#4390 = VECTOR('',#4391,1.);
#4391 = DIRECTION('',(-0.996194558143,0.,8.715734235006E-02));
#4392 = ORIENTED_EDGE('',*,*,#4393,.F.);
#4393 = EDGE_CURVE('',#4394,#4386,#4396,.T.);
#4394 = VERTEX_POINT('',#4395);
#4395 = CARTESIAN_POINT('',(133.80531391855,69.023931502023,
    -39.58307069915));
#4396 = LINE('',#4397,#4398);
#4397 = CARTESIAN_POINT('',(133.80531391855,69.023931502023,
    -39.58307069915));
#4398 = VECTOR('',#4399,1.);
#4399 = DIRECTION('',(-0.,1.,0.));
#4400 = ORIENTED_EDGE('',*,*,#4401,.F.);
#4401 = EDGE_CURVE('',#4337,#4394,#4402,.T.);
#4402 = LINE('',#4403,#4404);
#4403 = CARTESIAN_POINT('',(133.87405044649,69.023931502023,
    -39.58908447733));
#4404 = VECTOR('',#4405,1.);
#4405 = DIRECTION('',(-0.996194558143,0.,8.715734235006E-02));
#4406 = PLANE('',#4407);
#4407 = AXIS2_PLACEMENT_3D('',#4408,#4409,#4410);
#4408 = CARTESIAN_POINT('',(133.83968218252,77.773931502023,
    -39.58607758824));
#4409 = DIRECTION('',(8.715734235006E-02,1.694414672125E-21,
    0.996194558143));
#4410 = DIRECTION('',(0.996194558143,0.,-8.715734235006E-02));
#4411 = ADVANCED_FACE('',(#4412),#4445,.T.);
#4412 = FACE_BOUND('',#4413,.F.);
#4413 = EDGE_LOOP('',(#4414,#4415,#4427,#4435));
#4414 = ORIENTED_EDGE('',*,*,#4393,.F.);
#4415 = ORIENTED_EDGE('',*,*,#4416,.F.);
#4416 = EDGE_CURVE('',#4417,#4394,#4419,.T.);
#4417 = VERTEX_POINT('',#4418);
#4418 = CARTESIAN_POINT('',(140.38566735088,69.023931502023,
    -49.91215876594));
#4419 = B_SPLINE_CURVE_WITH_KNOTS('',6,(#4420,#4421,#4422,#4423,#4424,
    #4425,#4426),.UNSPECIFIED.,.F.,.F.,(7,7),(0.,1.308999958112),
  .PIECEWISE_BEZIER_KNOTS.);
#4420 = CARTESIAN_POINT('',(140.38566735088,69.023931502023,
    -49.91215876594));
#4421 = CARTESIAN_POINT('',(138.32347642745,69.023931502023,
    -49.16158595327));
#4422 = CARTESIAN_POINT('',(136.4578353957,69.023931502021,
    -47.87119083581));
#4423 = CARTESIAN_POINT('',(134.96505418843,69.023931502025,
    -46.10485214702));
#4424 = CARTESIAN_POINT('',(133.99508468294,69.023931502021,
    -44.00544574169));
#4425 = CARTESIAN_POINT('',(133.61404393955,69.023931502023,
    -41.76925613203));
#4426 = CARTESIAN_POINT('',(133.80531391855,69.023931502023,
    -39.58307069915));
#4427 = ORIENTED_EDGE('',*,*,#4428,.F.);
#4428 = EDGE_CURVE('',#4429,#4417,#4431,.T.);
#4429 = VERTEX_POINT('',#4430);
#4430 = CARTESIAN_POINT('',(140.38566735088,86.523931502023,
    -49.91215876594));
#4431 = LINE('',#4432,#4433);
#4432 = CARTESIAN_POINT('',(140.38566735088,86.523931502023,
    -49.91215876594));
#4433 = VECTOR('',#4434,1.);
#4434 = DIRECTION('',(0.,-1.,-0.));
#4435 = ORIENTED_EDGE('',*,*,#4436,.F.);
#4436 = EDGE_CURVE('',#4386,#4429,#4437,.T.);
#4437 = B_SPLINE_CURVE_WITH_KNOTS('',6,(#4438,#4439,#4440,#4441,#4442,
    #4443,#4444),.UNSPECIFIED.,.F.,.F.,(7,7),(0.,1.308999958112),
  .PIECEWISE_BEZIER_KNOTS.);
#4438 = CARTESIAN_POINT('',(133.80531391855,86.523931502023,
    -39.58307069915));
#4439 = CARTESIAN_POINT('',(133.61404393955,86.523931502023,
    -41.76925613203));
#4440 = CARTESIAN_POINT('',(133.99508468294,86.523931502022,
    -44.00544574169));
#4441 = CARTESIAN_POINT('',(134.96505418843,86.523931502024,
    -46.10485214702));
#4442 = CARTESIAN_POINT('',(136.4578353957,86.523931502023,
    -47.87119083581));
#4443 = CARTESIAN_POINT('',(138.32347642745,86.523931502023,
    -49.16158595327));
#4444 = CARTESIAN_POINT('',(140.38566735088,86.523931502023,
    -49.91215876594));
#4445 = CYLINDRICAL_SURFACE('',#4446,10.05899944);
#4446 = AXIS2_PLACEMENT_3D('',#4447,#4448,#4449);
#4447 = CARTESIAN_POINT('',(143.82603442105,89.973932682023,
    -40.45978635704));
#4448 = DIRECTION('',(0.,-1.,-0.));
#4449 = DIRECTION('',(-0.996194694556,-0.,8.715578315872E-02));
#4450 = ADVANCED_FACE('',(#4451),#4462,.T.);
#4451 = FACE_BOUND('',#4452,.T.);
#4452 = EDGE_LOOP('',(#4453,#4454,#4455,#4456));
#4453 = ORIENTED_EDGE('',*,*,#4346,.T.);
#4454 = ORIENTED_EDGE('',*,*,#4401,.T.);
#4455 = ORIENTED_EDGE('',*,*,#4416,.F.);
#4456 = ORIENTED_EDGE('',*,*,#4457,.F.);
#4457 = EDGE_CURVE('',#4347,#4417,#4458,.T.);
#4458 = LINE('',#4459,#4460);
#4459 = CARTESIAN_POINT('',(140.40926634131,69.023931502023,
    -49.84732078747));
#4460 = VECTOR('',#4461,1.);
#4461 = DIRECTION('',(-0.342018815161,0.,-0.939693104197));
#4462 = PLANE('',#4463);
#4463 = AXIS2_PLACEMENT_3D('',#4464,#4465,#4466);
#4464 = CARTESIAN_POINT('',(135.99929370328,69.023931502023,
    -45.44596904936));
#4465 = DIRECTION('',(5.369102203883E-15,-1.,8.577092323035E-15));
#4466 = DIRECTION('',(0.,-8.577092323035E-15,-1.));
#4467 = ADVANCED_FACE('',(#4468),#4479,.T.);
#4468 = FACE_BOUND('',#4469,.T.);
#4469 = EDGE_LOOP('',(#4470,#4471,#4472,#4473));
#4470 = ORIENTED_EDGE('',*,*,#4358,.T.);
#4471 = ORIENTED_EDGE('',*,*,#4457,.T.);
#4472 = ORIENTED_EDGE('',*,*,#4428,.F.);
#4473 = ORIENTED_EDGE('',*,*,#4474,.F.);
#4474 = EDGE_CURVE('',#4359,#4429,#4475,.T.);
#4475 = LINE('',#4476,#4477);
#4476 = CARTESIAN_POINT('',(140.40926634131,86.523931502023,
    -49.84732078747));
#4477 = VECTOR('',#4478,1.);
#4478 = DIRECTION('',(-0.342018815161,0.,-0.939693104197));
#4479 = PLANE('',#4480);
#4480 = AXIS2_PLACEMENT_3D('',#4481,#4482,#4483);
#4481 = CARTESIAN_POINT('',(140.39746684609,77.773931502023,
    -49.8797397767));
#4482 = DIRECTION('',(0.939693104197,2.581005769731E-20,-0.342018815161)
  );
#4483 = DIRECTION('',(0.342018815161,-1.504632769053E-36,0.939693104197)
  );
#4484 = ADVANCED_FACE('',(#4485),#4491,.T.);
#4485 = FACE_BOUND('',#4486,.T.);
#4486 = EDGE_LOOP('',(#4487,#4488,#4489,#4490));
#4487 = ORIENTED_EDGE('',*,*,#4366,.T.);
#4488 = ORIENTED_EDGE('',*,*,#4474,.T.);
#4489 = ORIENTED_EDGE('',*,*,#4436,.F.);
#4490 = ORIENTED_EDGE('',*,*,#4385,.F.);
#4491 = PLANE('',#4492);
#4492 = AXIS2_PLACEMENT_3D('',#4493,#4494,#4495);
#4493 = CARTESIAN_POINT('',(135.99929370328,86.523931502023,
    -45.44596904936));
#4494 = DIRECTION('',(-5.059291652928E-15,1.,-1.45596455168E-15));
#4495 = DIRECTION('',(1.,5.059291652928E-15,0.));
#4496 = ( GEOMETRIC_REPRESENTATION_CONTEXT(3) 
GLOBAL_UNCERTAINTY_ASSIGNED_CONTEXT((#4500)) 
GLOBAL_UNIT_ASSIGNED_CONTEXT((#4497,#4498,#4499)) REPRESENTATION_CONTEXT
('Context #1','3D Context with UNIT and UNCERTAINTY') );
#4497 = ( LENGTH_UNIT() NAMED_UNIT(*) SI_UNIT(.MILLI.,.METRE.) );
#4498 = ( NAMED_UNIT(*) PLANE_ANGLE_UNIT() SI_UNIT($,.RADIAN.) );
#4499 = ( NAMED_UNIT(*) SI_UNIT($,.STERADIAN.) SOLID_ANGLE_UNIT() );
#4500 = UNCERTAINTY_MEASURE_WITH_UNIT(LENGTH_MEASURE(1.E-05),#4497,
  'distance_accuracy_value','confusion accuracy');
#4501 = SHAPE_DEFINITION_REPRESENTATION(#4502,#4329);
#4502 = PRODUCT_DEFINITION_SHAPE('','',#4503);
#4503 = PRODUCT_DEFINITION('design','',#4504,#4507);
#4504 = PRODUCT_DEFINITION_FORMATION('','',#4505);
#4505 = PRODUCT('Open CASCADE STEP translator 7.5 1.1.10',
  'Open CASCADE STEP translator 7.5 1.1.10','',(#4506));
#4506 = PRODUCT_CONTEXT('',#2,'mechanical');
#4507 = PRODUCT_DEFINITION_CONTEXT('part definition',#2,'design');
#4508 = CONTEXT_DEPENDENT_SHAPE_REPRESENTATION(#4509,#4511);
#4509 = ( REPRESENTATION_RELATIONSHIP('','',#4329,#32) 
REPRESENTATION_RELATIONSHIP_WITH_TRANSFORMATION(#4510) 
SHAPE_REPRESENTATION_RELATIONSHIP() );
#4510 = ITEM_DEFINED_TRANSFORMATION('','',#11,#69);
#4511 = PRODUCT_DEFINITION_SHAPE('Placement','Placement of an item',
  #4512);
#4512 = NEXT_ASSEMBLY_USAGE_OCCURRENCE('10','','',#27,#4503,$);
#4513 = PRODUCT_RELATED_PRODUCT_CATEGORY('part',$,(#4505));
#4514 = ADVANCED_BREP_SHAPE_REPRESENTATION('',(#11,#4515),#4677);
#4515 = MANIFOLD_SOLID_BREP('',#4516);
#4516 = CLOSED_SHELL('',(#4517,#4563,#4594,#4631,#4648,#4665));
#4517 = ADVANCED_FACE('',(#4518),#4558,.F.);
#4518 = FACE_BOUND('',#4519,.T.);
#4519 = EDGE_LOOP('',(#4520,#4530,#4541,#4549));
#4520 = ORIENTED_EDGE('',*,*,#4521,.F.);
#4521 = EDGE_CURVE('',#4522,#4524,#4526,.T.);
#4522 = VERTEX_POINT('',#4523);
#4523 = CARTESIAN_POINT('',(139.32310673451,69.023931752613,
    -23.40640048044));
#4524 = VERTEX_POINT('',#4525);
#4525 = CARTESIAN_POINT('',(139.32310673451,86.523931752613,
    -23.40640048044));
#4526 = LINE('',#4527,#4528);
#4527 = CARTESIAN_POINT('',(139.32310673451,69.023931752613,
    -23.40640048044));
#4528 = VECTOR('',#4529,1.);
#4529 = DIRECTION('',(-0.,1.,0.));
#4530 = ORIENTED_EDGE('',*,*,#4531,.F.);
#4531 = EDGE_CURVE('',#4532,#4522,#4534,.T.);
#4532 = VERTEX_POINT('',#4533);
#4533 = CARTESIAN_POINT('',(134.01358374243,69.023931752613,
    -37.9941898254));
#4534 = B_SPLINE_CURVE_WITH_KNOTS('',5,(#4535,#4536,#4537,#4538,#4539,
    #4540),.UNSPECIFIED.,.F.,.F.,(6,6),(0.,0.523599983245),
  .PIECEWISE_BEZIER_KNOTS.);
#4535 = CARTESIAN_POINT('',(134.01358374243,69.023931752613,
    -37.9941898254));
#4536 = CARTESIAN_POINT('',(134.28729943003,69.023931752613,
    -34.86558755739));
#4537 = CARTESIAN_POINT('',(134.97053084292,69.023931752612,
    -31.77280821567));
#4538 = CARTESIAN_POINT('',(136.05714250022,69.023931752614,
    -28.78736828441));
#4539 = CARTESIAN_POINT('',(137.52175775485,69.023931752612,
    -25.97898950368));
#4540 = CARTESIAN_POINT('',(139.32310673451,69.023931752613,
    -23.40640048044));
#4541 = ORIENTED_EDGE('',*,*,#4542,.F.);
#4542 = EDGE_CURVE('',#4543,#4532,#4545,.T.);
#4543 = VERTEX_POINT('',#4544);
#4544 = CARTESIAN_POINT('',(134.01358374243,86.523931752613,
    -37.9941898254));
#4545 = LINE('',#4546,#4547);
#4546 = CARTESIAN_POINT('',(134.01358374243,86.523931752613,
    -37.9941898254));
#4547 = VECTOR('',#4548,1.);
#4548 = DIRECTION('',(0.,-1.,-0.));
#4549 = ORIENTED_EDGE('',*,*,#4550,.F.);
#4550 = EDGE_CURVE('',#4524,#4543,#4551,.T.);
#4551 = B_SPLINE_CURVE_WITH_KNOTS('',5,(#4552,#4553,#4554,#4555,#4556,
    #4557),.UNSPECIFIED.,.F.,.F.,(6,6),(0.,0.523599983245),
  .PIECEWISE_BEZIER_KNOTS.);
#4552 = CARTESIAN_POINT('',(139.32310673451,86.523931752613,
    -23.40640048044));
#4553 = CARTESIAN_POINT('',(137.52175775485,86.523931752613,
    -25.97898950368));
#4554 = CARTESIAN_POINT('',(136.05714250022,86.523931752612,
    -28.78736828441));
#4555 = CARTESIAN_POINT('',(134.97053084292,86.523931752614,
    -31.77280821567));
#4556 = CARTESIAN_POINT('',(134.28729943003,86.523931752612,
    -34.86558755739));
#4557 = CARTESIAN_POINT('',(134.01358374243,86.523931752613,
    -37.9941898254));
#4558 = CYLINDRICAL_SURFACE('',#4559,29.99000098);
#4559 = AXIS2_PLACEMENT_3D('',#4560,#4561,#4562);
#4560 = CARTESIAN_POINT('',(163.88946499422,89.973932932613,
    -40.60797600817));
#4561 = DIRECTION('',(0.,-1.,-0.));
#4562 = DIRECTION('',(-0.819151963513,-0.,0.573576551711));
#4563 = ADVANCED_FACE('',(#4564),#4589,.T.);
#4564 = FACE_BOUND('',#4565,.T.);
#4565 = EDGE_LOOP('',(#4566,#4567,#4575,#4583));
#4566 = ORIENTED_EDGE('',*,*,#4521,.T.);
#4567 = ORIENTED_EDGE('',*,*,#4568,.T.);
#4568 = EDGE_CURVE('',#4524,#4569,#4571,.T.);
#4569 = VERTEX_POINT('',#4570);
#4570 = CARTESIAN_POINT('',(139.26658600911,86.523931752613,
    -23.36682418197));
#4571 = LINE('',#4572,#4573);
#4572 = CARTESIAN_POINT('',(139.32310673451,86.523931752613,
    -23.40640048044));
#4573 = VECTOR('',#4574,1.);
#4574 = DIRECTION('',(-0.819151632442,0.,0.573577024529));
#4575 = ORIENTED_EDGE('',*,*,#4576,.F.);
#4576 = EDGE_CURVE('',#4577,#4569,#4579,.T.);
#4577 = VERTEX_POINT('',#4578);
#4578 = CARTESIAN_POINT('',(139.26658600911,69.023931752613,
    -23.36682418197));
#4579 = LINE('',#4580,#4581);
#4580 = CARTESIAN_POINT('',(139.26658600911,69.023931752613,
    -23.36682418197));
#4581 = VECTOR('',#4582,1.);
#4582 = DIRECTION('',(-0.,1.,0.));
#4583 = ORIENTED_EDGE('',*,*,#4584,.F.);
#4584 = EDGE_CURVE('',#4522,#4577,#4585,.T.);
#4585 = LINE('',#4586,#4587);
#4586 = CARTESIAN_POINT('',(139.32310673451,69.023931752613,
    -23.40640048044));
#4587 = VECTOR('',#4588,1.);
#4588 = DIRECTION('',(-0.819151632442,0.,0.573577024529));
#4589 = PLANE('',#4590);
#4590 = AXIS2_PLACEMENT_3D('',#4591,#4592,#4593);
#4591 = CARTESIAN_POINT('',(139.29484637181,77.773931752613,
    -23.38661233121));
#4592 = DIRECTION('',(0.573577024529,-4.862073589842E-20,0.819151632442)
  );
#4593 = DIRECTION('',(0.819151632442,3.009265538105E-36,-0.573577024529)
  );
#4594 = ADVANCED_FACE('',(#4595),#4626,.T.);
#4595 = FACE_BOUND('',#4596,.F.);
#4596 = EDGE_LOOP('',(#4597,#4598,#4609,#4617));
#4597 = ORIENTED_EDGE('',*,*,#4576,.F.);
#4598 = ORIENTED_EDGE('',*,*,#4599,.F.);
#4599 = EDGE_CURVE('',#4600,#4577,#4602,.T.);
#4600 = VERTEX_POINT('',#4601);
#4601 = CARTESIAN_POINT('',(133.94484720189,69.023931752613,
    -37.98817619124));
#4602 = B_SPLINE_CURVE_WITH_KNOTS('',5,(#4603,#4604,#4605,#4606,#4607,
    #4608),.UNSPECIFIED.,.F.,.F.,(6,6),(0.,0.523599983245),
  .PIECEWISE_BEZIER_KNOTS.);
#4603 = CARTESIAN_POINT('',(133.94484720189,69.023931752613,
    -37.98817619124));
#4604 = CARTESIAN_POINT('',(134.21919263726,69.023931752613,
    -34.85237583275));
#4605 = CARTESIAN_POINT('',(134.90399598583,69.023931752612,
    -31.75248081966));
#4606 = CARTESIAN_POINT('',(135.9931076506,69.023931752614,
    -28.76017217679));
#4607 = CARTESIAN_POINT('',(137.4610925995,69.023931752612,
    -25.94533205554));
#4608 = CARTESIAN_POINT('',(139.26658600911,69.023931752613,
    -23.36682418197));
#4609 = ORIENTED_EDGE('',*,*,#4610,.F.);
#4610 = EDGE_CURVE('',#4611,#4600,#4613,.T.);
#4611 = VERTEX_POINT('',#4612);
#4612 = CARTESIAN_POINT('',(133.94484720189,86.523931752613,
    -37.98817619124));
#4613 = LINE('',#4614,#4615);
#4614 = CARTESIAN_POINT('',(133.94484720189,86.523931752613,
    -37.98817619124));
#4615 = VECTOR('',#4616,1.);
#4616 = DIRECTION('',(0.,-1.,-0.));
#4617 = ORIENTED_EDGE('',*,*,#4618,.F.);
#4618 = EDGE_CURVE('',#4569,#4611,#4619,.T.);
#4619 = B_SPLINE_CURVE_WITH_KNOTS('',5,(#4620,#4621,#4622,#4623,#4624,
    #4625),.UNSPECIFIED.,.F.,.F.,(6,6),(0.,0.523599983245),
  .PIECEWISE_BEZIER_KNOTS.);
#4620 = CARTESIAN_POINT('',(139.26658600911,86.523931752613,
    -23.36682418197));
#4621 = CARTESIAN_POINT('',(137.4610925995,86.523931752613,
    -25.94533205554));
#4622 = CARTESIAN_POINT('',(135.9931076506,86.523931752612,
    -28.76017217679));
#4623 = CARTESIAN_POINT('',(134.90399598583,86.523931752614,
    -31.75248081966));
#4624 = CARTESIAN_POINT('',(134.21919263726,86.523931752612,
    -34.85237583275));
#4625 = CARTESIAN_POINT('',(133.94484720189,86.523931752613,
    -37.98817619124));
#4626 = CYLINDRICAL_SURFACE('',#4627,30.05900008);
#4627 = AXIS2_PLACEMENT_3D('',#4628,#4629,#4630);
#4628 = CARTESIAN_POINT('',(163.88946499422,89.973932932613,
    -40.60797600817));
#4629 = DIRECTION('',(0.,-1.,-0.));
#4630 = DIRECTION('',(-0.819151963513,-0.,0.573576551711));
#4631 = ADVANCED_FACE('',(#4632),#4643,.T.);
#4632 = FACE_BOUND('',#4633,.T.);
#4633 = EDGE_LOOP('',(#4634,#4635,#4636,#4637));
#4634 = ORIENTED_EDGE('',*,*,#4531,.T.);
#4635 = ORIENTED_EDGE('',*,*,#4584,.T.);
#4636 = ORIENTED_EDGE('',*,*,#4599,.F.);
#4637 = ORIENTED_EDGE('',*,*,#4638,.F.);
#4638 = EDGE_CURVE('',#4532,#4600,#4639,.T.);
#4639 = LINE('',#4640,#4641);
#4640 = CARTESIAN_POINT('',(134.01358374243,69.023931752613,
    -37.9941898254));
#4641 = VECTOR('',#4642,1.);
#4642 = DIRECTION('',(-0.996194740764,0.,8.715525499707E-02));
#4643 = PLANE('',#4644);
#4644 = AXIS2_PLACEMENT_3D('',#4645,#4646,#4647);
#4645 = CARTESIAN_POINT('',(136.02499880776,69.023931752613,
    -30.46613611861));
#4646 = DIRECTION('',(-1.952890103707E-14,-1.,6.685943209264E-15));
#4647 = DIRECTION('',(-1.,1.952890103707E-14,0.));
#4648 = ADVANCED_FACE('',(#4649),#4660,.T.);
#4649 = FACE_BOUND('',#4650,.T.);
#4650 = EDGE_LOOP('',(#4651,#4652,#4653,#4654));
#4651 = ORIENTED_EDGE('',*,*,#4542,.T.);
#4652 = ORIENTED_EDGE('',*,*,#4638,.T.);
#4653 = ORIENTED_EDGE('',*,*,#4610,.F.);
#4654 = ORIENTED_EDGE('',*,*,#4655,.F.);
#4655 = EDGE_CURVE('',#4543,#4611,#4656,.T.);
#4656 = LINE('',#4657,#4658);
#4657 = CARTESIAN_POINT('',(134.01358374243,86.523931752613,
    -37.9941898254));
#4658 = VECTOR('',#4659,1.);
#4659 = DIRECTION('',(-0.996194740764,0.,8.715525499707E-02));
#4660 = PLANE('',#4661);
#4661 = AXIS2_PLACEMENT_3D('',#4662,#4663,#4664);
#4662 = CARTESIAN_POINT('',(133.97921547216,77.773931752613,
    -37.99118300832));
#4663 = DIRECTION('',(-8.715525499707E-02,-1.229359136166E-22,
    -0.996194740764));
#4664 = DIRECTION('',(-0.996194740764,1.469367938528E-39,
    8.715525499707E-02));
#4665 = ADVANCED_FACE('',(#4666),#4672,.T.);
#4666 = FACE_BOUND('',#4667,.T.);
#4667 = EDGE_LOOP('',(#4668,#4669,#4670,#4671));
#4668 = ORIENTED_EDGE('',*,*,#4550,.T.);
#4669 = ORIENTED_EDGE('',*,*,#4655,.T.);
#4670 = ORIENTED_EDGE('',*,*,#4618,.F.);
#4671 = ORIENTED_EDGE('',*,*,#4568,.F.);
#4672 = PLANE('',#4673);
#4673 = AXIS2_PLACEMENT_3D('',#4674,#4675,#4676);
#4674 = CARTESIAN_POINT('',(136.02499880776,86.523931752613,
    -30.46613611861));
#4675 = DIRECTION('',(2.757048174256E-14,1.,-6.824022465187E-15));
#4676 = DIRECTION('',(1.,-2.757048174256E-14,0.));
#4677 = ( GEOMETRIC_REPRESENTATION_CONTEXT(3) 
GLOBAL_UNCERTAINTY_ASSIGNED_CONTEXT((#4681)) 
GLOBAL_UNIT_ASSIGNED_CONTEXT((#4678,#4679,#4680)) REPRESENTATION_CONTEXT
('Context #1','3D Context with UNIT and UNCERTAINTY') );
#4678 = ( LENGTH_UNIT() NAMED_UNIT(*) SI_UNIT(.MILLI.,.METRE.) );
#4679 = ( NAMED_UNIT(*) PLANE_ANGLE_UNIT() SI_UNIT($,.RADIAN.) );
#4680 = ( NAMED_UNIT(*) SI_UNIT($,.STERADIAN.) SOLID_ANGLE_UNIT() );
#4681 = UNCERTAINTY_MEASURE_WITH_UNIT(LENGTH_MEASURE(1.E-05),#4678,
  'distance_accuracy_value','confusion accuracy');
#4682 = SHAPE_DEFINITION_REPRESENTATION(#4683,#4514);
#4683 = PRODUCT_DEFINITION_SHAPE('','',#4684);
#4684 = PRODUCT_DEFINITION('design','',#4685,#4688);
#4685 = PRODUCT_DEFINITION_FORMATION('','',#4686);
#4686 = PRODUCT('Open CASCADE STEP translator 7.5 1.1.11',
  'Open CASCADE STEP translator 7.5 1.1.11','',(#4687));
#4687 = PRODUCT_CONTEXT('',#2,'mechanical');
#4688 = PRODUCT_DEFINITION_CONTEXT('part definition',#2,'design');
#4689 = CONTEXT_DEPENDENT_SHAPE_REPRESENTATION(#4690,#4692);
#4690 = ( REPRESENTATION_RELATIONSHIP('','',#4514,#32) 
REPRESENTATION_RELATIONSHIP_WITH_TRANSFORMATION(#4691) 
SHAPE_REPRESENTATION_RELATIONSHIP() );
#4691 = ITEM_DEFINED_TRANSFORMATION('','',#11,#73);
#4692 = PRODUCT_DEFINITION_SHAPE('Placement','Placement of an item',
  #4693);
#4693 = NEXT_ASSEMBLY_USAGE_OCCURRENCE('11','','',#27,#4684,$);
#4694 = PRODUCT_RELATED_PRODUCT_CATEGORY('part',$,(#4686));
#4695 = ADVANCED_BREP_SHAPE_REPRESENTATION('',(#11,#4696),#9631);
#4696 = MANIFOLD_SOLID_BREP('',#4697);
#4697 = CLOSED_SHELL('',(#4698,#5898,#5929,#7120,#7137,#7154,#7171,#7188
    ,#7205,#7222,#7239,#7256,#7273,#7290,#7307,#7324,#7341,#7358,#7375,
    #7392,#7409,#7426,#7443,#7460,#7477,#7494,#7511,#7528,#7545,#7562,
    #7579,#7596,#7613,#7630,#7647,#7664,#7681,#7698,#7715,#7732,#7749,
    #7766,#7783,#7800,#7817,#7834,#7851,#7868,#7885,#7902,#7919,#7936,
    #7953,#7970,#7987,#8004,#8021,#8038,#8055,#8072,#8089,#8106,#8123,
    #8140,#8157,#8174,#8191,#8208,#8225,#8242,#8259,#8276,#8293,#8310,
    #8327,#8344,#8361,#8378,#8395,#8412,#8429,#8446,#8463,#8480,#8497,
    #8514,#8531,#8548,#8565,#8582,#8599,#8616,#8633,#8650,#8667,#8684,
    #8701,#8718,#8735,#8752,#8769,#8786,#8803,#8820,#8837,#8854,#8871,
    #8888,#8905,#8922,#8939,#8956,#8973,#8990,#9007,#9024,#9041,#9058,
    #9075,#9092,#9109,#9126,#9143,#9160,#9177,#9194,#9211,#9228,#9245,
    #9262,#9279,#9296,#9313,#9330,#9347,#9364,#9381,#9398,#9415,#9432,
    #9449,#9466,#9483,#9500,#9517,#9534,#9551,#9568,#9585,#9602,#9619));
#4698 = ADVANCED_FACE('',(#4699),#5893,.F.);
#4699 = FACE_BOUND('',#4700,.T.);
#4700 = EDGE_LOOP('',(#4701,#4711,#4719,#4727,#4735,#4743,#4751,#4759,
    #4767,#4775,#4783,#4791,#4799,#4807,#4815,#4823,#4831,#4839,#4847,
    #4855,#4863,#4871,#4879,#4887,#4895,#4903,#4911,#4919,#4927,#4935,
    #4943,#4951,#4959,#4967,#4975,#4983,#4991,#4999,#5007,#5015,#5023,
    #5031,#5039,#5047,#5055,#5063,#5071,#5079,#5087,#5095,#5103,#5111,
    #5119,#5127,#5135,#5143,#5151,#5159,#5167,#5175,#5183,#5191,#5199,
    #5207,#5215,#5223,#5231,#5239,#5247,#5255,#5263,#5271,#5279,#5287,
    #5295,#5303,#5311,#5319,#5327,#5335,#5343,#5351,#5359,#5367,#5375,
    #5383,#5391,#5399,#5407,#5415,#5423,#5431,#5439,#5447,#5455,#5463,
    #5471,#5479,#5487,#5495,#5503,#5511,#5519,#5527,#5535,#5543,#5551,
    #5559,#5567,#5575,#5583,#5591,#5599,#5607,#5615,#5623,#5631,#5639,
    #5647,#5655,#5663,#5671,#5679,#5687,#5695,#5703,#5711,#5719,#5727,
    #5735,#5743,#5751,#5759,#5767,#5775,#5783,#5791,#5799,#5807,#5815,
    #5823,#5831,#5839,#5847,#5855,#5863,#5871,#5879,#5887));
#4701 = ORIENTED_EDGE('',*,*,#4702,.T.);
#4702 = EDGE_CURVE('',#4703,#4705,#4707,.T.);
#4703 = VERTEX_POINT('',#4704);
#4704 = CARTESIAN_POINT('',(191.61196915816,98.025931371154,9.99998E-03)
  );
#4705 = VERTEX_POINT('',#4706);
#4706 = CARTESIAN_POINT('',(191.43196917246,97.984931374413,9.99998E-03)
  );
#4707 = LINE('',#4708,#4709);
#4708 = CARTESIAN_POINT('',(191.61196915816,98.025931371154,9.99998E-03)
  );
#4709 = VECTOR('',#4710,1.);
#4710 = DIRECTION('',(-0.975026322681,-0.222089329055,0.));
#4711 = ORIENTED_EDGE('',*,*,#4712,.T.);
#4712 = EDGE_CURVE('',#4705,#4713,#4715,.T.);
#4713 = VERTEX_POINT('',#4714);
#4714 = CARTESIAN_POINT('',(191.28096918446,97.878931382837,9.99998E-03)
  );
#4715 = LINE('',#4716,#4717);
#4716 = CARTESIAN_POINT('',(191.43196917246,97.984931374413,9.99998E-03)
  );
#4717 = VECTOR('',#4718,1.);
#4718 = DIRECTION('',(-0.818467256881,-0.574553173704,0.));
#4719 = ORIENTED_EDGE('',*,*,#4720,.T.);
#4720 = EDGE_CURVE('',#4713,#4721,#4723,.T.);
#4721 = VERTEX_POINT('',#4722);
#4722 = CARTESIAN_POINT('',(191.18296919225,97.722931395235,9.99998E-03)
  );
#4723 = LINE('',#4724,#4725);
#4724 = CARTESIAN_POINT('',(191.28096918446,97.878931382837,9.99998E-03)
  );
#4725 = VECTOR('',#4726,1.);
#4726 = DIRECTION('',(-0.53194919585,-0.846776270945,0.));
#4727 = ORIENTED_EDGE('',*,*,#4728,.T.);
#4728 = EDGE_CURVE('',#4721,#4729,#4731,.T.);
#4729 = VERTEX_POINT('',#4730);
#4730 = CARTESIAN_POINT('',(191.16696919352,97.631931402467,9.99998E-03)
  );
#4731 = LINE('',#4732,#4733);
#4732 = CARTESIAN_POINT('',(191.18296919225,97.722931395235,9.99998E-03)
  );
#4733 = VECTOR('',#4734,1.);
#4734 = DIRECTION('',(-0.173167880716,-0.98489232157,0.));
#4735 = ORIENTED_EDGE('',*,*,#4736,.T.);
#4736 = EDGE_CURVE('',#4729,#4737,#4739,.T.);
#4737 = VERTEX_POINT('',#4738);
#4738 = CARTESIAN_POINT('',(191.17796919265,84.381932455482,9.99998E-03)
  );
#4739 = LINE('',#4740,#4741);
#4740 = CARTESIAN_POINT('',(191.16696919352,97.631931402467,9.99998E-03)
  );
#4741 = VECTOR('',#4742,1.);
#4742 = DIRECTION('',(8.301883931577E-04,-0.999999655394,0.));
#4743 = ORIENTED_EDGE('',*,*,#4744,.T.);
#4744 = EDGE_CURVE('',#4737,#4745,#4747,.T.);
#4745 = VERTEX_POINT('',#4746);
#4746 = CARTESIAN_POINT('',(191.17496919289,84.381932455482,9.99998E-03)
  );
#4747 = LINE('',#4748,#4749);
#4748 = CARTESIAN_POINT('',(191.17796919265,84.381932455482,9.99998E-03)
  );
#4749 = VECTOR('',#4750,1.);
#4750 = DIRECTION('',(-1.,0.,0.));
#4751 = ORIENTED_EDGE('',*,*,#4752,.T.);
#4752 = EDGE_CURVE('',#4745,#4753,#4755,.T.);
#4753 = VERTEX_POINT('',#4754);
#4754 = CARTESIAN_POINT('',(191.16996919328,84.331932459456,9.99998E-03)
  );
#4755 = LINE('',#4756,#4757);
#4756 = CARTESIAN_POINT('',(191.17496919289,84.381932455482,9.99998E-03)
  );
#4757 = VECTOR('',#4758,1.);
#4758 = DIRECTION('',(-9.950371902119E-02,-0.99503719021,0.));
#4759 = ORIENTED_EDGE('',*,*,#4760,.T.);
#4760 = EDGE_CURVE('',#4753,#4761,#4763,.T.);
#4761 = VERTEX_POINT('',#4762);
#4762 = CARTESIAN_POINT('',(191.13096919638,84.238932466847,9.99998E-03)
  );
#4763 = LINE('',#4764,#4765);
#4764 = CARTESIAN_POINT('',(191.16996919328,84.331932459456,9.99998E-03)
  );
#4765 = VECTOR('',#4766,1.);
#4766 = DIRECTION('',(-0.386726676251,-0.922194381829,0.));
#4767 = ORIENTED_EDGE('',*,*,#4768,.T.);
#4768 = EDGE_CURVE('',#4761,#4769,#4771,.T.);
#4769 = VERTEX_POINT('',#4770);
#4770 = CARTESIAN_POINT('',(191.05996920203,84.166932472569,9.99998E-03)
  );
#4771 = LINE('',#4772,#4773);
#4772 = CARTESIAN_POINT('',(191.13096919638,84.238932466847,9.99998E-03)
  );
#4773 = VECTOR('',#4774,1.);
#4774 = DIRECTION('',(-0.702144810536,-0.712034174065,0.));
#4775 = ORIENTED_EDGE('',*,*,#4776,.T.);
#4776 = EDGE_CURVE('',#4769,#4777,#4779,.T.);
#4777 = VERTEX_POINT('',#4778);
#4778 = CARTESIAN_POINT('',(190.96696920942,84.128932475589,9.99998E-03)
  );
#4779 = LINE('',#4780,#4781);
#4780 = CARTESIAN_POINT('',(191.05996920203,84.166932472569,9.99998E-03)
  );
#4781 = VECTOR('',#4782,1.);
#4782 = DIRECTION('',(-0.925705431508,-0.378245230078,0.));
#4783 = ORIENTED_EDGE('',*,*,#4784,.T.);
#4784 = EDGE_CURVE('',#4777,#4785,#4787,.T.);
#4785 = VERTEX_POINT('',#4786);
#4786 = CARTESIAN_POINT('',(190.86696921736,84.128932475589,9.99998E-03)
  );
#4787 = LINE('',#4788,#4789);
#4788 = CARTESIAN_POINT('',(190.96696920942,84.128932475589,9.99998E-03)
  );
#4789 = VECTOR('',#4790,1.);
#4790 = DIRECTION('',(-1.,0.,0.));
#4791 = ORIENTED_EDGE('',*,*,#4792,.T.);
#4792 = EDGE_CURVE('',#4785,#4793,#4795,.T.);
#4793 = VERTEX_POINT('',#4794);
#4794 = CARTESIAN_POINT('',(190.77396922476,84.166932472569,9.99998E-03)
  );
#4795 = LINE('',#4796,#4797);
#4796 = CARTESIAN_POINT('',(190.86696921736,84.128932475589,9.99998E-03)
  );
#4797 = VECTOR('',#4798,1.);
#4798 = DIRECTION('',(-0.925705431508,0.378245230078,0.));
#4799 = ORIENTED_EDGE('',*,*,#4800,.T.);
#4800 = EDGE_CURVE('',#4793,#4801,#4803,.T.);
#4801 = VERTEX_POINT('',#4802);
#4802 = CARTESIAN_POINT('',(190.70196923048,84.238932466847,9.99998E-03)
  );
#4803 = LINE('',#4804,#4805);
#4804 = CARTESIAN_POINT('',(190.77396922476,84.166932472569,9.99998E-03)
  );
#4805 = VECTOR('',#4806,1.);
#4806 = DIRECTION('',(-0.707106781186,0.707106781187,0.));
#4807 = ORIENTED_EDGE('',*,*,#4808,.T.);
#4808 = EDGE_CURVE('',#4801,#4809,#4811,.T.);
#4809 = VERTEX_POINT('',#4810);
#4810 = CARTESIAN_POINT('',(190.6639692335,84.331932459456,9.99998E-03)
  );
#4811 = LINE('',#4812,#4813);
#4812 = CARTESIAN_POINT('',(190.70196923048,84.238932466847,9.99998E-03)
  );
#4813 = VECTOR('',#4814,1.);
#4814 = DIRECTION('',(-0.378245230079,0.925705431508,0.));
#4815 = ORIENTED_EDGE('',*,*,#4816,.T.);
#4816 = EDGE_CURVE('',#4809,#4817,#4819,.T.);
#4817 = VERTEX_POINT('',#4818);
#4818 = CARTESIAN_POINT('',(190.65896923389,84.381932455482,9.99998E-03)
  );
#4819 = LINE('',#4820,#4821);
#4820 = CARTESIAN_POINT('',(190.6639692335,84.331932459456,9.99998E-03)
  );
#4821 = VECTOR('',#4822,1.);
#4822 = DIRECTION('',(-9.950371902091E-02,0.99503719021,0.));
#4823 = ORIENTED_EDGE('',*,*,#4824,.T.);
#4824 = EDGE_CURVE('',#4817,#4825,#4827,.T.);
#4825 = VERTEX_POINT('',#4826);
#4826 = CARTESIAN_POINT('',(190.66196923366,84.381932455482,9.99998E-03)
  );
#4827 = LINE('',#4828,#4829);
#4828 = CARTESIAN_POINT('',(190.65896923389,84.381932455482,9.99998E-03)
  );
#4829 = VECTOR('',#4830,1.);
#4830 = DIRECTION('',(1.,0.,-0.));
#4831 = ORIENTED_EDGE('',*,*,#4832,.T.);
#4832 = EDGE_CURVE('',#4825,#4833,#4835,.T.);
#4833 = VERTEX_POINT('',#4834);
#4834 = CARTESIAN_POINT('',(190.65096923453,97.731931394519,9.99998E-03)
  );
#4835 = LINE('',#4836,#4837);
#4836 = CARTESIAN_POINT('',(190.66196923366,84.381932455482,9.99998E-03)
  );
#4837 = VECTOR('',#4838,1.);
#4838 = DIRECTION('',(-8.239697577454E-04,0.999999660537,0.));
#4839 = ORIENTED_EDGE('',*,*,#4840,.T.);
#4840 = EDGE_CURVE('',#4833,#4841,#4843,.T.);
#4841 = VERTEX_POINT('',#4842);
#4842 = CARTESIAN_POINT('',(190.64996923461,97.787931390069,9.99998E-03)
  );
#4843 = LINE('',#4844,#4845);
#4844 = CARTESIAN_POINT('',(190.65096923453,97.731931394519,9.99998E-03)
  );
#4845 = VECTOR('',#4846,1.);
#4846 = DIRECTION('',(-1.785429641697E-02,0.999840599345,0.));
#4847 = ORIENTED_EDGE('',*,*,#4848,.T.);
#4848 = EDGE_CURVE('',#4841,#4849,#4851,.T.);
#4849 = VERTEX_POINT('',#4850);
#4850 = CARTESIAN_POINT('',(190.60396923827,97.891931381804,9.99998E-03)
  );
#4851 = LINE('',#4852,#4853);
#4852 = CARTESIAN_POINT('',(190.64996923461,97.787931390069,9.99998E-03)
  );
#4853 = VECTOR('',#4854,1.);
#4854 = DIRECTION('',(-0.404506014778,0.914535337758,0.));
#4855 = ORIENTED_EDGE('',*,*,#4856,.T.);
#4856 = EDGE_CURVE('',#4849,#4857,#4859,.T.);
#4857 = VERTEX_POINT('',#4858);
#4858 = CARTESIAN_POINT('',(190.52196924478,97.969931375605,9.99998E-03)
  );
#4859 = LINE('',#4860,#4861);
#4860 = CARTESIAN_POINT('',(190.60396923827,97.891931381804,9.99998E-03)
  );
#4861 = VECTOR('',#4862,1.);
#4862 = DIRECTION('',(-0.72455806169,0.689213765998,0.));
#4863 = ORIENTED_EDGE('',*,*,#4864,.T.);
#4864 = EDGE_CURVE('',#4857,#4865,#4867,.T.);
#4865 = VERTEX_POINT('',#4866);
#4866 = CARTESIAN_POINT('',(190.41596925321,98.010931372346,9.99998E-03)
  );
#4867 = LINE('',#4868,#4869);
#4868 = CARTESIAN_POINT('',(190.52196924478,97.969931375605,9.99998E-03)
  );
#4869 = VECTOR('',#4870,1.);
#4870 = DIRECTION('',(-0.932663617244,0.360747248179,0.));
#4871 = ORIENTED_EDGE('',*,*,#4872,.T.);
#4872 = EDGE_CURVE('',#4865,#4873,#4875,.T.);
#4873 = VERTEX_POINT('',#4874);
#4874 = CARTESIAN_POINT('',(190.35896925774,98.009931372426,9.99998E-03)
  );
#4875 = LINE('',#4876,#4877);
#4876 = CARTESIAN_POINT('',(190.41596925321,98.010931372346,9.99998E-03)
  );
#4877 = VECTOR('',#4878,1.);
#4878 = DIRECTION('',(-0.99984614201,-1.75411603861E-02,0.));
#4879 = ORIENTED_EDGE('',*,*,#4880,.T.);
#4880 = EDGE_CURVE('',#4873,#4881,#4883,.T.);
#4881 = VERTEX_POINT('',#4882);
#4882 = CARTESIAN_POINT('',(189.86196929723,97.983931374492,9.99998E-03)
  );
#4883 = LINE('',#4884,#4885);
#4884 = CARTESIAN_POINT('',(190.35896925774,98.009931372426,9.99998E-03)
  );
#4885 = VECTOR('',#4886,1.);
#4886 = DIRECTION('',(-0.998634431076,-5.224244508649E-02,0.));
#4887 = ORIENTED_EDGE('',*,*,#4888,.T.);
#4888 = EDGE_CURVE('',#4881,#4889,#4891,.T.);
#4889 = VERTEX_POINT('',#4890);
#4890 = CARTESIAN_POINT('',(188.87496937567,97.836931386175,9.99998E-03)
  );
#4891 = LINE('',#4892,#4893);
#4892 = CARTESIAN_POINT('',(189.86196929723,97.983931374492,9.99998E-03)
  );
#4893 = VECTOR('',#4894,1.);
#4894 = DIRECTION('',(-0.989090177882,-0.147311303089,0.));
#4895 = ORIENTED_EDGE('',*,*,#4896,.T.);
#4896 = EDGE_CURVE('',#4889,#4897,#4899,.T.);
#4897 = VERTEX_POINT('',#4898);
#4898 = CARTESIAN_POINT('',(187.9069694526,97.597931405169,9.99998E-03)
  );
#4899 = LINE('',#4900,#4901);
#4900 = CARTESIAN_POINT('',(188.87496937567,97.836931386175,9.99998E-03)
  );
#4901 = VECTOR('',#4902,1.);
#4902 = DIRECTION('',(-0.970846325041,-0.239702760005,0.));
#4903 = ORIENTED_EDGE('',*,*,#4904,.T.);
#4904 = EDGE_CURVE('',#4897,#4905,#4907,.T.);
#4905 = VERTEX_POINT('',#4906);
#4906 = CARTESIAN_POINT('',(186.96596952739,97.267931431395,9.99998E-03)
  );
#4907 = LINE('',#4908,#4909);
#4908 = CARTESIAN_POINT('',(187.9069694526,97.597931405169,9.99998E-03)
  );
#4909 = VECTOR('',#4910,1.);
#4910 = DIRECTION('',(-0.943654933306,-0.330931060564,0.));
#4911 = ORIENTED_EDGE('',*,*,#4912,.T.);
#4912 = EDGE_CURVE('',#4905,#4913,#4915,.T.);
#4913 = VERTEX_POINT('',#4914);
#4914 = CARTESIAN_POINT('',(186.05996959939,96.850931464535,9.99998E-03)
  );
#4915 = LINE('',#4916,#4917);
#4916 = CARTESIAN_POINT('',(186.96596952739,97.267931431395,9.99998E-03)
  );
#4917 = VECTOR('',#4918,1.);
#4918 = DIRECTION('',(-0.908399070506,-0.418104207948,0.));
#4919 = ORIENTED_EDGE('',*,*,#4920,.T.);
#4920 = EDGE_CURVE('',#4913,#4921,#4923,.T.);
#4921 = VERTEX_POINT('',#4922);
#4922 = CARTESIAN_POINT('',(185.1979696679,96.34893150443,9.99998E-03));
#4923 = LINE('',#4924,#4925);
#4924 = CARTESIAN_POINT('',(186.05996959939,96.850931464535,9.99998E-03)
  );
#4925 = VECTOR('',#4926,1.);
#4926 = DIRECTION('',(-0.864142271689,-0.503247587457,0.));
#4927 = ORIENTED_EDGE('',*,*,#4928,.T.);
#4928 = EDGE_CURVE('',#4921,#4929,#4931,.T.);
#4929 = VERTEX_POINT('',#4930);
#4930 = CARTESIAN_POINT('',(184.38796973227,95.767931550604,9.99998E-03)
  );
#4931 = LINE('',#4932,#4933);
#4932 = CARTESIAN_POINT('',(185.1979696679,96.34893150443,9.99998E-03));
#4933 = VECTOR('',#4934,1.);
#4934 = DIRECTION('',(-0.812579565398,-0.582850280859,0.));
#4935 = ORIENTED_EDGE('',*,*,#4936,.T.);
#4936 = EDGE_CURVE('',#4929,#4937,#4939,.T.);
#4937 = VERTEX_POINT('',#4938);
#4938 = CARTESIAN_POINT('',(183.63596979203,95.112931602659,9.99998E-03)
  );
#4939 = LINE('',#4940,#4941);
#4940 = CARTESIAN_POINT('',(184.38796973227,95.767931550604,9.99998E-03)
  );
#4941 = VECTOR('',#4942,1.);
#4942 = DIRECTION('',(-0.754065575447,-0.656799138189,0.));
#4943 = ORIENTED_EDGE('',*,*,#4944,.T.);
#4944 = EDGE_CURVE('',#4937,#4945,#4947,.T.);
#4945 = VERTEX_POINT('',#4946);
#4946 = CARTESIAN_POINT('',(182.94896984663,94.389931660118,9.99998E-03)
  );
#4947 = LINE('',#4948,#4949);
#4948 = CARTESIAN_POINT('',(183.63596979203,95.112931602659,9.99998E-03)
  );
#4949 = VECTOR('',#4950,1.);
#4950 = DIRECTION('',(-0.688828511296,-0.724924328482,0.));
#4951 = ORIENTED_EDGE('',*,*,#4952,.T.);
#4952 = EDGE_CURVE('',#4945,#4953,#4955,.T.);
#4953 = VERTEX_POINT('',#4954);
#4954 = CARTESIAN_POINT('',(182.33496989543,93.604931722504,9.99998E-03)
  );
#4955 = LINE('',#4956,#4957);
#4956 = CARTESIAN_POINT('',(182.94896984663,94.389931660118,9.99998E-03)
  );
#4957 = VECTOR('',#4958,1.);
#4958 = DIRECTION('',(-0.616091794233,-0.787674362334,0.));
#4959 = ORIENTED_EDGE('',*,*,#4960,.T.);
#4960 = EDGE_CURVE('',#4953,#4961,#4963,.T.);
#4961 = VERTEX_POINT('',#4962);
#4962 = CARTESIAN_POINT('',(181.79696993818,92.764931789261,9.99998E-03)
  );
#4963 = LINE('',#4964,#4965);
#4964 = CARTESIAN_POINT('',(182.33496989543,93.604931722504,9.99998E-03)
  );
#4965 = VECTOR('',#4966,1.);
#4966 = DIRECTION('',(-0.539338139925,-0.842089289103,0.));
#4967 = ORIENTED_EDGE('',*,*,#4968,.T.);
#4968 = EDGE_CURVE('',#4961,#4969,#4971,.T.);
#4969 = VERTEX_POINT('',#4970);
#4970 = CARTESIAN_POINT('',(181.34096997442,91.877931859753,9.99998E-03)
  );
#4971 = LINE('',#4972,#4973);
#4972 = CARTESIAN_POINT('',(181.79696993818,92.764931789261,9.99998E-03)
  );
#4973 = VECTOR('',#4974,1.);
#4974 = DIRECTION('',(-0.457212075585,-0.889357699657,0.));
#4975 = ORIENTED_EDGE('',*,*,#4976,.T.);
#4976 = EDGE_CURVE('',#4969,#4977,#4979,.T.);
#4977 = VERTEX_POINT('',#4978);
#4978 = CARTESIAN_POINT('',(180.97197000375,90.951931933345,9.99998E-03)
  );
#4979 = LINE('',#4980,#4981);
#4980 = CARTESIAN_POINT('',(181.34096997442,91.877931859753,9.99998E-03)
  );
#4981 = VECTOR('',#4982,1.);
#4982 = DIRECTION('',(-0.370179605869,-0.928960203345,0.));
#4983 = ORIENTED_EDGE('',*,*,#4984,.T.);
#4984 = EDGE_CURVE('',#4977,#4985,#4987,.T.);
#4985 = VERTEX_POINT('',#4986);
#4986 = CARTESIAN_POINT('',(180.691970026,89.994932009401,9.99998E-03));
#4987 = LINE('',#4988,#4989);
#4988 = CARTESIAN_POINT('',(180.97197000375,90.951931933345,9.99998E-03)
  );
#4989 = VECTOR('',#4990,1.);
#4990 = DIRECTION('',(-0.280808629498,-0.959763780104,0.));
#4991 = ORIENTED_EDGE('',*,*,#4992,.T.);
#4992 = EDGE_CURVE('',#4985,#4993,#4995,.T.);
#4993 = VERTEX_POINT('',#4994);
#4994 = CARTESIAN_POINT('',(180.50297004102,89.014932087284,9.99998E-03)
  );
#4995 = LINE('',#4996,#4997);
#4996 = CARTESIAN_POINT('',(180.691970026,89.994932009401,9.99998E-03));
#4997 = VECTOR('',#4998,1.);
#4998 = DIRECTION('',(-0.18936763539,-0.981906257576,0.));
#4999 = ORIENTED_EDGE('',*,*,#5000,.T.);
#5000 = EDGE_CURVE('',#4993,#5001,#5003,.T.);
#5001 = VERTEX_POINT('',#5002);
#5002 = CARTESIAN_POINT('',(180.40897004849,88.022932166121,9.99998E-03)
  );
#5003 = LINE('',#5004,#5005);
#5004 = CARTESIAN_POINT('',(180.50297004102,89.014932087284,9.99998E-03)
  );
#5005 = VECTOR('',#5006,1.);
#5006 = DIRECTION('',(-9.433548753187E-02,-0.995540464166,0.));
#5007 = ORIENTED_EDGE('',*,*,#5008,.T.);
#5008 = EDGE_CURVE('',#5001,#5009,#5011,.T.);
#5009 = VERTEX_POINT('',#5010);
#5010 = CARTESIAN_POINT('',(180.40897004849,87.523932205778,9.99998E-03)
  );
#5011 = LINE('',#5012,#5013);
#5012 = CARTESIAN_POINT('',(180.40897004849,88.022932166121,9.99998E-03)
  );
#5013 = VECTOR('',#5014,1.);
#5014 = DIRECTION('',(0.,-1.,0.));
#5015 = ORIENTED_EDGE('',*,*,#5016,.T.);
#5016 = EDGE_CURVE('',#5009,#5017,#5019,.T.);
#5017 = VERTEX_POINT('',#5018);
#5018 = CARTESIAN_POINT('',(180.40897004849,87.473932209752,9.99998E-03)
  );
#5019 = LINE('',#5020,#5021);
#5020 = CARTESIAN_POINT('',(180.40897004849,87.523932205778,9.99998E-03)
  );
#5021 = VECTOR('',#5022,1.);
#5022 = DIRECTION('',(0.,-1.,0.));
#5023 = ORIENTED_EDGE('',*,*,#5024,.T.);
#5024 = EDGE_CURVE('',#5017,#5025,#5027,.T.);
#5025 = VERTEX_POINT('',#5026);
#5026 = CARTESIAN_POINT('',(180.40397004889,87.380932217143,9.99998E-03)
  );
#5027 = LINE('',#5028,#5029);
#5028 = CARTESIAN_POINT('',(180.40897004849,87.473932209752,9.99998E-03)
  );
#5029 = VECTOR('',#5030,1.);
#5030 = DIRECTION('',(-5.368590708722E-02,-0.998557871823,0.));
#5031 = ORIENTED_EDGE('',*,*,#5032,.T.);
#5032 = EDGE_CURVE('',#5025,#5033,#5035,.T.);
#5033 = VERTEX_POINT('',#5034);
#5034 = CARTESIAN_POINT('',(180.36797005175,87.197932231686,9.99998E-03)
  );
#5035 = LINE('',#5036,#5037);
#5036 = CARTESIAN_POINT('',(180.40397004889,87.380932217143,9.99998E-03)
  );
#5037 = VECTOR('',#5038,1.);
#5038 = DIRECTION('',(-0.193021860293,-0.981194456491,0.));
#5039 = ORIENTED_EDGE('',*,*,#5040,.T.);
#5040 = EDGE_CURVE('',#5033,#5041,#5043,.T.);
#5041 = VERTEX_POINT('',#5042);
#5042 = CARTESIAN_POINT('',(180.29697005739,87.025932245356,9.99998E-03)
  );
#5043 = LINE('',#5044,#5045);
#5044 = CARTESIAN_POINT('',(180.36797005175,87.197932231686,9.99998E-03)
  );
#5045 = VECTOR('',#5046,1.);
#5046 = DIRECTION('',(-0.381560542579,-0.924343849629,0.));
#5047 = ORIENTED_EDGE('',*,*,#5048,.T.);
#5048 = EDGE_CURVE('',#5041,#5049,#5051,.T.);
#5049 = VERTEX_POINT('',#5050);
#5050 = CARTESIAN_POINT('',(180.19297006566,86.870932257674,9.99998E-03)
  );
#5051 = LINE('',#5052,#5053);
#5052 = CARTESIAN_POINT('',(180.29697005739,87.025932245356,9.99998E-03)
  );
#5053 = VECTOR('',#5054,1.);
#5054 = DIRECTION('',(-0.557170396539,-0.830398187149,0.));
#5055 = ORIENTED_EDGE('',*,*,#5056,.T.);
#5056 = EDGE_CURVE('',#5049,#5057,#5059,.T.);
#5057 = VERTEX_POINT('',#5058);
#5058 = CARTESIAN_POINT('',(180.06197007607,86.739932268085,9.99998E-03)
  );
#5059 = LINE('',#5060,#5061);
#5060 = CARTESIAN_POINT('',(180.19297006566,86.870932257674,9.99998E-03)
  );
#5061 = VECTOR('',#5062,1.);
#5062 = DIRECTION('',(-0.707106781187,-0.707106781187,0.));
#5063 = ORIENTED_EDGE('',*,*,#5064,.T.);
#5064 = EDGE_CURVE('',#5057,#5065,#5067,.T.);
#5065 = VERTEX_POINT('',#5066);
#5066 = CARTESIAN_POINT('',(179.90697008839,86.63593227635,9.99998E-03)
  );
#5067 = LINE('',#5068,#5069);
#5068 = CARTESIAN_POINT('',(180.06197007607,86.739932268085,9.99998E-03)
  );
#5069 = VECTOR('',#5070,1.);
#5070 = DIRECTION('',(-0.830398187149,-0.557170396539,0.));
#5071 = ORIENTED_EDGE('',*,*,#5072,.T.);
#5072 = EDGE_CURVE('',#5065,#5073,#5075,.T.);
#5073 = VERTEX_POINT('',#5074);
#5074 = CARTESIAN_POINT('',(179.73497010206,86.564932281993,9.99998E-03)
  );
#5075 = LINE('',#5076,#5077);
#5076 = CARTESIAN_POINT('',(179.90697008839,86.63593227635,9.99998E-03)
  );
#5077 = VECTOR('',#5078,1.);
#5078 = DIRECTION('',(-0.924343849629,-0.381560542579,0.));
#5079 = ORIENTED_EDGE('',*,*,#5080,.T.);
#5080 = EDGE_CURVE('',#5073,#5081,#5083,.T.);
#5081 = VERTEX_POINT('',#5082);
#5082 = CARTESIAN_POINT('',(179.5519701166,86.528932284854,9.99998E-03)
  );
#5083 = LINE('',#5084,#5085);
#5084 = CARTESIAN_POINT('',(179.73497010206,86.564932281993,9.99998E-03)
  );
#5085 = VECTOR('',#5086,1.);
#5086 = DIRECTION('',(-0.981194456491,-0.193021860293,0.));
#5087 = ORIENTED_EDGE('',*,*,#5088,.T.);
#5088 = EDGE_CURVE('',#5081,#5089,#5091,.T.);
#5089 = VERTEX_POINT('',#5090);
#5090 = CARTESIAN_POINT('',(179.45897012399,86.523932285251,9.99998E-03)
  );
#5091 = LINE('',#5092,#5093);
#5092 = CARTESIAN_POINT('',(179.5519701166,86.528932284854,9.99998E-03)
  );
#5093 = VECTOR('',#5094,1.);
#5094 = DIRECTION('',(-0.998557871823,-5.368590708726E-02,0.));
#5095 = ORIENTED_EDGE('',*,*,#5096,.T.);
#5096 = EDGE_CURVE('',#5089,#5097,#5099,.T.);
#5097 = VERTEX_POINT('',#5098);
#5098 = CARTESIAN_POINT('',(174.02697055569,86.523932285251,9.99998E-03)
  );
#5099 = LINE('',#5100,#5101);
#5100 = CARTESIAN_POINT('',(179.45897012399,86.523932285251,9.99998E-03)
  );
#5101 = VECTOR('',#5102,1.);
#5102 = DIRECTION('',(-1.,0.,0.));
#5103 = ORIENTED_EDGE('',*,*,#5104,.T.);
#5104 = EDGE_CURVE('',#5097,#5105,#5107,.T.);
#5105 = VERTEX_POINT('',#5106);
#5106 = CARTESIAN_POINT('',(174.02697055569,69.023933676026,9.99998E-03)
  );
#5107 = LINE('',#5108,#5109);
#5108 = CARTESIAN_POINT('',(174.02697055569,86.523932285251,9.99998E-03)
  );
#5109 = VECTOR('',#5110,1.);
#5110 = DIRECTION('',(0.,-1.,0.));
#5111 = ORIENTED_EDGE('',*,*,#5112,.T.);
#5112 = EDGE_CURVE('',#5105,#5113,#5115,.T.);
#5113 = VERTEX_POINT('',#5114);
#5114 = CARTESIAN_POINT('',(179.45897012399,69.023933676026,9.99998E-03)
  );
#5115 = LINE('',#5116,#5117);
#5116 = CARTESIAN_POINT('',(174.02697055569,69.023933676026,9.99998E-03)
  );
#5117 = VECTOR('',#5118,1.);
#5118 = DIRECTION('',(1.,0.,-0.));
#5119 = ORIENTED_EDGE('',*,*,#5120,.T.);
#5120 = EDGE_CURVE('',#5113,#5121,#5123,.T.);
#5121 = VERTEX_POINT('',#5122);
#5122 = CARTESIAN_POINT('',(179.5519701166,69.018933676424,9.99998E-03)
  );
#5123 = LINE('',#5124,#5125);
#5124 = CARTESIAN_POINT('',(179.45897012399,69.023933676026,9.99998E-03)
  );
#5125 = VECTOR('',#5126,1.);
#5126 = DIRECTION('',(0.998557871823,-5.368590708727E-02,0.));
#5127 = ORIENTED_EDGE('',*,*,#5128,.T.);
#5128 = EDGE_CURVE('',#5121,#5129,#5131,.T.);
#5129 = VERTEX_POINT('',#5130);
#5130 = CARTESIAN_POINT('',(179.73497010206,68.982933679285,9.99998E-03)
  );
#5131 = LINE('',#5132,#5133);
#5132 = CARTESIAN_POINT('',(179.5519701166,69.018933676424,9.99998E-03)
  );
#5133 = VECTOR('',#5134,1.);
#5134 = DIRECTION('',(0.981194456491,-0.193021860293,0.));
#5135 = ORIENTED_EDGE('',*,*,#5136,.T.);
#5136 = EDGE_CURVE('',#5129,#5137,#5139,.T.);
#5137 = VERTEX_POINT('',#5138);
#5138 = CARTESIAN_POINT('',(179.90697008839,68.911933684927,9.99998E-03)
  );
#5139 = LINE('',#5140,#5141);
#5140 = CARTESIAN_POINT('',(179.73497010206,68.982933679285,9.99998E-03)
  );
#5141 = VECTOR('',#5142,1.);
#5142 = DIRECTION('',(0.924343849629,-0.381560542579,0.));
#5143 = ORIENTED_EDGE('',*,*,#5144,.T.);
#5144 = EDGE_CURVE('',#5137,#5145,#5147,.T.);
#5145 = VERTEX_POINT('',#5146);
#5146 = CARTESIAN_POINT('',(180.06197007607,68.807933693192,9.99998E-03)
  );
#5147 = LINE('',#5148,#5149);
#5148 = CARTESIAN_POINT('',(179.90697008839,68.911933684927,9.99998E-03)
  );
#5149 = VECTOR('',#5150,1.);
#5150 = DIRECTION('',(0.830398187149,-0.557170396539,0.));
#5151 = ORIENTED_EDGE('',*,*,#5152,.T.);
#5152 = EDGE_CURVE('',#5145,#5153,#5155,.T.);
#5153 = VERTEX_POINT('',#5154);
#5154 = CARTESIAN_POINT('',(180.19297006566,68.676933703603,9.99998E-03)
  );
#5155 = LINE('',#5156,#5157);
#5156 = CARTESIAN_POINT('',(180.06197007607,68.807933693192,9.99998E-03)
  );
#5157 = VECTOR('',#5158,1.);
#5158 = DIRECTION('',(0.707106781187,-0.707106781187,0.));
#5159 = ORIENTED_EDGE('',*,*,#5160,.T.);
#5160 = EDGE_CURVE('',#5153,#5161,#5163,.T.);
#5161 = VERTEX_POINT('',#5162);
#5162 = CARTESIAN_POINT('',(180.29697005739,68.521933715922,9.99998E-03)
  );
#5163 = LINE('',#5164,#5165);
#5164 = CARTESIAN_POINT('',(180.19297006566,68.676933703603,9.99998E-03)
  );
#5165 = VECTOR('',#5166,1.);
#5166 = DIRECTION('',(0.557170396539,-0.830398187149,0.));
#5167 = ORIENTED_EDGE('',*,*,#5168,.T.);
#5168 = EDGE_CURVE('',#5161,#5169,#5171,.T.);
#5169 = VERTEX_POINT('',#5170);
#5170 = CARTESIAN_POINT('',(180.36797005175,68.349933729591,9.99998E-03)
  );
#5171 = LINE('',#5172,#5173);
#5172 = CARTESIAN_POINT('',(180.29697005739,68.521933715922,9.99998E-03)
  );
#5173 = VECTOR('',#5174,1.);
#5174 = DIRECTION('',(0.381560542579,-0.924343849629,0.));
#5175 = ORIENTED_EDGE('',*,*,#5176,.T.);
#5176 = EDGE_CURVE('',#5169,#5177,#5179,.T.);
#5177 = VERTEX_POINT('',#5178);
#5178 = CARTESIAN_POINT('',(180.40397004889,68.166933744135,9.99998E-03)
  );
#5179 = LINE('',#5180,#5181);
#5180 = CARTESIAN_POINT('',(180.36797005175,68.349933729591,9.99998E-03)
  );
#5181 = VECTOR('',#5182,1.);
#5182 = DIRECTION('',(0.193021860293,-0.981194456491,0.));
#5183 = ORIENTED_EDGE('',*,*,#5184,.T.);
#5184 = EDGE_CURVE('',#5177,#5185,#5187,.T.);
#5185 = VERTEX_POINT('',#5186);
#5186 = CARTESIAN_POINT('',(180.40897004849,68.073933751526,9.99998E-03)
  );
#5187 = LINE('',#5188,#5189);
#5188 = CARTESIAN_POINT('',(180.40397004889,68.166933744135,9.99998E-03)
  );
#5189 = VECTOR('',#5190,1.);
#5190 = DIRECTION('',(5.368590708722E-02,-0.998557871823,0.));
#5191 = ORIENTED_EDGE('',*,*,#5192,.T.);
#5192 = EDGE_CURVE('',#5185,#5193,#5195,.T.);
#5193 = VERTEX_POINT('',#5194);
#5194 = CARTESIAN_POINT('',(180.40897004849,67.574933791183,9.99998E-03)
  );
#5195 = LINE('',#5196,#5197);
#5196 = CARTESIAN_POINT('',(180.40897004849,68.073933751526,9.99998E-03)
  );
#5197 = VECTOR('',#5198,1.);
#5198 = DIRECTION('',(0.,-1.,0.));
#5199 = ORIENTED_EDGE('',*,*,#5200,.T.);
#5200 = EDGE_CURVE('',#5193,#5201,#5203,.T.);
#5201 = VERTEX_POINT('',#5202);
#5202 = CARTESIAN_POINT('',(180.50297004102,66.58293387002,9.99998E-03)
  );
#5203 = LINE('',#5204,#5205);
#5204 = CARTESIAN_POINT('',(180.40897004849,67.574933791183,9.99998E-03)
  );
#5205 = VECTOR('',#5206,1.);
#5206 = DIRECTION('',(9.433548753187E-02,-0.995540464166,0.));
#5207 = ORIENTED_EDGE('',*,*,#5208,.T.);
#5208 = EDGE_CURVE('',#5201,#5209,#5211,.T.);
#5209 = VERTEX_POINT('',#5210);
#5210 = CARTESIAN_POINT('',(180.691970026,65.602933947903,9.99998E-03));
#5211 = LINE('',#5212,#5213);
#5212 = CARTESIAN_POINT('',(180.50297004102,66.58293387002,9.99998E-03)
  );
#5213 = VECTOR('',#5214,1.);
#5214 = DIRECTION('',(0.18936763539,-0.981906257576,0.));
#5215 = ORIENTED_EDGE('',*,*,#5216,.T.);
#5216 = EDGE_CURVE('',#5209,#5217,#5219,.T.);
#5217 = VERTEX_POINT('',#5218);
#5218 = CARTESIAN_POINT('',(180.97197000375,64.645934023959,9.99998E-03)
  );
#5219 = LINE('',#5220,#5221);
#5220 = CARTESIAN_POINT('',(180.691970026,65.602933947903,9.99998E-03));
#5221 = VECTOR('',#5222,1.);
#5222 = DIRECTION('',(0.280808629498,-0.959763780104,0.));
#5223 = ORIENTED_EDGE('',*,*,#5224,.T.);
#5224 = EDGE_CURVE('',#5217,#5225,#5227,.T.);
#5225 = VERTEX_POINT('',#5226);
#5226 = CARTESIAN_POINT('',(181.34096997442,63.71993409755,9.99998E-03)
  );
#5227 = LINE('',#5228,#5229);
#5228 = CARTESIAN_POINT('',(180.97197000375,64.645934023959,9.99998E-03)
  );
#5229 = VECTOR('',#5230,1.);
#5230 = DIRECTION('',(0.370179605869,-0.928960203345,0.));
#5231 = ORIENTED_EDGE('',*,*,#5232,.T.);
#5232 = EDGE_CURVE('',#5225,#5233,#5235,.T.);
#5233 = VERTEX_POINT('',#5234);
#5234 = CARTESIAN_POINT('',(181.79696993818,62.832934168043,9.99998E-03)
  );
#5235 = LINE('',#5236,#5237);
#5236 = CARTESIAN_POINT('',(181.34096997442,63.71993409755,9.99998E-03)
  );
#5237 = VECTOR('',#5238,1.);
#5238 = DIRECTION('',(0.457212075585,-0.889357699657,0.));
#5239 = ORIENTED_EDGE('',*,*,#5240,.T.);
#5240 = EDGE_CURVE('',#5233,#5241,#5243,.T.);
#5241 = VERTEX_POINT('',#5242);
#5242 = CARTESIAN_POINT('',(182.33496989543,61.9929342348,9.99998E-03));
#5243 = LINE('',#5244,#5245);
#5244 = CARTESIAN_POINT('',(181.79696993818,62.832934168043,9.99998E-03)
  );
#5245 = VECTOR('',#5246,1.);
#5246 = DIRECTION('',(0.539338139925,-0.842089289103,0.));
#5247 = ORIENTED_EDGE('',*,*,#5248,.T.);
#5248 = EDGE_CURVE('',#5241,#5249,#5251,.T.);
#5249 = VERTEX_POINT('',#5250);
#5250 = CARTESIAN_POINT('',(182.94896984663,61.207934297186,9.99998E-03)
  );
#5251 = LINE('',#5252,#5253);
#5252 = CARTESIAN_POINT('',(182.33496989543,61.9929342348,9.99998E-03));
#5253 = VECTOR('',#5254,1.);
#5254 = DIRECTION('',(0.616091794233,-0.787674362334,0.));
#5255 = ORIENTED_EDGE('',*,*,#5256,.T.);
#5256 = EDGE_CURVE('',#5249,#5257,#5259,.T.);
#5257 = VERTEX_POINT('',#5258);
#5258 = CARTESIAN_POINT('',(183.63596979203,60.484934354645,9.99998E-03)
  );
#5259 = LINE('',#5260,#5261);
#5260 = CARTESIAN_POINT('',(182.94896984663,61.207934297186,9.99998E-03)
  );
#5261 = VECTOR('',#5262,1.);
#5262 = DIRECTION('',(0.688828511296,-0.724924328482,0.));
#5263 = ORIENTED_EDGE('',*,*,#5264,.T.);
#5264 = EDGE_CURVE('',#5257,#5265,#5267,.T.);
#5265 = VERTEX_POINT('',#5266);
#5266 = CARTESIAN_POINT('',(184.38796973227,59.8299344067,9.99998E-03));
#5267 = LINE('',#5268,#5269);
#5268 = CARTESIAN_POINT('',(183.63596979203,60.484934354645,9.99998E-03)
  );
#5269 = VECTOR('',#5270,1.);
#5270 = DIRECTION('',(0.754065575447,-0.656799138189,0.));
#5271 = ORIENTED_EDGE('',*,*,#5272,.T.);
#5272 = EDGE_CURVE('',#5265,#5273,#5275,.T.);
#5273 = VERTEX_POINT('',#5274);
#5274 = CARTESIAN_POINT('',(185.1979696679,59.248934452874,9.99998E-03)
  );
#5275 = LINE('',#5276,#5277);
#5276 = CARTESIAN_POINT('',(184.38796973227,59.8299344067,9.99998E-03));
#5277 = VECTOR('',#5278,1.);
#5278 = DIRECTION('',(0.812579565398,-0.582850280859,0.));
#5279 = ORIENTED_EDGE('',*,*,#5280,.T.);
#5280 = EDGE_CURVE('',#5273,#5281,#5283,.T.);
#5281 = VERTEX_POINT('',#5282);
#5282 = CARTESIAN_POINT('',(186.05996959939,58.746934492769,9.99998E-03)
  );
#5283 = LINE('',#5284,#5285);
#5284 = CARTESIAN_POINT('',(185.1979696679,59.248934452874,9.99998E-03)
  );
#5285 = VECTOR('',#5286,1.);
#5286 = DIRECTION('',(0.864142271689,-0.503247587457,0.));
#5287 = ORIENTED_EDGE('',*,*,#5288,.T.);
#5288 = EDGE_CURVE('',#5281,#5289,#5291,.T.);
#5289 = VERTEX_POINT('',#5290);
#5290 = CARTESIAN_POINT('',(186.96596952739,58.329934525909,9.99998E-03)
  );
#5291 = LINE('',#5292,#5293);
#5292 = CARTESIAN_POINT('',(186.05996959939,58.746934492769,9.99998E-03)
  );
#5293 = VECTOR('',#5294,1.);
#5294 = DIRECTION('',(0.908399070506,-0.418104207948,0.));
#5295 = ORIENTED_EDGE('',*,*,#5296,.T.);
#5296 = EDGE_CURVE('',#5289,#5297,#5299,.T.);
#5297 = VERTEX_POINT('',#5298);
#5298 = CARTESIAN_POINT('',(187.9069694526,57.999934552135,9.99998E-03)
  );
#5299 = LINE('',#5300,#5301);
#5300 = CARTESIAN_POINT('',(186.96596952739,58.329934525909,9.99998E-03)
  );
#5301 = VECTOR('',#5302,1.);
#5302 = DIRECTION('',(0.943654933306,-0.330931060564,0.));
#5303 = ORIENTED_EDGE('',*,*,#5304,.T.);
#5304 = EDGE_CURVE('',#5297,#5305,#5307,.T.);
#5305 = VERTEX_POINT('',#5306);
#5306 = CARTESIAN_POINT('',(188.87496937567,57.760934571129,9.99998E-03)
  );
#5307 = LINE('',#5308,#5309);
#5308 = CARTESIAN_POINT('',(187.9069694526,57.999934552135,9.99998E-03)
  );
#5309 = VECTOR('',#5310,1.);
#5310 = DIRECTION('',(0.970846325041,-0.239702760005,0.));
#5311 = ORIENTED_EDGE('',*,*,#5312,.T.);
#5312 = EDGE_CURVE('',#5305,#5313,#5315,.T.);
#5313 = VERTEX_POINT('',#5314);
#5314 = CARTESIAN_POINT('',(189.86196929723,57.613934582812,9.99998E-03)
  );
#5315 = LINE('',#5316,#5317);
#5316 = CARTESIAN_POINT('',(188.87496937567,57.760934571129,9.99998E-03)
  );
#5317 = VECTOR('',#5318,1.);
#5318 = DIRECTION('',(0.989090177882,-0.147311303089,0.));
#5319 = ORIENTED_EDGE('',*,*,#5320,.T.);
#5320 = EDGE_CURVE('',#5313,#5321,#5323,.T.);
#5321 = VERTEX_POINT('',#5322);
#5322 = CARTESIAN_POINT('',(190.35896925774,57.587934584878,9.99998E-03)
  );
#5323 = LINE('',#5324,#5325);
#5324 = CARTESIAN_POINT('',(189.86196929723,57.613934582812,9.99998E-03)
  );
#5325 = VECTOR('',#5326,1.);
#5326 = DIRECTION('',(0.998634431076,-5.224244508649E-02,0.));
#5327 = ORIENTED_EDGE('',*,*,#5328,.T.);
#5328 = EDGE_CURVE('',#5321,#5329,#5331,.T.);
#5329 = VERTEX_POINT('',#5330);
#5330 = CARTESIAN_POINT('',(190.42096925281,57.59193458456,9.99998E-03)
  );
#5331 = LINE('',#5332,#5333);
#5332 = CARTESIAN_POINT('',(190.35896925774,57.587934584878,9.99998E-03)
  );
#5333 = VECTOR('',#5334,1.);
#5334 = DIRECTION('',(0.997925308968,6.438227799796E-02,-0.));
#5335 = ORIENTED_EDGE('',*,*,#5336,.T.);
#5336 = EDGE_CURVE('',#5329,#5337,#5339,.T.);
#5337 = VERTEX_POINT('',#5338);
#5338 = CARTESIAN_POINT('',(190.53196924399,57.645934580269,9.99998E-03)
  );
#5339 = LINE('',#5340,#5341);
#5340 = CARTESIAN_POINT('',(190.42096925281,57.59193458456,9.99998E-03)
  );
#5341 = VECTOR('',#5342,1.);
#5342 = DIRECTION('',(0.899235088746,0.437465718849,-0.));
#5343 = ORIENTED_EDGE('',*,*,#5344,.T.);
#5344 = EDGE_CURVE('',#5337,#5345,#5347,.T.);
#5345 = VERTEX_POINT('',#5346);
#5346 = CARTESIAN_POINT('',(190.61396923747,57.737934572957,9.99998E-03)
  );
#5347 = LINE('',#5348,#5349);
#5348 = CARTESIAN_POINT('',(190.53196924399,57.645934580269,9.99998E-03)
  );
#5349 = VECTOR('',#5350,1.);
#5350 = DIRECTION('',(0.665370524754,0.746513271676,-0.));
#5351 = ORIENTED_EDGE('',*,*,#5352,.T.);
#5352 = EDGE_CURVE('',#5345,#5353,#5355,.T.);
#5353 = VERTEX_POINT('',#5354);
#5354 = CARTESIAN_POINT('',(190.65396923429,57.853934563738,9.99998E-03)
  );
#5355 = LINE('',#5356,#5357);
#5356 = CARTESIAN_POINT('',(190.61396923747,57.737934572957,9.99998E-03)
  );
#5357 = VECTOR('',#5358,1.);
#5358 = DIRECTION('',(0.325990683319,0.945372981626,-0.));
#5359 = ORIENTED_EDGE('',*,*,#5360,.T.);
#5360 = EDGE_CURVE('',#5353,#5361,#5363,.T.);
#5361 = VERTEX_POINT('',#5362);
#5362 = CARTESIAN_POINT('',(190.65096923453,57.915934558811,9.99998E-03)
  );
#5363 = LINE('',#5364,#5365);
#5364 = CARTESIAN_POINT('',(190.65396923429,57.853934563738,9.99998E-03)
  );
#5365 = VECTOR('',#5366,1.);
#5366 = DIRECTION('',(-4.833055142332E-02,0.998831396082,0.));
#5367 = ORIENTED_EDGE('',*,*,#5368,.T.);
#5368 = EDGE_CURVE('',#5361,#5369,#5371,.T.);
#5369 = VERTEX_POINT('',#5370);
#5370 = CARTESIAN_POINT('',(190.6399692354,71.215933501822,9.99998E-03)
  );
#5371 = LINE('',#5372,#5373);
#5372 = CARTESIAN_POINT('',(190.65096923453,57.915934558811,9.99998E-03)
  );
#5373 = VECTOR('',#5374,1.);
#5374 = DIRECTION('',(-8.270673862998E-04,0.99999965798,0.));
#5375 = ORIENTED_EDGE('',*,*,#5376,.T.);
#5376 = EDGE_CURVE('',#5369,#5377,#5379,.T.);
#5377 = VERTEX_POINT('',#5378);
#5378 = CARTESIAN_POINT('',(190.64296923517,71.215933501822,9.99998E-03)
  );
#5379 = LINE('',#5380,#5381);
#5380 = CARTESIAN_POINT('',(190.6399692354,71.215933501822,9.99998E-03)
  );
#5381 = VECTOR('',#5382,1.);
#5382 = DIRECTION('',(1.,0.,-0.));
#5383 = ORIENTED_EDGE('',*,*,#5384,.T.);
#5384 = EDGE_CURVE('',#5377,#5385,#5387,.T.);
#5385 = VERTEX_POINT('',#5386);
#5386 = CARTESIAN_POINT('',(190.64796923477,71.265933497848,9.99998E-03)
  );
#5387 = LINE('',#5388,#5389);
#5388 = CARTESIAN_POINT('',(190.64296923517,71.215933501822,9.99998E-03)
  );
#5389 = VECTOR('',#5390,1.);
#5390 = DIRECTION('',(9.950371902119E-02,0.99503719021,-0.));
#5391 = ORIENTED_EDGE('',*,*,#5392,.T.);
#5392 = EDGE_CURVE('',#5385,#5393,#5395,.T.);
#5393 = VERTEX_POINT('',#5394);
#5394 = CARTESIAN_POINT('',(190.68696923167,71.358933490457,9.99998E-03)
  );
#5395 = LINE('',#5396,#5397);
#5396 = CARTESIAN_POINT('',(190.64796923477,71.265933497848,9.99998E-03)
  );
#5397 = VECTOR('',#5398,1.);
#5398 = DIRECTION('',(0.386726676251,0.922194381829,-0.));
#5399 = ORIENTED_EDGE('',*,*,#5400,.T.);
#5400 = EDGE_CURVE('',#5393,#5401,#5403,.T.);
#5401 = VERTEX_POINT('',#5402);
#5402 = CARTESIAN_POINT('',(190.75796922603,71.430933484735,9.99998E-03)
  );
#5403 = LINE('',#5404,#5405);
#5404 = CARTESIAN_POINT('',(190.68696923167,71.358933490457,9.99998E-03)
  );
#5405 = VECTOR('',#5406,1.);
#5406 = DIRECTION('',(0.702144810536,0.712034174065,-0.));
#5407 = ORIENTED_EDGE('',*,*,#5408,.T.);
#5408 = EDGE_CURVE('',#5401,#5409,#5411,.T.);
#5409 = VERTEX_POINT('',#5410);
#5410 = CARTESIAN_POINT('',(190.85096921864,71.468933481715,9.99998E-03)
  );
#5411 = LINE('',#5412,#5413);
#5412 = CARTESIAN_POINT('',(190.75796922603,71.430933484735,9.99998E-03)
  );
#5413 = VECTOR('',#5414,1.);
#5414 = DIRECTION('',(0.925705431508,0.378245230078,-0.));
#5415 = ORIENTED_EDGE('',*,*,#5416,.T.);
#5416 = EDGE_CURVE('',#5409,#5417,#5419,.T.);
#5417 = VERTEX_POINT('',#5418);
#5418 = CARTESIAN_POINT('',(190.95096921069,71.468933481715,9.99998E-03)
  );
#5419 = LINE('',#5420,#5421);
#5420 = CARTESIAN_POINT('',(190.85096921864,71.468933481715,9.99998E-03)
  );
#5421 = VECTOR('',#5422,1.);
#5422 = DIRECTION('',(1.,0.,-0.));
#5423 = ORIENTED_EDGE('',*,*,#5424,.T.);
#5424 = EDGE_CURVE('',#5417,#5425,#5427,.T.);
#5425 = VERTEX_POINT('',#5426);
#5426 = CARTESIAN_POINT('',(191.0439692033,71.430933484735,9.99998E-03)
  );
#5427 = LINE('',#5428,#5429);
#5428 = CARTESIAN_POINT('',(190.95096921069,71.468933481715,9.99998E-03)
  );
#5429 = VECTOR('',#5430,1.);
#5430 = DIRECTION('',(0.925705431508,-0.378245230078,0.));
#5431 = ORIENTED_EDGE('',*,*,#5432,.T.);
#5432 = EDGE_CURVE('',#5425,#5433,#5435,.T.);
#5433 = VERTEX_POINT('',#5434);
#5434 = CARTESIAN_POINT('',(191.11596919758,71.358933490457,9.99998E-03)
  );
#5435 = LINE('',#5436,#5437);
#5436 = CARTESIAN_POINT('',(191.0439692033,71.430933484735,9.99998E-03)
  );
#5437 = VECTOR('',#5438,1.);
#5438 = DIRECTION('',(0.707106781186,-0.707106781187,0.));
#5439 = ORIENTED_EDGE('',*,*,#5440,.T.);
#5440 = EDGE_CURVE('',#5433,#5441,#5443,.T.);
#5441 = VERTEX_POINT('',#5442);
#5442 = CARTESIAN_POINT('',(191.15396919456,71.265933497848,9.99998E-03)
  );
#5443 = LINE('',#5444,#5445);
#5444 = CARTESIAN_POINT('',(191.11596919758,71.358933490457,9.99998E-03)
  );
#5445 = VECTOR('',#5446,1.);
#5446 = DIRECTION('',(0.378245230079,-0.925705431508,0.));
#5447 = ORIENTED_EDGE('',*,*,#5448,.T.);
#5448 = EDGE_CURVE('',#5441,#5449,#5451,.T.);
#5449 = VERTEX_POINT('',#5450);
#5450 = CARTESIAN_POINT('',(191.15896919416,71.215933501822,9.99998E-03)
  );
#5451 = LINE('',#5452,#5453);
#5452 = CARTESIAN_POINT('',(191.15396919456,71.265933497848,9.99998E-03)
  );
#5453 = VECTOR('',#5454,1.);
#5454 = DIRECTION('',(9.950371902091E-02,-0.99503719021,0.));
#5455 = ORIENTED_EDGE('',*,*,#5456,.T.);
#5456 = EDGE_CURVE('',#5449,#5457,#5459,.T.);
#5457 = VERTEX_POINT('',#5458);
#5458 = CARTESIAN_POINT('',(191.1559691944,71.215933501822,9.99998E-03)
  );
#5459 = LINE('',#5460,#5461);
#5460 = CARTESIAN_POINT('',(191.15896919416,71.215933501822,9.99998E-03)
  );
#5461 = VECTOR('',#5462,1.);
#5462 = DIRECTION('',(-1.,0.,0.));
#5463 = ORIENTED_EDGE('',*,*,#5464,.T.);
#5464 = EDGE_CURVE('',#5457,#5465,#5467,.T.);
#5465 = VERTEX_POINT('',#5466);
#5466 = CARTESIAN_POINT('',(191.16696919352,57.931934557539,9.99998E-03)
  );
#5467 = LINE('',#5468,#5469);
#5468 = CARTESIAN_POINT('',(191.1559691944,71.215933501822,9.99998E-03)
  );
#5469 = VECTOR('',#5470,1.);
#5470 = DIRECTION('',(8.280635522963E-04,-0.999999657155,0.));
#5471 = ORIENTED_EDGE('',*,*,#5472,.T.);
#5472 = EDGE_CURVE('',#5465,#5473,#5475,.T.);
#5473 = VERTEX_POINT('',#5474);
#5474 = CARTESIAN_POINT('',(191.18496919209,57.844934564454,9.99998E-03)
  );
#5475 = LINE('',#5476,#5477);
#5476 = CARTESIAN_POINT('',(191.16696919352,57.931934557539,9.99998E-03)
  );
#5477 = VECTOR('',#5478,1.);
#5478 = DIRECTION('',(0.202605604036,-0.979260419507,0.));
#5479 = ORIENTED_EDGE('',*,*,#5480,.T.);
#5480 = EDGE_CURVE('',#5473,#5481,#5483,.T.);
#5481 = VERTEX_POINT('',#5482);
#5482 = CARTESIAN_POINT('',(191.28596918407,57.698934576057,9.99998E-03)
  );
#5483 = LINE('',#5484,#5485);
#5484 = CARTESIAN_POINT('',(191.18496919209,57.844934564454,9.99998E-03)
  );
#5485 = VECTOR('',#5486,1.);
#5486 = DIRECTION('',(0.568917034929,-0.822394921779,0.));
#5487 = ORIENTED_EDGE('',*,*,#5488,.T.);
#5488 = EDGE_CURVE('',#5481,#5489,#5491,.T.);
#5489 = VERTEX_POINT('',#5490);
#5490 = CARTESIAN_POINT('',(191.43496917222,57.601934583765,9.99998E-03)
  );
#5491 = LINE('',#5492,#5493);
#5492 = CARTESIAN_POINT('',(191.28596918407,57.698934576057,9.99998E-03)
  );
#5493 = VECTOR('',#5494,1.);
#5494 = DIRECTION('',(0.838057892582,-0.545581312621,0.));
#5495 = ORIENTED_EDGE('',*,*,#5496,.T.);
#5496 = EDGE_CURVE('',#5489,#5497,#5499,.T.);
#5497 = VERTEX_POINT('',#5498);
#5498 = CARTESIAN_POINT('',(191.6089691584,57.569934586309,9.99998E-03)
  );
#5499 = LINE('',#5500,#5501);
#5500 = CARTESIAN_POINT('',(191.43496917222,57.601934583765,9.99998E-03)
  );
#5501 = VECTOR('',#5502,1.);
#5502 = DIRECTION('',(0.983506148963,-0.180874694062,0.));
#5503 = ORIENTED_EDGE('',*,*,#5504,.T.);
#5504 = EDGE_CURVE('',#5497,#5505,#5507,.T.);
#5505 = VERTEX_POINT('',#5506);
#5506 = CARTESIAN_POINT('',(191.69596915148,57.587934584878,9.99998E-03)
  );
#5507 = LINE('',#5508,#5509);
#5508 = CARTESIAN_POINT('',(191.6089691584,57.569934586309,9.99998E-03)
  );
#5509 = VECTOR('',#5510,1.);
#5510 = DIRECTION('',(0.979260419507,0.202605604036,-0.));
#5511 = ORIENTED_EDGE('',*,*,#5512,.T.);
#5512 = EDGE_CURVE('',#5505,#5513,#5515,.T.);
#5513 = VERTEX_POINT('',#5514);
#5514 = CARTESIAN_POINT('',(192.18196911286,57.613934582812,9.99998E-03)
  );
#5515 = LINE('',#5516,#5517);
#5516 = CARTESIAN_POINT('',(191.69596915148,57.587934584878,9.99998E-03)
  );
#5517 = VECTOR('',#5518,1.);
#5518 = DIRECTION('',(0.998572049478,5.342154997207E-02,-0.));
#5519 = ORIENTED_EDGE('',*,*,#5520,.T.);
#5520 = EDGE_CURVE('',#5513,#5521,#5523,.T.);
#5521 = VERTEX_POINT('',#5522);
#5522 = CARTESIAN_POINT('',(193.14496903633,57.755934571527,9.99998E-03)
  );
#5523 = LINE('',#5524,#5525);
#5524 = CARTESIAN_POINT('',(192.18196911286,57.613934582812,9.99998E-03)
  );
#5525 = VECTOR('',#5526,1.);
#5526 = DIRECTION('',(0.989302519292,0.145878460789,-0.));
#5527 = ORIENTED_EDGE('',*,*,#5528,.T.);
#5528 = EDGE_CURVE('',#5521,#5529,#5531,.T.);
#5529 = VERTEX_POINT('',#5530);
#5530 = CARTESIAN_POINT('',(194.08996896122,57.98993455293,9.99998E-03)
  );
#5531 = LINE('',#5532,#5533);
#5532 = CARTESIAN_POINT('',(193.14496903633,57.755934571527,9.99998E-03)
  );
#5533 = VECTOR('',#5534,1.);
#5534 = DIRECTION('',(0.970683862064,0.240359813464,-0.));
#5535 = ORIENTED_EDGE('',*,*,#5536,.T.);
#5536 = EDGE_CURVE('',#5529,#5537,#5539,.T.);
#5537 = VERTEX_POINT('',#5538);
#5538 = CARTESIAN_POINT('',(195.00896888819,58.31193452734,9.99998E-03)
  );
#5539 = LINE('',#5540,#5541);
#5540 = CARTESIAN_POINT('',(194.08996896122,57.98993455293,9.99998E-03)
  );
#5541 = VECTOR('',#5542,1.);
#5542 = DIRECTION('',(0.94374623203,0.330670605782,-0.));
#5543 = ORIENTED_EDGE('',*,*,#5544,.T.);
#5544 = EDGE_CURVE('',#5537,#5545,#5547,.T.);
#5545 = VERTEX_POINT('',#5546);
#5546 = CARTESIAN_POINT('',(195.89296881793,58.718934494994,9.99998E-03)
  );
#5547 = LINE('',#5548,#5549);
#5548 = CARTESIAN_POINT('',(195.00896888819,58.31193452734,9.99998E-03)
  );
#5549 = VECTOR('',#5550,1.);
#5550 = DIRECTION('',(0.90834995776,0.418210896842,-0.));
#5551 = ORIENTED_EDGE('',*,*,#5552,.T.);
#5552 = EDGE_CURVE('',#5545,#5553,#5555,.T.);
#5553 = VERTEX_POINT('',#5554);
#5554 = CARTESIAN_POINT('',(196.7339687511,59.208934456053,9.99998E-03)
  );
#5555 = LINE('',#5556,#5557);
#5556 = CARTESIAN_POINT('',(195.89296881793,58.718934494994,9.99998E-03)
  );
#5557 = VECTOR('',#5558,1.);
#5558 = DIRECTION('',(0.864039626505,0.503423801412,-0.));
#5559 = ORIENTED_EDGE('',*,*,#5560,.T.);
#5560 = EDGE_CURVE('',#5553,#5561,#5563,.T.);
#5561 = VERTEX_POINT('',#5562);
#5562 = CARTESIAN_POINT('',(197.52496868823,59.775934410991,9.99998E-03)
  );
#5563 = LINE('',#5564,#5565);
#5564 = CARTESIAN_POINT('',(196.7339687511,59.208934456053,9.99998E-03)
  );
#5565 = VECTOR('',#5566,1.);
#5566 = DIRECTION('',(0.812760364587,0.582598137447,-0.));
#5567 = ORIENTED_EDGE('',*,*,#5568,.T.);
#5568 = EDGE_CURVE('',#5561,#5569,#5571,.T.);
#5569 = VERTEX_POINT('',#5570);
#5570 = CARTESIAN_POINT('',(198.2589686299,60.414934360208,9.99998E-03)
  );
#5571 = LINE('',#5572,#5573);
#5572 = CARTESIAN_POINT('',(197.52496868823,59.775934410991,9.99998E-03)
  );
#5573 = VECTOR('',#5574,1.);
#5574 = DIRECTION('',(0.754229326613,0.656611089517,-0.));
#5575 = ORIENTED_EDGE('',*,*,#5576,.T.);
#5576 = EDGE_CURVE('',#5569,#5577,#5579,.T.);
#5577 = VERTEX_POINT('',#5578);
#5578 = CARTESIAN_POINT('',(198.92896857665,61.1209343041,9.99998E-03));
#5579 = LINE('',#5580,#5581);
#5580 = CARTESIAN_POINT('',(198.2589686299,60.414934360208,9.99998E-03)
  );
#5581 = VECTOR('',#5582,1.);
#5582 = DIRECTION('',(0.688371342564,0.725358459478,-0.));
#5583 = ORIENTED_EDGE('',*,*,#5584,.T.);
#5584 = EDGE_CURVE('',#5577,#5585,#5587,.T.);
#5585 = VERTEX_POINT('',#5586);
#5586 = CARTESIAN_POINT('',(199.52896852897,61.887934243145,9.99998E-03)
  );
#5587 = LINE('',#5588,#5589);
#5588 = CARTESIAN_POINT('',(198.92896857665,61.1209343041,9.99998E-03));
#5589 = VECTOR('',#5590,1.);
#5590 = DIRECTION('',(0.616142113493,0.787635001749,-0.));
#5591 = ORIENTED_EDGE('',*,*,#5592,.T.);
#5592 = EDGE_CURVE('',#5585,#5593,#5595,.T.);
#5593 = VERTEX_POINT('',#5594);
#5594 = CARTESIAN_POINT('',(200.05396848725,62.706934178056,9.99998E-03)
  );
#5595 = LINE('',#5596,#5597);
#5596 = CARTESIAN_POINT('',(199.52896852897,61.887934243145,9.99998E-03)
  );
#5597 = VECTOR('',#5598,1.);
#5598 = DIRECTION('',(0.53966611472,0.841879138964,-0.));
#5599 = ORIENTED_EDGE('',*,*,#5600,.T.);
#5600 = EDGE_CURVE('',#5593,#5601,#5603,.T.);
#5601 = VERTEX_POINT('',#5602);
#5602 = CARTESIAN_POINT('',(200.49896845188,63.572934109233,9.99998E-03)
  );
#5603 = LINE('',#5604,#5605);
#5604 = CARTESIAN_POINT('',(200.05396848725,62.706934178056,9.99998E-03)
  );
#5605 = VECTOR('',#5606,1.);
#5606 = DIRECTION('',(0.457046296826,0.889442905733,-0.));
#5607 = ORIENTED_EDGE('',*,*,#5608,.T.);
#5608 = EDGE_CURVE('',#5601,#5609,#5611,.T.);
#5609 = VERTEX_POINT('',#5610);
#5610 = CARTESIAN_POINT('',(200.85996842319,64.476934037389,9.99998E-03)
  );
#5611 = LINE('',#5612,#5613);
#5612 = CARTESIAN_POINT('',(200.49896845188,63.572934109233,9.99998E-03)
  );
#5613 = VECTOR('',#5614,1.);
#5614 = DIRECTION('',(0.370859247808,0.928689085924,-0.));
#5615 = ORIENTED_EDGE('',*,*,#5616,.T.);
#5616 = EDGE_CURVE('',#5609,#5617,#5619,.T.);
#5617 = VERTEX_POINT('',#5618);
#5618 = CARTESIAN_POINT('',(201.1329684015,65.411933963082,9.99998E-03)
  );
#5619 = LINE('',#5620,#5621);
#5620 = CARTESIAN_POINT('',(200.85996842319,64.476934037389,9.99998E-03)
  );
#5621 = VECTOR('',#5622,1.);
#5622 = DIRECTION('',(0.280275952446,0.959919470831,-0.));
#5623 = ORIENTED_EDGE('',*,*,#5624,.T.);
#5624 = EDGE_CURVE('',#5617,#5625,#5627,.T.);
#5625 = VERTEX_POINT('',#5626);
#5626 = CARTESIAN_POINT('',(201.31696838687,66.367933887106,9.99998E-03)
  );
#5627 = LINE('',#5628,#5629);
#5628 = CARTESIAN_POINT('',(201.1329684015,65.411933963082,9.99998E-03)
  );
#5629 = VECTOR('',#5630,1.);
#5630 = DIRECTION('',(0.188999782195,0.98197712923,-0.));
#5631 = ORIENTED_EDGE('',*,*,#5632,.T.);
#5632 = EDGE_CURVE('',#5625,#5633,#5635,.T.);
#5633 = VERTEX_POINT('',#5634);
#5634 = CARTESIAN_POINT('',(201.40896837956,67.336933810097,9.99998E-03)
  );
#5635 = LINE('',#5636,#5637);
#5636 = CARTESIAN_POINT('',(201.31696838687,66.367933887106,9.99998E-03)
  );
#5637 = VECTOR('',#5638,1.);
#5638 = DIRECTION('',(9.451819233609E-02,0.995523134496,-0.));
#5639 = ORIENTED_EDGE('',*,*,#5640,.T.);
#5640 = EDGE_CURVE('',#5633,#5641,#5643,.T.);
#5641 = VERTEX_POINT('',#5642);
#5642 = CARTESIAN_POINT('',(201.40896837956,67.822933771473,9.99998E-03)
  );
#5643 = LINE('',#5644,#5645);
#5644 = CARTESIAN_POINT('',(201.40896837956,67.336933810097,9.99998E-03)
  );
#5645 = VECTOR('',#5646,1.);
#5646 = DIRECTION('',(0.,1.,-0.));
#5647 = ORIENTED_EDGE('',*,*,#5648,.T.);
#5648 = EDGE_CURVE('',#5641,#5649,#5651,.T.);
#5649 = VERTEX_POINT('',#5650);
#5650 = CARTESIAN_POINT('',(201.40896837956,77.523933000507,9.99998E-03)
  );
#5651 = LINE('',#5652,#5653);
#5652 = CARTESIAN_POINT('',(201.40896837956,67.822933771473,9.99998E-03)
  );
#5653 = VECTOR('',#5654,1.);
#5654 = DIRECTION('',(0.,1.,-0.));
#5655 = ORIENTED_EDGE('',*,*,#5656,.T.);
#5656 = EDGE_CURVE('',#5649,#5657,#5659,.T.);
#5657 = VERTEX_POINT('',#5658);
#5658 = CARTESIAN_POINT('',(193.15896903521,77.516933001063,9.99998E-03)
  );
#5659 = LINE('',#5660,#5661);
#5660 = CARTESIAN_POINT('',(201.40896837956,77.523933000507,9.99998E-03)
  );
#5661 = VECTOR('',#5662,1.);
#5662 = DIRECTION('',(-0.999999640037,-8.484845430618E-04,0.));
#5663 = ORIENTED_EDGE('',*,*,#5664,.T.);
#5664 = EDGE_CURVE('',#5657,#5665,#5667,.T.);
#5665 = VERTEX_POINT('',#5666);
#5666 = CARTESIAN_POINT('',(193.10896903919,77.521933000666,9.99998E-03)
  );
#5667 = LINE('',#5668,#5669);
#5668 = CARTESIAN_POINT('',(193.15896903521,77.516933001063,9.99998E-03)
  );
#5669 = VECTOR('',#5670,1.);
#5670 = DIRECTION('',(-0.99503719021,9.950371902102E-02,0.));
#5671 = ORIENTED_EDGE('',*,*,#5672,.T.);
#5672 = EDGE_CURVE('',#5665,#5673,#5675,.T.);
#5673 = VERTEX_POINT('',#5674);
#5674 = CARTESIAN_POINT('',(193.01596904658,77.560932997566,9.99998E-03)
  );
#5675 = LINE('',#5676,#5677);
#5676 = CARTESIAN_POINT('',(193.10896903919,77.521933000666,9.99998E-03)
  );
#5677 = VECTOR('',#5678,1.);
#5678 = DIRECTION('',(-0.922194381829,0.386726676251,0.));
#5679 = ORIENTED_EDGE('',*,*,#5680,.T.);
#5680 = EDGE_CURVE('',#5673,#5681,#5683,.T.);
#5681 = VERTEX_POINT('',#5682);
#5682 = CARTESIAN_POINT('',(192.9439690523,77.631932991924,9.99998E-03)
  );
#5683 = LINE('',#5684,#5685);
#5684 = CARTESIAN_POINT('',(193.01596904658,77.560932997566,9.99998E-03)
  );
#5685 = VECTOR('',#5686,1.);
#5686 = DIRECTION('',(-0.712034174065,0.702144810536,0.));
#5687 = ORIENTED_EDGE('',*,*,#5688,.T.);
#5688 = EDGE_CURVE('',#5681,#5689,#5691,.T.);
#5689 = VERTEX_POINT('',#5690);
#5690 = CARTESIAN_POINT('',(192.90596905532,77.724932984533,9.99998E-03)
  );
#5691 = LINE('',#5692,#5693);
#5692 = CARTESIAN_POINT('',(192.9439690523,77.631932991924,9.99998E-03)
  );
#5693 = VECTOR('',#5694,1.);
#5694 = DIRECTION('',(-0.378245230078,0.925705431508,0.));
#5695 = ORIENTED_EDGE('',*,*,#5696,.T.);
#5696 = EDGE_CURVE('',#5689,#5697,#5699,.T.);
#5697 = VERTEX_POINT('',#5698);
#5698 = CARTESIAN_POINT('',(192.90596905532,77.825932976506,9.99998E-03)
  );
#5699 = LINE('',#5700,#5701);
#5700 = CARTESIAN_POINT('',(192.90596905532,77.724932984533,9.99998E-03)
  );
#5701 = VECTOR('',#5702,1.);
#5702 = DIRECTION('',(0.,1.,-0.));
#5703 = ORIENTED_EDGE('',*,*,#5704,.T.);
#5704 = EDGE_CURVE('',#5697,#5705,#5707,.T.);
#5705 = VERTEX_POINT('',#5706);
#5706 = CARTESIAN_POINT('',(192.9439690523,77.918932969115,9.99998E-03)
  );
#5707 = LINE('',#5708,#5709);
#5708 = CARTESIAN_POINT('',(192.90596905532,77.825932976506,9.99998E-03)
  );
#5709 = VECTOR('',#5710,1.);
#5710 = DIRECTION('',(0.378245230078,0.925705431508,-0.));
#5711 = ORIENTED_EDGE('',*,*,#5712,.T.);
#5712 = EDGE_CURVE('',#5705,#5713,#5715,.T.);
#5713 = VERTEX_POINT('',#5714);
#5714 = CARTESIAN_POINT('',(193.01596904658,77.989932963473,9.99998E-03)
  );
#5715 = LINE('',#5716,#5717);
#5716 = CARTESIAN_POINT('',(192.9439690523,77.918932969115,9.99998E-03)
  );
#5717 = VECTOR('',#5718,1.);
#5718 = DIRECTION('',(0.712034174065,0.702144810536,-0.));
#5719 = ORIENTED_EDGE('',*,*,#5720,.T.);
#5720 = EDGE_CURVE('',#5713,#5721,#5723,.T.);
#5721 = VERTEX_POINT('',#5722);
#5722 = CARTESIAN_POINT('',(193.10896903919,78.027932960453,9.99998E-03)
  );
#5723 = LINE('',#5724,#5725);
#5724 = CARTESIAN_POINT('',(193.01596904658,77.989932963473,9.99998E-03)
  );
#5725 = VECTOR('',#5726,1.);
#5726 = DIRECTION('',(0.925705431508,0.378245230078,-0.));
#5727 = ORIENTED_EDGE('',*,*,#5728,.T.);
#5728 = EDGE_CURVE('',#5721,#5729,#5731,.T.);
#5729 = VERTEX_POINT('',#5730);
#5730 = CARTESIAN_POINT('',(193.15896903521,78.032932960055,9.99998E-03)
  );
#5731 = LINE('',#5732,#5733);
#5732 = CARTESIAN_POINT('',(193.10896903919,78.027932960453,9.99998E-03)
  );
#5733 = VECTOR('',#5734,1.);
#5734 = DIRECTION('',(0.99503719021,9.950371902098E-02,-0.));
#5735 = ORIENTED_EDGE('',*,*,#5736,.T.);
#5736 = EDGE_CURVE('',#5729,#5737,#5739,.T.);
#5737 = VERTEX_POINT('',#5738);
#5738 = CARTESIAN_POINT('',(201.4059683798,78.039932959499,9.99998E-03)
  );
#5739 = LINE('',#5740,#5741);
#5740 = CARTESIAN_POINT('',(193.15896903521,78.032932960055,9.99998E-03)
  );
#5741 = VECTOR('',#5742,1.);
#5742 = DIRECTION('',(0.999999639775,8.487931949104E-04,-0.));
#5743 = ORIENTED_EDGE('',*,*,#5744,.T.);
#5744 = EDGE_CURVE('',#5737,#5745,#5747,.T.);
#5745 = VERTEX_POINT('',#5746);
#5746 = CARTESIAN_POINT('',(201.40896837956,87.781932185274,9.99998E-03)
  );
#5747 = LINE('',#5748,#5749);
#5748 = CARTESIAN_POINT('',(201.4059683798,78.039932959499,9.99998E-03)
  );
#5749 = VECTOR('',#5750,1.);
#5750 = DIRECTION('',(3.079449658956E-04,0.999999952585,-0.));
#5751 = ORIENTED_EDGE('',*,*,#5752,.T.);
#5752 = EDGE_CURVE('',#5745,#5753,#5755,.T.);
#5753 = VERTEX_POINT('',#5754);
#5754 = CARTESIAN_POINT('',(201.40896837956,88.267932146651,9.99998E-03)
  );
#5755 = LINE('',#5756,#5757);
#5756 = CARTESIAN_POINT('',(201.40896837956,87.781932185274,9.99998E-03)
  );
#5757 = VECTOR('',#5758,1.);
#5758 = DIRECTION('',(0.,1.,-0.));
#5759 = ORIENTED_EDGE('',*,*,#5760,.T.);
#5760 = EDGE_CURVE('',#5753,#5761,#5763,.T.);
#5761 = VERTEX_POINT('',#5762);
#5762 = CARTESIAN_POINT('',(201.31696838687,89.236932069641,9.99998E-03)
  );
#5763 = LINE('',#5764,#5765);
#5764 = CARTESIAN_POINT('',(201.40896837956,88.267932146651,9.99998E-03)
  );
#5765 = VECTOR('',#5766,1.);
#5766 = DIRECTION('',(-9.451819233609E-02,0.995523134496,0.));
#5767 = ORIENTED_EDGE('',*,*,#5768,.T.);
#5768 = EDGE_CURVE('',#5761,#5769,#5771,.T.);
#5769 = VERTEX_POINT('',#5770);
#5770 = CARTESIAN_POINT('',(201.1329684015,90.191931993745,9.99998E-03)
  );
#5771 = LINE('',#5772,#5773);
#5772 = CARTESIAN_POINT('',(201.31696838687,89.236932069641,9.99998E-03)
  );
#5773 = VECTOR('',#5774,1.);
#5774 = DIRECTION('',(-0.189190607649,0.981940382089,0.));
#5775 = ORIENTED_EDGE('',*,*,#5776,.T.);
#5776 = EDGE_CURVE('',#5769,#5777,#5779,.T.);
#5777 = VERTEX_POINT('',#5778);
#5778 = CARTESIAN_POINT('',(200.85996842319,91.124931919597,9.99998E-03)
  );
#5779 = LINE('',#5780,#5781);
#5780 = CARTESIAN_POINT('',(201.1329684015,90.191931993745,9.99998E-03)
  );
#5781 = VECTOR('',#5782,1.);
#5782 = DIRECTION('',(-0.280829422378,0.959757696258,0.));
#5783 = ORIENTED_EDGE('',*,*,#5784,.T.);
#5784 = EDGE_CURVE('',#5777,#5785,#5787,.T.);
#5785 = VERTEX_POINT('',#5786);
#5786 = CARTESIAN_POINT('',(200.4999684518,92.028931847753,9.99998E-03)
  );
#5787 = LINE('',#5788,#5789);
#5788 = CARTESIAN_POINT('',(200.85996842319,91.124931919597,9.99998E-03)
  );
#5789 = VECTOR('',#5790,1.);
#5790 = DIRECTION('',(-0.36997272351,0.929042616815,0.));
#5791 = ORIENTED_EDGE('',*,*,#5792,.T.);
#5792 = EDGE_CURVE('',#5785,#5793,#5795,.T.);
#5793 = VERTEX_POINT('',#5794);
#5794 = CARTESIAN_POINT('',(200.05496848717,92.893931779009,9.99998E-03)
  );
#5795 = LINE('',#5796,#5797);
#5796 = CARTESIAN_POINT('',(200.4999684518,92.028931847753,9.99998E-03)
  );
#5797 = VECTOR('',#5798,1.);
#5798 = DIRECTION('',(-0.457464149219,0.889228065335,0.));
#5799 = ORIENTED_EDGE('',*,*,#5800,.T.);
#5800 = EDGE_CURVE('',#5793,#5801,#5803,.T.);
#5801 = VERTEX_POINT('',#5802);
#5802 = CARTESIAN_POINT('',(199.53096852881,93.712931713921,9.99998E-03)
  );
#5803 = LINE('',#5804,#5805);
#5804 = CARTESIAN_POINT('',(200.05496848717,92.893931779009,9.99998E-03)
  );
#5805 = VECTOR('',#5806,1.);
#5806 = DIRECTION('',(-0.538936948269,0.842346108076,0.));
#5807 = ORIENTED_EDGE('',*,*,#5808,.T.);
#5808 = EDGE_CURVE('',#5801,#5809,#5811,.T.);
#5809 = VERTEX_POINT('',#5810);
#5810 = CARTESIAN_POINT('',(198.9309685765,94.478931653045,9.99998E-03)
  );
#5811 = LINE('',#5812,#5813);
#5812 = CARTESIAN_POINT('',(199.53096852881,93.712931713921,9.99998E-03)
  );
#5813 = VECTOR('',#5814,1.);
#5814 = DIRECTION('',(-0.61664074451,0.787244683825,0.));
#5815 = ORIENTED_EDGE('',*,*,#5816,.T.);
#5816 = EDGE_CURVE('',#5809,#5817,#5819,.T.);
#5817 = VERTEX_POINT('',#5818);
#5818 = CARTESIAN_POINT('',(198.26096862974,95.184931596937,9.99998E-03)
  );
#5819 = LINE('',#5820,#5821);
#5820 = CARTESIAN_POINT('',(198.9309685765,94.478931653045,9.99998E-03)
  );
#5821 = VECTOR('',#5822,1.);
#5822 = DIRECTION('',(-0.688371342564,0.725358459478,0.));
#5823 = ORIENTED_EDGE('',*,*,#5824,.T.);
#5824 = EDGE_CURVE('',#5817,#5825,#5827,.T.);
#5825 = VERTEX_POINT('',#5826);
#5826 = CARTESIAN_POINT('',(197.527968688,95.823931546154,9.99998E-03));
#5827 = LINE('',#5828,#5829);
#5828 = CARTESIAN_POINT('',(198.26096862974,95.184931596937,9.99998E-03)
  );
#5829 = VECTOR('',#5830,1.);
#5830 = DIRECTION('',(-0.753785790701,0.657120218633,0.));
#5831 = ORIENTED_EDGE('',*,*,#5832,.T.);
#5832 = EDGE_CURVE('',#5825,#5833,#5835,.T.);
#5833 = VERTEX_POINT('',#5834);
#5834 = CARTESIAN_POINT('',(196.73696875086,96.389931501172,9.99998E-03)
  );
#5835 = LINE('',#5836,#5837);
#5836 = CARTESIAN_POINT('',(197.527968688,95.823931546154,9.99998E-03));
#5837 = VECTOR('',#5838,1.);
#5838 = DIRECTION('',(-0.813246911068,0.581918775808,0.));
#5839 = ORIENTED_EDGE('',*,*,#5840,.T.);
#5840 = EDGE_CURVE('',#5833,#5841,#5843,.T.);
#5841 = VERTEX_POINT('',#5842);
#5842 = CARTESIAN_POINT('',(195.89696881762,96.87993146223,9.99998E-03)
  );
#5843 = LINE('',#5844,#5845);
#5844 = CARTESIAN_POINT('',(196.73696875086,96.389931501172,9.99998E-03)
  );
#5845 = VECTOR('',#5846,1.);
#5846 = DIRECTION('',(-0.863778900898,0.503871025524,0.));
#5847 = ORIENTED_EDGE('',*,*,#5848,.T.);
#5848 = EDGE_CURVE('',#5841,#5849,#5851,.T.);
#5849 = VERTEX_POINT('',#5850);
#5850 = CARTESIAN_POINT('',(195.01296888787,97.286931429885,9.99998E-03)
  );
#5851 = LINE('',#5852,#5853);
#5852 = CARTESIAN_POINT('',(195.89696881762,96.87993146223,9.99998E-03)
  );
#5853 = VECTOR('',#5854,1.);
#5854 = DIRECTION('',(-0.90834995776,0.418210896842,0.));
#5855 = ORIENTED_EDGE('',*,*,#5856,.T.);
#5856 = EDGE_CURVE('',#5849,#5857,#5859,.T.);
#5857 = VERTEX_POINT('',#5858);
#5858 = CARTESIAN_POINT('',(194.09496896083,97.608931404294,9.99998E-03)
  );
#5859 = LINE('',#5860,#5861);
#5860 = CARTESIAN_POINT('',(195.01296888787,97.286931429885,9.99998E-03)
  );
#5861 = VECTOR('',#5862,1.);
#5862 = DIRECTION('',(-0.943633781222,0.330991369884,0.));
#5863 = ORIENTED_EDGE('',*,*,#5864,.T.);
#5864 = EDGE_CURVE('',#5857,#5865,#5867,.T.);
#5865 = VERTEX_POINT('',#5866);
#5866 = CARTESIAN_POINT('',(193.15096903585,97.841931385777,9.99998E-03)
  );
#5867 = LINE('',#5868,#5869);
#5868 = CARTESIAN_POINT('',(194.09496896083,97.608931404294,9.99998E-03)
  );
#5869 = VECTOR('',#5870,1.);
#5870 = DIRECTION('',(-0.970864124295,0.239630657797,0.));
#5871 = ORIENTED_EDGE('',*,*,#5872,.T.);
#5872 = EDGE_CURVE('',#5865,#5873,#5875,.T.);
#5873 = VERTEX_POINT('',#5874);
#5874 = CARTESIAN_POINT('',(192.1889691123,97.984931374413,9.99998E-03)
  );
#5875 = LINE('',#5876,#5877);
#5876 = CARTESIAN_POINT('',(193.15096903585,97.841931385777,9.99998E-03)
  );
#5877 = VECTOR('',#5878,1.);
#5878 = DIRECTION('',(-0.989131576527,0.147033072186,0.));
#5879 = ORIENTED_EDGE('',*,*,#5880,.T.);
#5880 = EDGE_CURVE('',#5873,#5881,#5883,.T.);
#5881 = VERTEX_POINT('',#5882);
#5882 = CARTESIAN_POINT('',(191.70296915093,98.009931372426,9.99998E-03)
  );
#5883 = LINE('',#5884,#5885);
#5884 = CARTESIAN_POINT('',(192.1889691123,97.984931374413,9.99998E-03)
  );
#5885 = VECTOR('',#5886,1.);
#5886 = DIRECTION('',(-0.998679566195,5.137240566848E-02,0.));
#5887 = ORIENTED_EDGE('',*,*,#5888,.T.);
#5888 = EDGE_CURVE('',#5881,#4703,#5889,.T.);
#5889 = LINE('',#5890,#5891);
#5890 = CARTESIAN_POINT('',(191.70296915093,98.009931372426,9.99998E-03)
  );
#5891 = VECTOR('',#5892,1.);
#5892 = DIRECTION('',(-0.98489232157,0.173167880716,0.));
#5893 = PLANE('',#5894);
#5894 = AXIS2_PLACEMENT_3D('',#5895,#5896,#5897);
#5895 = CARTESIAN_POINT('',(189.98786096537,77.795600586978,9.99998E-03)
  );
#5896 = DIRECTION('',(-0.,-0.,-1.));
#5897 = DIRECTION('',(-1.,0.,0.));
#5898 = ADVANCED_FACE('',(#5899),#5924,.F.);
#5899 = FACE_BOUND('',#5900,.F.);
#5900 = EDGE_LOOP('',(#5901,#5902,#5910,#5918));
#5901 = ORIENTED_EDGE('',*,*,#4702,.T.);
#5902 = ORIENTED_EDGE('',*,*,#5903,.T.);
#5903 = EDGE_CURVE('',#4705,#5904,#5906,.T.);
#5904 = VERTEX_POINT('',#5905);
#5905 = CARTESIAN_POINT('',(191.43196917246,97.984931374413,
    -5.899912E-02));
#5906 = LINE('',#5907,#5908);
#5907 = CARTESIAN_POINT('',(191.43196917246,97.984931374413,9.99998E-03)
  );
#5908 = VECTOR('',#5909,1.);
#5909 = DIRECTION('',(0.,0.,-1.));
#5910 = ORIENTED_EDGE('',*,*,#5911,.F.);
#5911 = EDGE_CURVE('',#5912,#5904,#5914,.T.);
#5912 = VERTEX_POINT('',#5913);
#5913 = CARTESIAN_POINT('',(191.61196915816,98.025931371154,
    -5.899912E-02));
#5914 = LINE('',#5915,#5916);
#5915 = CARTESIAN_POINT('',(191.61196915816,98.025931371154,
    -5.899912E-02));
#5916 = VECTOR('',#5917,1.);
#5917 = DIRECTION('',(-0.975026322681,-0.222089329055,0.));
#5918 = ORIENTED_EDGE('',*,*,#5919,.F.);
#5919 = EDGE_CURVE('',#4703,#5912,#5920,.T.);
#5920 = LINE('',#5921,#5922);
#5921 = CARTESIAN_POINT('',(191.61196915816,98.025931371154,9.99998E-03)
  );
#5922 = VECTOR('',#5923,1.);
#5923 = DIRECTION('',(0.,0.,-1.));
#5924 = PLANE('',#5925);
#5925 = AXIS2_PLACEMENT_3D('',#5926,#5927,#5928);
#5926 = CARTESIAN_POINT('',(191.52196916531,98.005431372783,
    -2.449957E-02));
#5927 = DIRECTION('',(0.222089329055,-0.975026322681,-0.));
#5928 = DIRECTION('',(-0.975026322681,-0.222089329055,0.));
#5929 = ADVANCED_FACE('',(#5930),#7115,.T.);
#5930 = FACE_BOUND('',#5931,.F.);
#5931 = EDGE_LOOP('',(#5932,#5933,#5941,#5949,#5957,#5965,#5973,#5981,
    #5989,#5997,#6005,#6013,#6021,#6029,#6037,#6045,#6053,#6061,#6069,
    #6077,#6085,#6093,#6101,#6109,#6117,#6125,#6133,#6141,#6149,#6157,
    #6165,#6173,#6181,#6189,#6197,#6205,#6213,#6221,#6229,#6237,#6245,
    #6253,#6261,#6269,#6277,#6285,#6293,#6301,#6309,#6317,#6325,#6333,
    #6341,#6349,#6357,#6365,#6373,#6381,#6389,#6397,#6405,#6413,#6421,
    #6429,#6437,#6445,#6453,#6461,#6469,#6477,#6485,#6493,#6501,#6509,
    #6517,#6525,#6533,#6541,#6549,#6557,#6565,#6573,#6581,#6589,#6597,
    #6605,#6613,#6621,#6629,#6637,#6645,#6653,#6661,#6669,#6677,#6685,
    #6693,#6701,#6709,#6717,#6725,#6733,#6741,#6749,#6757,#6765,#6773,
    #6781,#6789,#6797,#6805,#6813,#6821,#6829,#6837,#6845,#6853,#6861,
    #6869,#6877,#6885,#6893,#6901,#6909,#6917,#6925,#6933,#6941,#6949,
    #6957,#6965,#6973,#6981,#6989,#6997,#7005,#7013,#7021,#7029,#7037,
    #7045,#7053,#7061,#7069,#7077,#7085,#7093,#7101,#7109));
#5932 = ORIENTED_EDGE('',*,*,#5911,.T.);
#5933 = ORIENTED_EDGE('',*,*,#5934,.T.);
#5934 = EDGE_CURVE('',#5904,#5935,#5937,.T.);
#5935 = VERTEX_POINT('',#5936);
#5936 = CARTESIAN_POINT('',(191.28096918446,97.878931382837,
    -5.899912E-02));
#5937 = LINE('',#5938,#5939);
#5938 = CARTESIAN_POINT('',(191.43196917246,97.984931374413,
    -5.899912E-02));
#5939 = VECTOR('',#5940,1.);
#5940 = DIRECTION('',(-0.818467256881,-0.574553173704,0.));
#5941 = ORIENTED_EDGE('',*,*,#5942,.T.);
#5942 = EDGE_CURVE('',#5935,#5943,#5945,.T.);
#5943 = VERTEX_POINT('',#5944);
#5944 = CARTESIAN_POINT('',(191.18296919225,97.722931395235,
    -5.899912E-02));
#5945 = LINE('',#5946,#5947);
#5946 = CARTESIAN_POINT('',(191.28096918446,97.878931382837,
    -5.899912E-02));
#5947 = VECTOR('',#5948,1.);
#5948 = DIRECTION('',(-0.53194919585,-0.846776270945,0.));
#5949 = ORIENTED_EDGE('',*,*,#5950,.T.);
#5950 = EDGE_CURVE('',#5943,#5951,#5953,.T.);
#5951 = VERTEX_POINT('',#5952);
#5952 = CARTESIAN_POINT('',(191.16696919352,97.631931402467,
    -5.899912E-02));
#5953 = LINE('',#5954,#5955);
#5954 = CARTESIAN_POINT('',(191.18296919225,97.722931395235,
    -5.899912E-02));
#5955 = VECTOR('',#5956,1.);
#5956 = DIRECTION('',(-0.173167880716,-0.98489232157,0.));
#5957 = ORIENTED_EDGE('',*,*,#5958,.T.);
#5958 = EDGE_CURVE('',#5951,#5959,#5961,.T.);
#5959 = VERTEX_POINT('',#5960);
#5960 = CARTESIAN_POINT('',(191.17796919265,84.381932455482,
    -5.899912E-02));
#5961 = LINE('',#5962,#5963);
#5962 = CARTESIAN_POINT('',(191.16696919352,97.631931402467,
    -5.899912E-02));
#5963 = VECTOR('',#5964,1.);
#5964 = DIRECTION('',(8.301883931577E-04,-0.999999655394,0.));
#5965 = ORIENTED_EDGE('',*,*,#5966,.T.);
#5966 = EDGE_CURVE('',#5959,#5967,#5969,.T.);
#5967 = VERTEX_POINT('',#5968);
#5968 = CARTESIAN_POINT('',(191.17496919289,84.381932455482,
    -5.899912E-02));
#5969 = LINE('',#5970,#5971);
#5970 = CARTESIAN_POINT('',(191.17796919265,84.381932455482,
    -5.899912E-02));
#5971 = VECTOR('',#5972,1.);
#5972 = DIRECTION('',(-1.,0.,0.));
#5973 = ORIENTED_EDGE('',*,*,#5974,.T.);
#5974 = EDGE_CURVE('',#5967,#5975,#5977,.T.);
#5975 = VERTEX_POINT('',#5976);
#5976 = CARTESIAN_POINT('',(191.16996919328,84.331932459456,
    -5.899912E-02));
#5977 = LINE('',#5978,#5979);
#5978 = CARTESIAN_POINT('',(191.17496919289,84.381932455482,
    -5.899912E-02));
#5979 = VECTOR('',#5980,1.);
#5980 = DIRECTION('',(-9.950371902119E-02,-0.99503719021,0.));
#5981 = ORIENTED_EDGE('',*,*,#5982,.T.);
#5982 = EDGE_CURVE('',#5975,#5983,#5985,.T.);
#5983 = VERTEX_POINT('',#5984);
#5984 = CARTESIAN_POINT('',(191.13096919638,84.238932466847,
    -5.899912E-02));
#5985 = LINE('',#5986,#5987);
#5986 = CARTESIAN_POINT('',(191.16996919328,84.331932459456,
    -5.899912E-02));
#5987 = VECTOR('',#5988,1.);
#5988 = DIRECTION('',(-0.386726676251,-0.922194381829,0.));
#5989 = ORIENTED_EDGE('',*,*,#5990,.T.);
#5990 = EDGE_CURVE('',#5983,#5991,#5993,.T.);
#5991 = VERTEX_POINT('',#5992);
#5992 = CARTESIAN_POINT('',(191.05996920203,84.166932472569,
    -5.899912E-02));
#5993 = LINE('',#5994,#5995);
#5994 = CARTESIAN_POINT('',(191.13096919638,84.238932466847,
    -5.899912E-02));
#5995 = VECTOR('',#5996,1.);
#5996 = DIRECTION('',(-0.702144810536,-0.712034174065,0.));
#5997 = ORIENTED_EDGE('',*,*,#5998,.T.);
#5998 = EDGE_CURVE('',#5991,#5999,#6001,.T.);
#5999 = VERTEX_POINT('',#6000);
#6000 = CARTESIAN_POINT('',(190.96696920942,84.128932475589,
    -5.899912E-02));
#6001 = LINE('',#6002,#6003);
#6002 = CARTESIAN_POINT('',(191.05996920203,84.166932472569,
    -5.899912E-02));
#6003 = VECTOR('',#6004,1.);
#6004 = DIRECTION('',(-0.925705431508,-0.378245230078,0.));
#6005 = ORIENTED_EDGE('',*,*,#6006,.T.);
#6006 = EDGE_CURVE('',#5999,#6007,#6009,.T.);
#6007 = VERTEX_POINT('',#6008);
#6008 = CARTESIAN_POINT('',(190.86696921736,84.128932475589,
    -5.899912E-02));
#6009 = LINE('',#6010,#6011);
#6010 = CARTESIAN_POINT('',(190.96696920942,84.128932475589,
    -5.899912E-02));
#6011 = VECTOR('',#6012,1.);
#6012 = DIRECTION('',(-1.,0.,0.));
#6013 = ORIENTED_EDGE('',*,*,#6014,.T.);
#6014 = EDGE_CURVE('',#6007,#6015,#6017,.T.);
#6015 = VERTEX_POINT('',#6016);
#6016 = CARTESIAN_POINT('',(190.77396922476,84.166932472569,
    -5.899912E-02));
#6017 = LINE('',#6018,#6019);
#6018 = CARTESIAN_POINT('',(190.86696921736,84.128932475589,
    -5.899912E-02));
#6019 = VECTOR('',#6020,1.);
#6020 = DIRECTION('',(-0.925705431508,0.378245230078,0.));
#6021 = ORIENTED_EDGE('',*,*,#6022,.T.);
#6022 = EDGE_CURVE('',#6015,#6023,#6025,.T.);
#6023 = VERTEX_POINT('',#6024);
#6024 = CARTESIAN_POINT('',(190.70196923048,84.238932466847,
    -5.899912E-02));
#6025 = LINE('',#6026,#6027);
#6026 = CARTESIAN_POINT('',(190.77396922476,84.166932472569,
    -5.899912E-02));
#6027 = VECTOR('',#6028,1.);
#6028 = DIRECTION('',(-0.707106781186,0.707106781187,0.));
#6029 = ORIENTED_EDGE('',*,*,#6030,.T.);
#6030 = EDGE_CURVE('',#6023,#6031,#6033,.T.);
#6031 = VERTEX_POINT('',#6032);
#6032 = CARTESIAN_POINT('',(190.6639692335,84.331932459456,-5.899912E-02
    ));
#6033 = LINE('',#6034,#6035);
#6034 = CARTESIAN_POINT('',(190.70196923048,84.238932466847,
    -5.899912E-02));
#6035 = VECTOR('',#6036,1.);
#6036 = DIRECTION('',(-0.378245230079,0.925705431508,0.));
#6037 = ORIENTED_EDGE('',*,*,#6038,.T.);
#6038 = EDGE_CURVE('',#6031,#6039,#6041,.T.);
#6039 = VERTEX_POINT('',#6040);
#6040 = CARTESIAN_POINT('',(190.65896923389,84.381932455482,
    -5.899912E-02));
#6041 = LINE('',#6042,#6043);
#6042 = CARTESIAN_POINT('',(190.6639692335,84.331932459456,-5.899912E-02
    ));
#6043 = VECTOR('',#6044,1.);
#6044 = DIRECTION('',(-9.950371902091E-02,0.99503719021,0.));
#6045 = ORIENTED_EDGE('',*,*,#6046,.T.);
#6046 = EDGE_CURVE('',#6039,#6047,#6049,.T.);
#6047 = VERTEX_POINT('',#6048);
#6048 = CARTESIAN_POINT('',(190.66196923366,84.381932455482,
    -5.899912E-02));
#6049 = LINE('',#6050,#6051);
#6050 = CARTESIAN_POINT('',(190.65896923389,84.381932455482,
    -5.899912E-02));
#6051 = VECTOR('',#6052,1.);
#6052 = DIRECTION('',(1.,0.,-0.));
#6053 = ORIENTED_EDGE('',*,*,#6054,.T.);
#6054 = EDGE_CURVE('',#6047,#6055,#6057,.T.);
#6055 = VERTEX_POINT('',#6056);
#6056 = CARTESIAN_POINT('',(190.65096923453,97.731931394519,
    -5.899912E-02));
#6057 = LINE('',#6058,#6059);
#6058 = CARTESIAN_POINT('',(190.66196923366,84.381932455482,
    -5.899912E-02));
#6059 = VECTOR('',#6060,1.);
#6060 = DIRECTION('',(-8.239697577454E-04,0.999999660537,0.));
#6061 = ORIENTED_EDGE('',*,*,#6062,.T.);
#6062 = EDGE_CURVE('',#6055,#6063,#6065,.T.);
#6063 = VERTEX_POINT('',#6064);
#6064 = CARTESIAN_POINT('',(190.64996923461,97.787931390069,
    -5.899912E-02));
#6065 = LINE('',#6066,#6067);
#6066 = CARTESIAN_POINT('',(190.65096923453,97.731931394519,
    -5.899912E-02));
#6067 = VECTOR('',#6068,1.);
#6068 = DIRECTION('',(-1.785429641697E-02,0.999840599345,0.));
#6069 = ORIENTED_EDGE('',*,*,#6070,.T.);
#6070 = EDGE_CURVE('',#6063,#6071,#6073,.T.);
#6071 = VERTEX_POINT('',#6072);
#6072 = CARTESIAN_POINT('',(190.60396923827,97.891931381804,
    -5.899912E-02));
#6073 = LINE('',#6074,#6075);
#6074 = CARTESIAN_POINT('',(190.64996923461,97.787931390069,
    -5.899912E-02));
#6075 = VECTOR('',#6076,1.);
#6076 = DIRECTION('',(-0.404506014778,0.914535337758,0.));
#6077 = ORIENTED_EDGE('',*,*,#6078,.T.);
#6078 = EDGE_CURVE('',#6071,#6079,#6081,.T.);
#6079 = VERTEX_POINT('',#6080);
#6080 = CARTESIAN_POINT('',(190.52196924478,97.969931375605,
    -5.899912E-02));
#6081 = LINE('',#6082,#6083);
#6082 = CARTESIAN_POINT('',(190.60396923827,97.891931381804,
    -5.899912E-02));
#6083 = VECTOR('',#6084,1.);
#6084 = DIRECTION('',(-0.72455806169,0.689213765998,0.));
#6085 = ORIENTED_EDGE('',*,*,#6086,.T.);
#6086 = EDGE_CURVE('',#6079,#6087,#6089,.T.);
#6087 = VERTEX_POINT('',#6088);
#6088 = CARTESIAN_POINT('',(190.41596925321,98.010931372346,
    -5.899912E-02));
#6089 = LINE('',#6090,#6091);
#6090 = CARTESIAN_POINT('',(190.52196924478,97.969931375605,
    -5.899912E-02));
#6091 = VECTOR('',#6092,1.);
#6092 = DIRECTION('',(-0.932663617244,0.360747248179,0.));
#6093 = ORIENTED_EDGE('',*,*,#6094,.T.);
#6094 = EDGE_CURVE('',#6087,#6095,#6097,.T.);
#6095 = VERTEX_POINT('',#6096);
#6096 = CARTESIAN_POINT('',(190.35896925774,98.009931372426,
    -5.899912E-02));
#6097 = LINE('',#6098,#6099);
#6098 = CARTESIAN_POINT('',(190.41596925321,98.010931372346,
    -5.899912E-02));
#6099 = VECTOR('',#6100,1.);
#6100 = DIRECTION('',(-0.99984614201,-1.75411603861E-02,0.));
#6101 = ORIENTED_EDGE('',*,*,#6102,.T.);
#6102 = EDGE_CURVE('',#6095,#6103,#6105,.T.);
#6103 = VERTEX_POINT('',#6104);
#6104 = CARTESIAN_POINT('',(189.86196929723,97.983931374492,
    -5.899912E-02));
#6105 = LINE('',#6106,#6107);
#6106 = CARTESIAN_POINT('',(190.35896925774,98.009931372426,
    -5.899912E-02));
#6107 = VECTOR('',#6108,1.);
#6108 = DIRECTION('',(-0.998634431076,-5.224244508649E-02,0.));
#6109 = ORIENTED_EDGE('',*,*,#6110,.T.);
#6110 = EDGE_CURVE('',#6103,#6111,#6113,.T.);
#6111 = VERTEX_POINT('',#6112);
#6112 = CARTESIAN_POINT('',(188.87496937567,97.836931386175,
    -5.899912E-02));
#6113 = LINE('',#6114,#6115);
#6114 = CARTESIAN_POINT('',(189.86196929723,97.983931374492,
    -5.899912E-02));
#6115 = VECTOR('',#6116,1.);
#6116 = DIRECTION('',(-0.989090177882,-0.147311303089,0.));
#6117 = ORIENTED_EDGE('',*,*,#6118,.T.);
#6118 = EDGE_CURVE('',#6111,#6119,#6121,.T.);
#6119 = VERTEX_POINT('',#6120);
#6120 = CARTESIAN_POINT('',(187.9069694526,97.597931405169,-5.899912E-02
    ));
#6121 = LINE('',#6122,#6123);
#6122 = CARTESIAN_POINT('',(188.87496937567,97.836931386175,
    -5.899912E-02));
#6123 = VECTOR('',#6124,1.);
#6124 = DIRECTION('',(-0.970846325041,-0.239702760005,0.));
#6125 = ORIENTED_EDGE('',*,*,#6126,.T.);
#6126 = EDGE_CURVE('',#6119,#6127,#6129,.T.);
#6127 = VERTEX_POINT('',#6128);
#6128 = CARTESIAN_POINT('',(186.96596952739,97.267931431395,
    -5.899912E-02));
#6129 = LINE('',#6130,#6131);
#6130 = CARTESIAN_POINT('',(187.9069694526,97.597931405169,-5.899912E-02
    ));
#6131 = VECTOR('',#6132,1.);
#6132 = DIRECTION('',(-0.943654933306,-0.330931060564,0.));
#6133 = ORIENTED_EDGE('',*,*,#6134,.T.);
#6134 = EDGE_CURVE('',#6127,#6135,#6137,.T.);
#6135 = VERTEX_POINT('',#6136);
#6136 = CARTESIAN_POINT('',(186.05996959939,96.850931464535,
    -5.899912E-02));
#6137 = LINE('',#6138,#6139);
#6138 = CARTESIAN_POINT('',(186.96596952739,97.267931431395,
    -5.899912E-02));
#6139 = VECTOR('',#6140,1.);
#6140 = DIRECTION('',(-0.908399070506,-0.418104207948,0.));
#6141 = ORIENTED_EDGE('',*,*,#6142,.T.);
#6142 = EDGE_CURVE('',#6135,#6143,#6145,.T.);
#6143 = VERTEX_POINT('',#6144);
#6144 = CARTESIAN_POINT('',(185.1979696679,96.34893150443,-5.899912E-02)
  );
#6145 = LINE('',#6146,#6147);
#6146 = CARTESIAN_POINT('',(186.05996959939,96.850931464535,
    -5.899912E-02));
#6147 = VECTOR('',#6148,1.);
#6148 = DIRECTION('',(-0.864142271689,-0.503247587457,0.));
#6149 = ORIENTED_EDGE('',*,*,#6150,.T.);
#6150 = EDGE_CURVE('',#6143,#6151,#6153,.T.);
#6151 = VERTEX_POINT('',#6152);
#6152 = CARTESIAN_POINT('',(184.38796973227,95.767931550604,
    -5.899912E-02));
#6153 = LINE('',#6154,#6155);
#6154 = CARTESIAN_POINT('',(185.1979696679,96.34893150443,-5.899912E-02)
  );
#6155 = VECTOR('',#6156,1.);
#6156 = DIRECTION('',(-0.812579565398,-0.582850280859,0.));
#6157 = ORIENTED_EDGE('',*,*,#6158,.T.);
#6158 = EDGE_CURVE('',#6151,#6159,#6161,.T.);
#6159 = VERTEX_POINT('',#6160);
#6160 = CARTESIAN_POINT('',(183.63596979203,95.112931602659,
    -5.899912E-02));
#6161 = LINE('',#6162,#6163);
#6162 = CARTESIAN_POINT('',(184.38796973227,95.767931550604,
    -5.899912E-02));
#6163 = VECTOR('',#6164,1.);
#6164 = DIRECTION('',(-0.754065575447,-0.656799138189,0.));
#6165 = ORIENTED_EDGE('',*,*,#6166,.T.);
#6166 = EDGE_CURVE('',#6159,#6167,#6169,.T.);
#6167 = VERTEX_POINT('',#6168);
#6168 = CARTESIAN_POINT('',(182.94896984663,94.389931660118,
    -5.899912E-02));
#6169 = LINE('',#6170,#6171);
#6170 = CARTESIAN_POINT('',(183.63596979203,95.112931602659,
    -5.899912E-02));
#6171 = VECTOR('',#6172,1.);
#6172 = DIRECTION('',(-0.688828511296,-0.724924328482,0.));
#6173 = ORIENTED_EDGE('',*,*,#6174,.T.);
#6174 = EDGE_CURVE('',#6167,#6175,#6177,.T.);
#6175 = VERTEX_POINT('',#6176);
#6176 = CARTESIAN_POINT('',(182.33496989543,93.604931722504,
    -5.899912E-02));
#6177 = LINE('',#6178,#6179);
#6178 = CARTESIAN_POINT('',(182.94896984663,94.389931660118,
    -5.899912E-02));
#6179 = VECTOR('',#6180,1.);
#6180 = DIRECTION('',(-0.616091794233,-0.787674362334,0.));
#6181 = ORIENTED_EDGE('',*,*,#6182,.T.);
#6182 = EDGE_CURVE('',#6175,#6183,#6185,.T.);
#6183 = VERTEX_POINT('',#6184);
#6184 = CARTESIAN_POINT('',(181.79696993818,92.764931789261,
    -5.899912E-02));
#6185 = LINE('',#6186,#6187);
#6186 = CARTESIAN_POINT('',(182.33496989543,93.604931722504,
    -5.899912E-02));
#6187 = VECTOR('',#6188,1.);
#6188 = DIRECTION('',(-0.539338139925,-0.842089289103,0.));
#6189 = ORIENTED_EDGE('',*,*,#6190,.T.);
#6190 = EDGE_CURVE('',#6183,#6191,#6193,.T.);
#6191 = VERTEX_POINT('',#6192);
#6192 = CARTESIAN_POINT('',(181.34096997442,91.877931859753,
    -5.899912E-02));
#6193 = LINE('',#6194,#6195);
#6194 = CARTESIAN_POINT('',(181.79696993818,92.764931789261,
    -5.899912E-02));
#6195 = VECTOR('',#6196,1.);
#6196 = DIRECTION('',(-0.457212075585,-0.889357699657,0.));
#6197 = ORIENTED_EDGE('',*,*,#6198,.T.);
#6198 = EDGE_CURVE('',#6191,#6199,#6201,.T.);
#6199 = VERTEX_POINT('',#6200);
#6200 = CARTESIAN_POINT('',(180.97197000375,90.951931933345,
    -5.899912E-02));
#6201 = LINE('',#6202,#6203);
#6202 = CARTESIAN_POINT('',(181.34096997442,91.877931859753,
    -5.899912E-02));
#6203 = VECTOR('',#6204,1.);
#6204 = DIRECTION('',(-0.370179605869,-0.928960203345,0.));
#6205 = ORIENTED_EDGE('',*,*,#6206,.T.);
#6206 = EDGE_CURVE('',#6199,#6207,#6209,.T.);
#6207 = VERTEX_POINT('',#6208);
#6208 = CARTESIAN_POINT('',(180.691970026,89.994932009401,-5.899912E-02)
  );
#6209 = LINE('',#6210,#6211);
#6210 = CARTESIAN_POINT('',(180.97197000375,90.951931933345,
    -5.899912E-02));
#6211 = VECTOR('',#6212,1.);
#6212 = DIRECTION('',(-0.280808629498,-0.959763780104,0.));
#6213 = ORIENTED_EDGE('',*,*,#6214,.T.);
#6214 = EDGE_CURVE('',#6207,#6215,#6217,.T.);
#6215 = VERTEX_POINT('',#6216);
#6216 = CARTESIAN_POINT('',(180.50297004102,89.014932087284,
    -5.899912E-02));
#6217 = LINE('',#6218,#6219);
#6218 = CARTESIAN_POINT('',(180.691970026,89.994932009401,-5.899912E-02)
  );
#6219 = VECTOR('',#6220,1.);
#6220 = DIRECTION('',(-0.18936763539,-0.981906257576,0.));
#6221 = ORIENTED_EDGE('',*,*,#6222,.T.);
#6222 = EDGE_CURVE('',#6215,#6223,#6225,.T.);
#6223 = VERTEX_POINT('',#6224);
#6224 = CARTESIAN_POINT('',(180.40897004849,88.022932166121,
    -5.899912E-02));
#6225 = LINE('',#6226,#6227);
#6226 = CARTESIAN_POINT('',(180.50297004102,89.014932087284,
    -5.899912E-02));
#6227 = VECTOR('',#6228,1.);
#6228 = DIRECTION('',(-9.433548753187E-02,-0.995540464166,0.));
#6229 = ORIENTED_EDGE('',*,*,#6230,.T.);
#6230 = EDGE_CURVE('',#6223,#6231,#6233,.T.);
#6231 = VERTEX_POINT('',#6232);
#6232 = CARTESIAN_POINT('',(180.40897004849,87.523932205778,
    -5.899912E-02));
#6233 = LINE('',#6234,#6235);
#6234 = CARTESIAN_POINT('',(180.40897004849,88.022932166121,
    -5.899912E-02));
#6235 = VECTOR('',#6236,1.);
#6236 = DIRECTION('',(0.,-1.,0.));
#6237 = ORIENTED_EDGE('',*,*,#6238,.T.);
#6238 = EDGE_CURVE('',#6231,#6239,#6241,.T.);
#6239 = VERTEX_POINT('',#6240);
#6240 = CARTESIAN_POINT('',(180.40897004849,87.473932209752,
    -5.899912E-02));
#6241 = LINE('',#6242,#6243);
#6242 = CARTESIAN_POINT('',(180.40897004849,87.523932205778,
    -5.899912E-02));
#6243 = VECTOR('',#6244,1.);
#6244 = DIRECTION('',(0.,-1.,0.));
#6245 = ORIENTED_EDGE('',*,*,#6246,.T.);
#6246 = EDGE_CURVE('',#6239,#6247,#6249,.T.);
#6247 = VERTEX_POINT('',#6248);
#6248 = CARTESIAN_POINT('',(180.40397004889,87.380932217143,
    -5.899912E-02));
#6249 = LINE('',#6250,#6251);
#6250 = CARTESIAN_POINT('',(180.40897004849,87.473932209752,
    -5.899912E-02));
#6251 = VECTOR('',#6252,1.);
#6252 = DIRECTION('',(-5.368590708722E-02,-0.998557871823,0.));
#6253 = ORIENTED_EDGE('',*,*,#6254,.T.);
#6254 = EDGE_CURVE('',#6247,#6255,#6257,.T.);
#6255 = VERTEX_POINT('',#6256);
#6256 = CARTESIAN_POINT('',(180.36797005175,87.197932231686,
    -5.899912E-02));
#6257 = LINE('',#6258,#6259);
#6258 = CARTESIAN_POINT('',(180.40397004889,87.380932217143,
    -5.899912E-02));
#6259 = VECTOR('',#6260,1.);
#6260 = DIRECTION('',(-0.193021860293,-0.981194456491,0.));
#6261 = ORIENTED_EDGE('',*,*,#6262,.T.);
#6262 = EDGE_CURVE('',#6255,#6263,#6265,.T.);
#6263 = VERTEX_POINT('',#6264);
#6264 = CARTESIAN_POINT('',(180.29697005739,87.025932245356,
    -5.899912E-02));
#6265 = LINE('',#6266,#6267);
#6266 = CARTESIAN_POINT('',(180.36797005175,87.197932231686,
    -5.899912E-02));
#6267 = VECTOR('',#6268,1.);
#6268 = DIRECTION('',(-0.381560542579,-0.924343849629,0.));
#6269 = ORIENTED_EDGE('',*,*,#6270,.T.);
#6270 = EDGE_CURVE('',#6263,#6271,#6273,.T.);
#6271 = VERTEX_POINT('',#6272);
#6272 = CARTESIAN_POINT('',(180.19297006566,86.870932257674,
    -5.899912E-02));
#6273 = LINE('',#6274,#6275);
#6274 = CARTESIAN_POINT('',(180.29697005739,87.025932245356,
    -5.899912E-02));
#6275 = VECTOR('',#6276,1.);
#6276 = DIRECTION('',(-0.557170396539,-0.830398187149,0.));
#6277 = ORIENTED_EDGE('',*,*,#6278,.T.);
#6278 = EDGE_CURVE('',#6271,#6279,#6281,.T.);
#6279 = VERTEX_POINT('',#6280);
#6280 = CARTESIAN_POINT('',(180.06197007607,86.739932268085,
    -5.899912E-02));
#6281 = LINE('',#6282,#6283);
#6282 = CARTESIAN_POINT('',(180.19297006566,86.870932257674,
    -5.899912E-02));
#6283 = VECTOR('',#6284,1.);
#6284 = DIRECTION('',(-0.707106781187,-0.707106781187,0.));
#6285 = ORIENTED_EDGE('',*,*,#6286,.T.);
#6286 = EDGE_CURVE('',#6279,#6287,#6289,.T.);
#6287 = VERTEX_POINT('',#6288);
#6288 = CARTESIAN_POINT('',(179.90697008839,86.63593227635,-5.899912E-02
    ));
#6289 = LINE('',#6290,#6291);
#6290 = CARTESIAN_POINT('',(180.06197007607,86.739932268085,
    -5.899912E-02));
#6291 = VECTOR('',#6292,1.);
#6292 = DIRECTION('',(-0.830398187149,-0.557170396539,0.));
#6293 = ORIENTED_EDGE('',*,*,#6294,.T.);
#6294 = EDGE_CURVE('',#6287,#6295,#6297,.T.);
#6295 = VERTEX_POINT('',#6296);
#6296 = CARTESIAN_POINT('',(179.73497010206,86.564932281993,
    -5.899912E-02));
#6297 = LINE('',#6298,#6299);
#6298 = CARTESIAN_POINT('',(179.90697008839,86.63593227635,-5.899912E-02
    ));
#6299 = VECTOR('',#6300,1.);
#6300 = DIRECTION('',(-0.924343849629,-0.381560542579,0.));
#6301 = ORIENTED_EDGE('',*,*,#6302,.T.);
#6302 = EDGE_CURVE('',#6295,#6303,#6305,.T.);
#6303 = VERTEX_POINT('',#6304);
#6304 = CARTESIAN_POINT('',(179.5519701166,86.528932284854,-5.899912E-02
    ));
#6305 = LINE('',#6306,#6307);
#6306 = CARTESIAN_POINT('',(179.73497010206,86.564932281993,
    -5.899912E-02));
#6307 = VECTOR('',#6308,1.);
#6308 = DIRECTION('',(-0.981194456491,-0.193021860293,0.));
#6309 = ORIENTED_EDGE('',*,*,#6310,.T.);
#6310 = EDGE_CURVE('',#6303,#6311,#6313,.T.);
#6311 = VERTEX_POINT('',#6312);
#6312 = CARTESIAN_POINT('',(179.45897012399,86.523932285251,
    -5.899912E-02));
#6313 = LINE('',#6314,#6315);
#6314 = CARTESIAN_POINT('',(179.5519701166,86.528932284854,-5.899912E-02
    ));
#6315 = VECTOR('',#6316,1.);
#6316 = DIRECTION('',(-0.998557871823,-5.368590708726E-02,0.));
#6317 = ORIENTED_EDGE('',*,*,#6318,.T.);
#6318 = EDGE_CURVE('',#6311,#6319,#6321,.T.);
#6319 = VERTEX_POINT('',#6320);
#6320 = CARTESIAN_POINT('',(174.02697055569,86.523932285251,
    -5.899912E-02));
#6321 = LINE('',#6322,#6323);
#6322 = CARTESIAN_POINT('',(179.45897012399,86.523932285251,
    -5.899912E-02));
#6323 = VECTOR('',#6324,1.);
#6324 = DIRECTION('',(-1.,0.,0.));
#6325 = ORIENTED_EDGE('',*,*,#6326,.T.);
#6326 = EDGE_CURVE('',#6319,#6327,#6329,.T.);
#6327 = VERTEX_POINT('',#6328);
#6328 = CARTESIAN_POINT('',(174.02697055569,69.023933676026,
    -5.899912E-02));
#6329 = LINE('',#6330,#6331);
#6330 = CARTESIAN_POINT('',(174.02697055569,86.523932285251,
    -5.899912E-02));
#6331 = VECTOR('',#6332,1.);
#6332 = DIRECTION('',(0.,-1.,0.));
#6333 = ORIENTED_EDGE('',*,*,#6334,.T.);
#6334 = EDGE_CURVE('',#6327,#6335,#6337,.T.);
#6335 = VERTEX_POINT('',#6336);
#6336 = CARTESIAN_POINT('',(179.45897012399,69.023933676026,
    -5.899912E-02));
#6337 = LINE('',#6338,#6339);
#6338 = CARTESIAN_POINT('',(174.02697055569,69.023933676026,
    -5.899912E-02));
#6339 = VECTOR('',#6340,1.);
#6340 = DIRECTION('',(1.,0.,-0.));
#6341 = ORIENTED_EDGE('',*,*,#6342,.T.);
#6342 = EDGE_CURVE('',#6335,#6343,#6345,.T.);
#6343 = VERTEX_POINT('',#6344);
#6344 = CARTESIAN_POINT('',(179.5519701166,69.018933676424,-5.899912E-02
    ));
#6345 = LINE('',#6346,#6347);
#6346 = CARTESIAN_POINT('',(179.45897012399,69.023933676026,
    -5.899912E-02));
#6347 = VECTOR('',#6348,1.);
#6348 = DIRECTION('',(0.998557871823,-5.368590708727E-02,0.));
#6349 = ORIENTED_EDGE('',*,*,#6350,.T.);
#6350 = EDGE_CURVE('',#6343,#6351,#6353,.T.);
#6351 = VERTEX_POINT('',#6352);
#6352 = CARTESIAN_POINT('',(179.73497010206,68.982933679285,
    -5.899912E-02));
#6353 = LINE('',#6354,#6355);
#6354 = CARTESIAN_POINT('',(179.5519701166,69.018933676424,-5.899912E-02
    ));
#6355 = VECTOR('',#6356,1.);
#6356 = DIRECTION('',(0.981194456491,-0.193021860293,0.));
#6357 = ORIENTED_EDGE('',*,*,#6358,.T.);
#6358 = EDGE_CURVE('',#6351,#6359,#6361,.T.);
#6359 = VERTEX_POINT('',#6360);
#6360 = CARTESIAN_POINT('',(179.90697008839,68.911933684927,
    -5.899912E-02));
#6361 = LINE('',#6362,#6363);
#6362 = CARTESIAN_POINT('',(179.73497010206,68.982933679285,
    -5.899912E-02));
#6363 = VECTOR('',#6364,1.);
#6364 = DIRECTION('',(0.924343849629,-0.381560542579,0.));
#6365 = ORIENTED_EDGE('',*,*,#6366,.T.);
#6366 = EDGE_CURVE('',#6359,#6367,#6369,.T.);
#6367 = VERTEX_POINT('',#6368);
#6368 = CARTESIAN_POINT('',(180.06197007607,68.807933693192,
    -5.899912E-02));
#6369 = LINE('',#6370,#6371);
#6370 = CARTESIAN_POINT('',(179.90697008839,68.911933684927,
    -5.899912E-02));
#6371 = VECTOR('',#6372,1.);
#6372 = DIRECTION('',(0.830398187149,-0.557170396539,0.));
#6373 = ORIENTED_EDGE('',*,*,#6374,.T.);
#6374 = EDGE_CURVE('',#6367,#6375,#6377,.T.);
#6375 = VERTEX_POINT('',#6376);
#6376 = CARTESIAN_POINT('',(180.19297006566,68.676933703603,
    -5.899912E-02));
#6377 = LINE('',#6378,#6379);
#6378 = CARTESIAN_POINT('',(180.06197007607,68.807933693192,
    -5.899912E-02));
#6379 = VECTOR('',#6380,1.);
#6380 = DIRECTION('',(0.707106781187,-0.707106781187,0.));
#6381 = ORIENTED_EDGE('',*,*,#6382,.T.);
#6382 = EDGE_CURVE('',#6375,#6383,#6385,.T.);
#6383 = VERTEX_POINT('',#6384);
#6384 = CARTESIAN_POINT('',(180.29697005739,68.521933715922,
    -5.899912E-02));
#6385 = LINE('',#6386,#6387);
#6386 = CARTESIAN_POINT('',(180.19297006566,68.676933703603,
    -5.899912E-02));
#6387 = VECTOR('',#6388,1.);
#6388 = DIRECTION('',(0.557170396539,-0.830398187149,0.));
#6389 = ORIENTED_EDGE('',*,*,#6390,.T.);
#6390 = EDGE_CURVE('',#6383,#6391,#6393,.T.);
#6391 = VERTEX_POINT('',#6392);
#6392 = CARTESIAN_POINT('',(180.36797005175,68.349933729591,
    -5.899912E-02));
#6393 = LINE('',#6394,#6395);
#6394 = CARTESIAN_POINT('',(180.29697005739,68.521933715922,
    -5.899912E-02));
#6395 = VECTOR('',#6396,1.);
#6396 = DIRECTION('',(0.381560542579,-0.924343849629,0.));
#6397 = ORIENTED_EDGE('',*,*,#6398,.T.);
#6398 = EDGE_CURVE('',#6391,#6399,#6401,.T.);
#6399 = VERTEX_POINT('',#6400);
#6400 = CARTESIAN_POINT('',(180.40397004889,68.166933744135,
    -5.899912E-02));
#6401 = LINE('',#6402,#6403);
#6402 = CARTESIAN_POINT('',(180.36797005175,68.349933729591,
    -5.899912E-02));
#6403 = VECTOR('',#6404,1.);
#6404 = DIRECTION('',(0.193021860293,-0.981194456491,0.));
#6405 = ORIENTED_EDGE('',*,*,#6406,.T.);
#6406 = EDGE_CURVE('',#6399,#6407,#6409,.T.);
#6407 = VERTEX_POINT('',#6408);
#6408 = CARTESIAN_POINT('',(180.40897004849,68.073933751526,
    -5.899912E-02));
#6409 = LINE('',#6410,#6411);
#6410 = CARTESIAN_POINT('',(180.40397004889,68.166933744135,
    -5.899912E-02));
#6411 = VECTOR('',#6412,1.);
#6412 = DIRECTION('',(5.368590708722E-02,-0.998557871823,0.));
#6413 = ORIENTED_EDGE('',*,*,#6414,.T.);
#6414 = EDGE_CURVE('',#6407,#6415,#6417,.T.);
#6415 = VERTEX_POINT('',#6416);
#6416 = CARTESIAN_POINT('',(180.40897004849,67.574933791183,
    -5.899912E-02));
#6417 = LINE('',#6418,#6419);
#6418 = CARTESIAN_POINT('',(180.40897004849,68.073933751526,
    -5.899912E-02));
#6419 = VECTOR('',#6420,1.);
#6420 = DIRECTION('',(0.,-1.,0.));
#6421 = ORIENTED_EDGE('',*,*,#6422,.T.);
#6422 = EDGE_CURVE('',#6415,#6423,#6425,.T.);
#6423 = VERTEX_POINT('',#6424);
#6424 = CARTESIAN_POINT('',(180.50297004102,66.58293387002,-5.899912E-02
    ));
#6425 = LINE('',#6426,#6427);
#6426 = CARTESIAN_POINT('',(180.40897004849,67.574933791183,
    -5.899912E-02));
#6427 = VECTOR('',#6428,1.);
#6428 = DIRECTION('',(9.433548753187E-02,-0.995540464166,0.));
#6429 = ORIENTED_EDGE('',*,*,#6430,.T.);
#6430 = EDGE_CURVE('',#6423,#6431,#6433,.T.);
#6431 = VERTEX_POINT('',#6432);
#6432 = CARTESIAN_POINT('',(180.691970026,65.602933947903,-5.899912E-02)
  );
#6433 = LINE('',#6434,#6435);
#6434 = CARTESIAN_POINT('',(180.50297004102,66.58293387002,-5.899912E-02
    ));
#6435 = VECTOR('',#6436,1.);
#6436 = DIRECTION('',(0.18936763539,-0.981906257576,0.));
#6437 = ORIENTED_EDGE('',*,*,#6438,.T.);
#6438 = EDGE_CURVE('',#6431,#6439,#6441,.T.);
#6439 = VERTEX_POINT('',#6440);
#6440 = CARTESIAN_POINT('',(180.97197000375,64.645934023959,
    -5.899912E-02));
#6441 = LINE('',#6442,#6443);
#6442 = CARTESIAN_POINT('',(180.691970026,65.602933947903,-5.899912E-02)
  );
#6443 = VECTOR('',#6444,1.);
#6444 = DIRECTION('',(0.280808629498,-0.959763780104,0.));
#6445 = ORIENTED_EDGE('',*,*,#6446,.T.);
#6446 = EDGE_CURVE('',#6439,#6447,#6449,.T.);
#6447 = VERTEX_POINT('',#6448);
#6448 = CARTESIAN_POINT('',(181.34096997442,63.71993409755,-5.899912E-02
    ));
#6449 = LINE('',#6450,#6451);
#6450 = CARTESIAN_POINT('',(180.97197000375,64.645934023959,
    -5.899912E-02));
#6451 = VECTOR('',#6452,1.);
#6452 = DIRECTION('',(0.370179605869,-0.928960203345,0.));
#6453 = ORIENTED_EDGE('',*,*,#6454,.T.);
#6454 = EDGE_CURVE('',#6447,#6455,#6457,.T.);
#6455 = VERTEX_POINT('',#6456);
#6456 = CARTESIAN_POINT('',(181.79696993818,62.832934168043,
    -5.899912E-02));
#6457 = LINE('',#6458,#6459);
#6458 = CARTESIAN_POINT('',(181.34096997442,63.71993409755,-5.899912E-02
    ));
#6459 = VECTOR('',#6460,1.);
#6460 = DIRECTION('',(0.457212075585,-0.889357699657,0.));
#6461 = ORIENTED_EDGE('',*,*,#6462,.T.);
#6462 = EDGE_CURVE('',#6455,#6463,#6465,.T.);
#6463 = VERTEX_POINT('',#6464);
#6464 = CARTESIAN_POINT('',(182.33496989543,61.9929342348,-5.899912E-02)
  );
#6465 = LINE('',#6466,#6467);
#6466 = CARTESIAN_POINT('',(181.79696993818,62.832934168043,
    -5.899912E-02));
#6467 = VECTOR('',#6468,1.);
#6468 = DIRECTION('',(0.539338139925,-0.842089289103,0.));
#6469 = ORIENTED_EDGE('',*,*,#6470,.T.);
#6470 = EDGE_CURVE('',#6463,#6471,#6473,.T.);
#6471 = VERTEX_POINT('',#6472);
#6472 = CARTESIAN_POINT('',(182.94896984663,61.207934297186,
    -5.899912E-02));
#6473 = LINE('',#6474,#6475);
#6474 = CARTESIAN_POINT('',(182.33496989543,61.9929342348,-5.899912E-02)
  );
#6475 = VECTOR('',#6476,1.);
#6476 = DIRECTION('',(0.616091794233,-0.787674362334,0.));
#6477 = ORIENTED_EDGE('',*,*,#6478,.T.);
#6478 = EDGE_CURVE('',#6471,#6479,#6481,.T.);
#6479 = VERTEX_POINT('',#6480);
#6480 = CARTESIAN_POINT('',(183.63596979203,60.484934354645,
    -5.899912E-02));
#6481 = LINE('',#6482,#6483);
#6482 = CARTESIAN_POINT('',(182.94896984663,61.207934297186,
    -5.899912E-02));
#6483 = VECTOR('',#6484,1.);
#6484 = DIRECTION('',(0.688828511296,-0.724924328482,0.));
#6485 = ORIENTED_EDGE('',*,*,#6486,.T.);
#6486 = EDGE_CURVE('',#6479,#6487,#6489,.T.);
#6487 = VERTEX_POINT('',#6488);
#6488 = CARTESIAN_POINT('',(184.38796973227,59.8299344067,-5.899912E-02)
  );
#6489 = LINE('',#6490,#6491);
#6490 = CARTESIAN_POINT('',(183.63596979203,60.484934354645,
    -5.899912E-02));
#6491 = VECTOR('',#6492,1.);
#6492 = DIRECTION('',(0.754065575447,-0.656799138189,0.));
#6493 = ORIENTED_EDGE('',*,*,#6494,.T.);
#6494 = EDGE_CURVE('',#6487,#6495,#6497,.T.);
#6495 = VERTEX_POINT('',#6496);
#6496 = CARTESIAN_POINT('',(185.1979696679,59.248934452874,-5.899912E-02
    ));
#6497 = LINE('',#6498,#6499);
#6498 = CARTESIAN_POINT('',(184.38796973227,59.8299344067,-5.899912E-02)
  );
#6499 = VECTOR('',#6500,1.);
#6500 = DIRECTION('',(0.812579565398,-0.582850280859,0.));
#6501 = ORIENTED_EDGE('',*,*,#6502,.T.);
#6502 = EDGE_CURVE('',#6495,#6503,#6505,.T.);
#6503 = VERTEX_POINT('',#6504);
#6504 = CARTESIAN_POINT('',(186.05996959939,58.746934492769,
    -5.899912E-02));
#6505 = LINE('',#6506,#6507);
#6506 = CARTESIAN_POINT('',(185.1979696679,59.248934452874,-5.899912E-02
    ));
#6507 = VECTOR('',#6508,1.);
#6508 = DIRECTION('',(0.864142271689,-0.503247587457,0.));
#6509 = ORIENTED_EDGE('',*,*,#6510,.T.);
#6510 = EDGE_CURVE('',#6503,#6511,#6513,.T.);
#6511 = VERTEX_POINT('',#6512);
#6512 = CARTESIAN_POINT('',(186.96596952739,58.329934525909,
    -5.899912E-02));
#6513 = LINE('',#6514,#6515);
#6514 = CARTESIAN_POINT('',(186.05996959939,58.746934492769,
    -5.899912E-02));
#6515 = VECTOR('',#6516,1.);
#6516 = DIRECTION('',(0.908399070506,-0.418104207948,0.));
#6517 = ORIENTED_EDGE('',*,*,#6518,.T.);
#6518 = EDGE_CURVE('',#6511,#6519,#6521,.T.);
#6519 = VERTEX_POINT('',#6520);
#6520 = CARTESIAN_POINT('',(187.9069694526,57.999934552135,-5.899912E-02
    ));
#6521 = LINE('',#6522,#6523);
#6522 = CARTESIAN_POINT('',(186.96596952739,58.329934525909,
    -5.899912E-02));
#6523 = VECTOR('',#6524,1.);
#6524 = DIRECTION('',(0.943654933306,-0.330931060564,0.));
#6525 = ORIENTED_EDGE('',*,*,#6526,.T.);
#6526 = EDGE_CURVE('',#6519,#6527,#6529,.T.);
#6527 = VERTEX_POINT('',#6528);
#6528 = CARTESIAN_POINT('',(188.87496937567,57.760934571129,
    -5.899912E-02));
#6529 = LINE('',#6530,#6531);
#6530 = CARTESIAN_POINT('',(187.9069694526,57.999934552135,-5.899912E-02
    ));
#6531 = VECTOR('',#6532,1.);
#6532 = DIRECTION('',(0.970846325041,-0.239702760005,0.));
#6533 = ORIENTED_EDGE('',*,*,#6534,.T.);
#6534 = EDGE_CURVE('',#6527,#6535,#6537,.T.);
#6535 = VERTEX_POINT('',#6536);
#6536 = CARTESIAN_POINT('',(189.86196929723,57.613934582812,
    -5.899912E-02));
#6537 = LINE('',#6538,#6539);
#6538 = CARTESIAN_POINT('',(188.87496937567,57.760934571129,
    -5.899912E-02));
#6539 = VECTOR('',#6540,1.);
#6540 = DIRECTION('',(0.989090177882,-0.147311303089,0.));
#6541 = ORIENTED_EDGE('',*,*,#6542,.T.);
#6542 = EDGE_CURVE('',#6535,#6543,#6545,.T.);
#6543 = VERTEX_POINT('',#6544);
#6544 = CARTESIAN_POINT('',(190.35896925774,57.587934584878,
    -5.899912E-02));
#6545 = LINE('',#6546,#6547);
#6546 = CARTESIAN_POINT('',(189.86196929723,57.613934582812,
    -5.899912E-02));
#6547 = VECTOR('',#6548,1.);
#6548 = DIRECTION('',(0.998634431076,-5.224244508649E-02,0.));
#6549 = ORIENTED_EDGE('',*,*,#6550,.T.);
#6550 = EDGE_CURVE('',#6543,#6551,#6553,.T.);
#6551 = VERTEX_POINT('',#6552);
#6552 = CARTESIAN_POINT('',(190.42096925281,57.59193458456,-5.899912E-02
    ));
#6553 = LINE('',#6554,#6555);
#6554 = CARTESIAN_POINT('',(190.35896925774,57.587934584878,
    -5.899912E-02));
#6555 = VECTOR('',#6556,1.);
#6556 = DIRECTION('',(0.997925308968,6.438227799796E-02,-0.));
#6557 = ORIENTED_EDGE('',*,*,#6558,.T.);
#6558 = EDGE_CURVE('',#6551,#6559,#6561,.T.);
#6559 = VERTEX_POINT('',#6560);
#6560 = CARTESIAN_POINT('',(190.53196924399,57.645934580269,
    -5.899912E-02));
#6561 = LINE('',#6562,#6563);
#6562 = CARTESIAN_POINT('',(190.42096925281,57.59193458456,-5.899912E-02
    ));
#6563 = VECTOR('',#6564,1.);
#6564 = DIRECTION('',(0.899235088746,0.437465718849,-0.));
#6565 = ORIENTED_EDGE('',*,*,#6566,.T.);
#6566 = EDGE_CURVE('',#6559,#6567,#6569,.T.);
#6567 = VERTEX_POINT('',#6568);
#6568 = CARTESIAN_POINT('',(190.61396923747,57.737934572957,
    -5.899912E-02));
#6569 = LINE('',#6570,#6571);
#6570 = CARTESIAN_POINT('',(190.53196924399,57.645934580269,
    -5.899912E-02));
#6571 = VECTOR('',#6572,1.);
#6572 = DIRECTION('',(0.665370524754,0.746513271676,-0.));
#6573 = ORIENTED_EDGE('',*,*,#6574,.T.);
#6574 = EDGE_CURVE('',#6567,#6575,#6577,.T.);
#6575 = VERTEX_POINT('',#6576);
#6576 = CARTESIAN_POINT('',(190.65396923429,57.853934563738,
    -5.899912E-02));
#6577 = LINE('',#6578,#6579);
#6578 = CARTESIAN_POINT('',(190.61396923747,57.737934572957,
    -5.899912E-02));
#6579 = VECTOR('',#6580,1.);
#6580 = DIRECTION('',(0.325990683319,0.945372981626,-0.));
#6581 = ORIENTED_EDGE('',*,*,#6582,.T.);
#6582 = EDGE_CURVE('',#6575,#6583,#6585,.T.);
#6583 = VERTEX_POINT('',#6584);
#6584 = CARTESIAN_POINT('',(190.65096923453,57.915934558811,
    -5.899912E-02));
#6585 = LINE('',#6586,#6587);
#6586 = CARTESIAN_POINT('',(190.65396923429,57.853934563738,
    -5.899912E-02));
#6587 = VECTOR('',#6588,1.);
#6588 = DIRECTION('',(-4.833055142332E-02,0.998831396082,0.));
#6589 = ORIENTED_EDGE('',*,*,#6590,.T.);
#6590 = EDGE_CURVE('',#6583,#6591,#6593,.T.);
#6591 = VERTEX_POINT('',#6592);
#6592 = CARTESIAN_POINT('',(190.6399692354,71.215933501822,-5.899912E-02
    ));
#6593 = LINE('',#6594,#6595);
#6594 = CARTESIAN_POINT('',(190.65096923453,57.915934558811,
    -5.899912E-02));
#6595 = VECTOR('',#6596,1.);
#6596 = DIRECTION('',(-8.270673862998E-04,0.99999965798,0.));
#6597 = ORIENTED_EDGE('',*,*,#6598,.T.);
#6598 = EDGE_CURVE('',#6591,#6599,#6601,.T.);
#6599 = VERTEX_POINT('',#6600);
#6600 = CARTESIAN_POINT('',(190.64296923517,71.215933501822,
    -5.899912E-02));
#6601 = LINE('',#6602,#6603);
#6602 = CARTESIAN_POINT('',(190.6399692354,71.215933501822,-5.899912E-02
    ));
#6603 = VECTOR('',#6604,1.);
#6604 = DIRECTION('',(1.,0.,-0.));
#6605 = ORIENTED_EDGE('',*,*,#6606,.T.);
#6606 = EDGE_CURVE('',#6599,#6607,#6609,.T.);
#6607 = VERTEX_POINT('',#6608);
#6608 = CARTESIAN_POINT('',(190.64796923477,71.265933497848,
    -5.899912E-02));
#6609 = LINE('',#6610,#6611);
#6610 = CARTESIAN_POINT('',(190.64296923517,71.215933501822,
    -5.899912E-02));
#6611 = VECTOR('',#6612,1.);
#6612 = DIRECTION('',(9.950371902119E-02,0.99503719021,-0.));
#6613 = ORIENTED_EDGE('',*,*,#6614,.T.);
#6614 = EDGE_CURVE('',#6607,#6615,#6617,.T.);
#6615 = VERTEX_POINT('',#6616);
#6616 = CARTESIAN_POINT('',(190.68696923167,71.358933490457,
    -5.899912E-02));
#6617 = LINE('',#6618,#6619);
#6618 = CARTESIAN_POINT('',(190.64796923477,71.265933497848,
    -5.899912E-02));
#6619 = VECTOR('',#6620,1.);
#6620 = DIRECTION('',(0.386726676251,0.922194381829,-0.));
#6621 = ORIENTED_EDGE('',*,*,#6622,.T.);
#6622 = EDGE_CURVE('',#6615,#6623,#6625,.T.);
#6623 = VERTEX_POINT('',#6624);
#6624 = CARTESIAN_POINT('',(190.75796922603,71.430933484735,
    -5.899912E-02));
#6625 = LINE('',#6626,#6627);
#6626 = CARTESIAN_POINT('',(190.68696923167,71.358933490457,
    -5.899912E-02));
#6627 = VECTOR('',#6628,1.);
#6628 = DIRECTION('',(0.702144810536,0.712034174065,-0.));
#6629 = ORIENTED_EDGE('',*,*,#6630,.T.);
#6630 = EDGE_CURVE('',#6623,#6631,#6633,.T.);
#6631 = VERTEX_POINT('',#6632);
#6632 = CARTESIAN_POINT('',(190.85096921864,71.468933481715,
    -5.899912E-02));
#6633 = LINE('',#6634,#6635);
#6634 = CARTESIAN_POINT('',(190.75796922603,71.430933484735,
    -5.899912E-02));
#6635 = VECTOR('',#6636,1.);
#6636 = DIRECTION('',(0.925705431508,0.378245230078,-0.));
#6637 = ORIENTED_EDGE('',*,*,#6638,.T.);
#6638 = EDGE_CURVE('',#6631,#6639,#6641,.T.);
#6639 = VERTEX_POINT('',#6640);
#6640 = CARTESIAN_POINT('',(190.95096921069,71.468933481715,
    -5.899912E-02));
#6641 = LINE('',#6642,#6643);
#6642 = CARTESIAN_POINT('',(190.85096921864,71.468933481715,
    -5.899912E-02));
#6643 = VECTOR('',#6644,1.);
#6644 = DIRECTION('',(1.,0.,-0.));
#6645 = ORIENTED_EDGE('',*,*,#6646,.T.);
#6646 = EDGE_CURVE('',#6639,#6647,#6649,.T.);
#6647 = VERTEX_POINT('',#6648);
#6648 = CARTESIAN_POINT('',(191.0439692033,71.430933484735,-5.899912E-02
    ));
#6649 = LINE('',#6650,#6651);
#6650 = CARTESIAN_POINT('',(190.95096921069,71.468933481715,
    -5.899912E-02));
#6651 = VECTOR('',#6652,1.);
#6652 = DIRECTION('',(0.925705431508,-0.378245230078,0.));
#6653 = ORIENTED_EDGE('',*,*,#6654,.T.);
#6654 = EDGE_CURVE('',#6647,#6655,#6657,.T.);
#6655 = VERTEX_POINT('',#6656);
#6656 = CARTESIAN_POINT('',(191.11596919758,71.358933490457,
    -5.899912E-02));
#6657 = LINE('',#6658,#6659);
#6658 = CARTESIAN_POINT('',(191.0439692033,71.430933484735,-5.899912E-02
    ));
#6659 = VECTOR('',#6660,1.);
#6660 = DIRECTION('',(0.707106781186,-0.707106781187,0.));
#6661 = ORIENTED_EDGE('',*,*,#6662,.T.);
#6662 = EDGE_CURVE('',#6655,#6663,#6665,.T.);
#6663 = VERTEX_POINT('',#6664);
#6664 = CARTESIAN_POINT('',(191.15396919456,71.265933497848,
    -5.899912E-02));
#6665 = LINE('',#6666,#6667);
#6666 = CARTESIAN_POINT('',(191.11596919758,71.358933490457,
    -5.899912E-02));
#6667 = VECTOR('',#6668,1.);
#6668 = DIRECTION('',(0.378245230079,-0.925705431508,0.));
#6669 = ORIENTED_EDGE('',*,*,#6670,.T.);
#6670 = EDGE_CURVE('',#6663,#6671,#6673,.T.);
#6671 = VERTEX_POINT('',#6672);
#6672 = CARTESIAN_POINT('',(191.15896919416,71.215933501822,
    -5.899912E-02));
#6673 = LINE('',#6674,#6675);
#6674 = CARTESIAN_POINT('',(191.15396919456,71.265933497848,
    -5.899912E-02));
#6675 = VECTOR('',#6676,1.);
#6676 = DIRECTION('',(9.950371902091E-02,-0.99503719021,0.));
#6677 = ORIENTED_EDGE('',*,*,#6678,.T.);
#6678 = EDGE_CURVE('',#6671,#6679,#6681,.T.);
#6679 = VERTEX_POINT('',#6680);
#6680 = CARTESIAN_POINT('',(191.1559691944,71.215933501822,-5.899912E-02
    ));
#6681 = LINE('',#6682,#6683);
#6682 = CARTESIAN_POINT('',(191.15896919416,71.215933501822,
    -5.899912E-02));
#6683 = VECTOR('',#6684,1.);
#6684 = DIRECTION('',(-1.,0.,0.));
#6685 = ORIENTED_EDGE('',*,*,#6686,.T.);
#6686 = EDGE_CURVE('',#6679,#6687,#6689,.T.);
#6687 = VERTEX_POINT('',#6688);
#6688 = CARTESIAN_POINT('',(191.16696919352,57.931934557539,
    -5.899912E-02));
#6689 = LINE('',#6690,#6691);
#6690 = CARTESIAN_POINT('',(191.1559691944,71.215933501822,-5.899912E-02
    ));
#6691 = VECTOR('',#6692,1.);
#6692 = DIRECTION('',(8.280635522963E-04,-0.999999657155,0.));
#6693 = ORIENTED_EDGE('',*,*,#6694,.T.);
#6694 = EDGE_CURVE('',#6687,#6695,#6697,.T.);
#6695 = VERTEX_POINT('',#6696);
#6696 = CARTESIAN_POINT('',(191.18496919209,57.844934564454,
    -5.899912E-02));
#6697 = LINE('',#6698,#6699);
#6698 = CARTESIAN_POINT('',(191.16696919352,57.931934557539,
    -5.899912E-02));
#6699 = VECTOR('',#6700,1.);
#6700 = DIRECTION('',(0.202605604036,-0.979260419507,0.));
#6701 = ORIENTED_EDGE('',*,*,#6702,.T.);
#6702 = EDGE_CURVE('',#6695,#6703,#6705,.T.);
#6703 = VERTEX_POINT('',#6704);
#6704 = CARTESIAN_POINT('',(191.28596918407,57.698934576057,
    -5.899912E-02));
#6705 = LINE('',#6706,#6707);
#6706 = CARTESIAN_POINT('',(191.18496919209,57.844934564454,
    -5.899912E-02));
#6707 = VECTOR('',#6708,1.);
#6708 = DIRECTION('',(0.568917034929,-0.822394921779,0.));
#6709 = ORIENTED_EDGE('',*,*,#6710,.T.);
#6710 = EDGE_CURVE('',#6703,#6711,#6713,.T.);
#6711 = VERTEX_POINT('',#6712);
#6712 = CARTESIAN_POINT('',(191.43496917222,57.601934583765,
    -5.899912E-02));
#6713 = LINE('',#6714,#6715);
#6714 = CARTESIAN_POINT('',(191.28596918407,57.698934576057,
    -5.899912E-02));
#6715 = VECTOR('',#6716,1.);
#6716 = DIRECTION('',(0.838057892582,-0.545581312621,0.));
#6717 = ORIENTED_EDGE('',*,*,#6718,.T.);
#6718 = EDGE_CURVE('',#6711,#6719,#6721,.T.);
#6719 = VERTEX_POINT('',#6720);
#6720 = CARTESIAN_POINT('',(191.6089691584,57.569934586309,-5.899912E-02
    ));
#6721 = LINE('',#6722,#6723);
#6722 = CARTESIAN_POINT('',(191.43496917222,57.601934583765,
    -5.899912E-02));
#6723 = VECTOR('',#6724,1.);
#6724 = DIRECTION('',(0.983506148963,-0.180874694062,0.));
#6725 = ORIENTED_EDGE('',*,*,#6726,.T.);
#6726 = EDGE_CURVE('',#6719,#6727,#6729,.T.);
#6727 = VERTEX_POINT('',#6728);
#6728 = CARTESIAN_POINT('',(191.69596915148,57.587934584878,
    -5.899912E-02));
#6729 = LINE('',#6730,#6731);
#6730 = CARTESIAN_POINT('',(191.6089691584,57.569934586309,-5.899912E-02
    ));
#6731 = VECTOR('',#6732,1.);
#6732 = DIRECTION('',(0.979260419507,0.202605604036,-0.));
#6733 = ORIENTED_EDGE('',*,*,#6734,.T.);
#6734 = EDGE_CURVE('',#6727,#6735,#6737,.T.);
#6735 = VERTEX_POINT('',#6736);
#6736 = CARTESIAN_POINT('',(192.18196911286,57.613934582812,
    -5.899912E-02));
#6737 = LINE('',#6738,#6739);
#6738 = CARTESIAN_POINT('',(191.69596915148,57.587934584878,
    -5.899912E-02));
#6739 = VECTOR('',#6740,1.);
#6740 = DIRECTION('',(0.998572049478,5.342154997207E-02,-0.));
#6741 = ORIENTED_EDGE('',*,*,#6742,.T.);
#6742 = EDGE_CURVE('',#6735,#6743,#6745,.T.);
#6743 = VERTEX_POINT('',#6744);
#6744 = CARTESIAN_POINT('',(193.14496903633,57.755934571527,
    -5.899912E-02));
#6745 = LINE('',#6746,#6747);
#6746 = CARTESIAN_POINT('',(192.18196911286,57.613934582812,
    -5.899912E-02));
#6747 = VECTOR('',#6748,1.);
#6748 = DIRECTION('',(0.989302519292,0.145878460789,-0.));
#6749 = ORIENTED_EDGE('',*,*,#6750,.T.);
#6750 = EDGE_CURVE('',#6743,#6751,#6753,.T.);
#6751 = VERTEX_POINT('',#6752);
#6752 = CARTESIAN_POINT('',(194.08996896122,57.98993455293,-5.899912E-02
    ));
#6753 = LINE('',#6754,#6755);
#6754 = CARTESIAN_POINT('',(193.14496903633,57.755934571527,
    -5.899912E-02));
#6755 = VECTOR('',#6756,1.);
#6756 = DIRECTION('',(0.970683862064,0.240359813464,-0.));
#6757 = ORIENTED_EDGE('',*,*,#6758,.T.);
#6758 = EDGE_CURVE('',#6751,#6759,#6761,.T.);
#6759 = VERTEX_POINT('',#6760);
#6760 = CARTESIAN_POINT('',(195.00896888819,58.31193452734,-5.899912E-02
    ));
#6761 = LINE('',#6762,#6763);
#6762 = CARTESIAN_POINT('',(194.08996896122,57.98993455293,-5.899912E-02
    ));
#6763 = VECTOR('',#6764,1.);
#6764 = DIRECTION('',(0.94374623203,0.330670605782,-0.));
#6765 = ORIENTED_EDGE('',*,*,#6766,.T.);
#6766 = EDGE_CURVE('',#6759,#6767,#6769,.T.);
#6767 = VERTEX_POINT('',#6768);
#6768 = CARTESIAN_POINT('',(195.89296881793,58.718934494994,
    -5.899912E-02));
#6769 = LINE('',#6770,#6771);
#6770 = CARTESIAN_POINT('',(195.00896888819,58.31193452734,-5.899912E-02
    ));
#6771 = VECTOR('',#6772,1.);
#6772 = DIRECTION('',(0.90834995776,0.418210896842,-0.));
#6773 = ORIENTED_EDGE('',*,*,#6774,.T.);
#6774 = EDGE_CURVE('',#6767,#6775,#6777,.T.);
#6775 = VERTEX_POINT('',#6776);
#6776 = CARTESIAN_POINT('',(196.7339687511,59.208934456053,-5.899912E-02
    ));
#6777 = LINE('',#6778,#6779);
#6778 = CARTESIAN_POINT('',(195.89296881793,58.718934494994,
    -5.899912E-02));
#6779 = VECTOR('',#6780,1.);
#6780 = DIRECTION('',(0.864039626505,0.503423801412,-0.));
#6781 = ORIENTED_EDGE('',*,*,#6782,.T.);
#6782 = EDGE_CURVE('',#6775,#6783,#6785,.T.);
#6783 = VERTEX_POINT('',#6784);
#6784 = CARTESIAN_POINT('',(197.52496868823,59.775934410991,
    -5.899912E-02));
#6785 = LINE('',#6786,#6787);
#6786 = CARTESIAN_POINT('',(196.7339687511,59.208934456053,-5.899912E-02
    ));
#6787 = VECTOR('',#6788,1.);
#6788 = DIRECTION('',(0.812760364587,0.582598137447,-0.));
#6789 = ORIENTED_EDGE('',*,*,#6790,.T.);
#6790 = EDGE_CURVE('',#6783,#6791,#6793,.T.);
#6791 = VERTEX_POINT('',#6792);
#6792 = CARTESIAN_POINT('',(198.2589686299,60.414934360208,-5.899912E-02
    ));
#6793 = LINE('',#6794,#6795);
#6794 = CARTESIAN_POINT('',(197.52496868823,59.775934410991,
    -5.899912E-02));
#6795 = VECTOR('',#6796,1.);
#6796 = DIRECTION('',(0.754229326613,0.656611089517,-0.));
#6797 = ORIENTED_EDGE('',*,*,#6798,.T.);
#6798 = EDGE_CURVE('',#6791,#6799,#6801,.T.);
#6799 = VERTEX_POINT('',#6800);
#6800 = CARTESIAN_POINT('',(198.92896857665,61.1209343041,-5.899912E-02)
  );
#6801 = LINE('',#6802,#6803);
#6802 = CARTESIAN_POINT('',(198.2589686299,60.414934360208,-5.899912E-02
    ));
#6803 = VECTOR('',#6804,1.);
#6804 = DIRECTION('',(0.688371342564,0.725358459478,-0.));
#6805 = ORIENTED_EDGE('',*,*,#6806,.T.);
#6806 = EDGE_CURVE('',#6799,#6807,#6809,.T.);
#6807 = VERTEX_POINT('',#6808);
#6808 = CARTESIAN_POINT('',(199.52896852897,61.887934243145,
    -5.899912E-02));
#6809 = LINE('',#6810,#6811);
#6810 = CARTESIAN_POINT('',(198.92896857665,61.1209343041,-5.899912E-02)
  );
#6811 = VECTOR('',#6812,1.);
#6812 = DIRECTION('',(0.616142113493,0.787635001749,-0.));
#6813 = ORIENTED_EDGE('',*,*,#6814,.T.);
#6814 = EDGE_CURVE('',#6807,#6815,#6817,.T.);
#6815 = VERTEX_POINT('',#6816);
#6816 = CARTESIAN_POINT('',(200.05396848725,62.706934178056,
    -5.899912E-02));
#6817 = LINE('',#6818,#6819);
#6818 = CARTESIAN_POINT('',(199.52896852897,61.887934243145,
    -5.899912E-02));
#6819 = VECTOR('',#6820,1.);
#6820 = DIRECTION('',(0.53966611472,0.841879138964,-0.));
#6821 = ORIENTED_EDGE('',*,*,#6822,.T.);
#6822 = EDGE_CURVE('',#6815,#6823,#6825,.T.);
#6823 = VERTEX_POINT('',#6824);
#6824 = CARTESIAN_POINT('',(200.49896845188,63.572934109233,
    -5.899912E-02));
#6825 = LINE('',#6826,#6827);
#6826 = CARTESIAN_POINT('',(200.05396848725,62.706934178056,
    -5.899912E-02));
#6827 = VECTOR('',#6828,1.);
#6828 = DIRECTION('',(0.457046296826,0.889442905733,-0.));
#6829 = ORIENTED_EDGE('',*,*,#6830,.T.);
#6830 = EDGE_CURVE('',#6823,#6831,#6833,.T.);
#6831 = VERTEX_POINT('',#6832);
#6832 = CARTESIAN_POINT('',(200.85996842319,64.476934037389,
    -5.899912E-02));
#6833 = LINE('',#6834,#6835);
#6834 = CARTESIAN_POINT('',(200.49896845188,63.572934109233,
    -5.899912E-02));
#6835 = VECTOR('',#6836,1.);
#6836 = DIRECTION('',(0.370859247808,0.928689085924,-0.));
#6837 = ORIENTED_EDGE('',*,*,#6838,.T.);
#6838 = EDGE_CURVE('',#6831,#6839,#6841,.T.);
#6839 = VERTEX_POINT('',#6840);
#6840 = CARTESIAN_POINT('',(201.1329684015,65.411933963082,-5.899912E-02
    ));
#6841 = LINE('',#6842,#6843);
#6842 = CARTESIAN_POINT('',(200.85996842319,64.476934037389,
    -5.899912E-02));
#6843 = VECTOR('',#6844,1.);
#6844 = DIRECTION('',(0.280275952446,0.959919470831,-0.));
#6845 = ORIENTED_EDGE('',*,*,#6846,.T.);
#6846 = EDGE_CURVE('',#6839,#6847,#6849,.T.);
#6847 = VERTEX_POINT('',#6848);
#6848 = CARTESIAN_POINT('',(201.31696838687,66.367933887106,
    -5.899912E-02));
#6849 = LINE('',#6850,#6851);
#6850 = CARTESIAN_POINT('',(201.1329684015,65.411933963082,-5.899912E-02
    ));
#6851 = VECTOR('',#6852,1.);
#6852 = DIRECTION('',(0.188999782195,0.98197712923,-0.));
#6853 = ORIENTED_EDGE('',*,*,#6854,.T.);
#6854 = EDGE_CURVE('',#6847,#6855,#6857,.T.);
#6855 = VERTEX_POINT('',#6856);
#6856 = CARTESIAN_POINT('',(201.40896837956,67.336933810097,
    -5.899912E-02));
#6857 = LINE('',#6858,#6859);
#6858 = CARTESIAN_POINT('',(201.31696838687,66.367933887106,
    -5.899912E-02));
#6859 = VECTOR('',#6860,1.);
#6860 = DIRECTION('',(9.451819233609E-02,0.995523134496,-0.));
#6861 = ORIENTED_EDGE('',*,*,#6862,.T.);
#6862 = EDGE_CURVE('',#6855,#6863,#6865,.T.);
#6863 = VERTEX_POINT('',#6864);
#6864 = CARTESIAN_POINT('',(201.40896837956,67.822933771473,
    -5.899912E-02));
#6865 = LINE('',#6866,#6867);
#6866 = CARTESIAN_POINT('',(201.40896837956,67.336933810097,
    -5.899912E-02));
#6867 = VECTOR('',#6868,1.);
#6868 = DIRECTION('',(0.,1.,-0.));
#6869 = ORIENTED_EDGE('',*,*,#6870,.T.);
#6870 = EDGE_CURVE('',#6863,#6871,#6873,.T.);
#6871 = VERTEX_POINT('',#6872);
#6872 = CARTESIAN_POINT('',(201.40896837956,77.523933000507,
    -5.899912E-02));
#6873 = LINE('',#6874,#6875);
#6874 = CARTESIAN_POINT('',(201.40896837956,67.822933771473,
    -5.899912E-02));
#6875 = VECTOR('',#6876,1.);
#6876 = DIRECTION('',(0.,1.,-0.));
#6877 = ORIENTED_EDGE('',*,*,#6878,.T.);
#6878 = EDGE_CURVE('',#6871,#6879,#6881,.T.);
#6879 = VERTEX_POINT('',#6880);
#6880 = CARTESIAN_POINT('',(193.15896903521,77.516933001063,
    -5.899912E-02));
#6881 = LINE('',#6882,#6883);
#6882 = CARTESIAN_POINT('',(201.40896837956,77.523933000507,
    -5.899912E-02));
#6883 = VECTOR('',#6884,1.);
#6884 = DIRECTION('',(-0.999999640037,-8.484845430618E-04,0.));
#6885 = ORIENTED_EDGE('',*,*,#6886,.T.);
#6886 = EDGE_CURVE('',#6879,#6887,#6889,.T.);
#6887 = VERTEX_POINT('',#6888);
#6888 = CARTESIAN_POINT('',(193.10896903919,77.521933000666,
    -5.899912E-02));
#6889 = LINE('',#6890,#6891);
#6890 = CARTESIAN_POINT('',(193.15896903521,77.516933001063,
    -5.899912E-02));
#6891 = VECTOR('',#6892,1.);
#6892 = DIRECTION('',(-0.99503719021,9.950371902102E-02,0.));
#6893 = ORIENTED_EDGE('',*,*,#6894,.T.);
#6894 = EDGE_CURVE('',#6887,#6895,#6897,.T.);
#6895 = VERTEX_POINT('',#6896);
#6896 = CARTESIAN_POINT('',(193.01596904658,77.560932997566,
    -5.899912E-02));
#6897 = LINE('',#6898,#6899);
#6898 = CARTESIAN_POINT('',(193.10896903919,77.521933000666,
    -5.899912E-02));
#6899 = VECTOR('',#6900,1.);
#6900 = DIRECTION('',(-0.922194381829,0.386726676251,0.));
#6901 = ORIENTED_EDGE('',*,*,#6902,.T.);
#6902 = EDGE_CURVE('',#6895,#6903,#6905,.T.);
#6903 = VERTEX_POINT('',#6904);
#6904 = CARTESIAN_POINT('',(192.9439690523,77.631932991924,-5.899912E-02
    ));
#6905 = LINE('',#6906,#6907);
#6906 = CARTESIAN_POINT('',(193.01596904658,77.560932997566,
    -5.899912E-02));
#6907 = VECTOR('',#6908,1.);
#6908 = DIRECTION('',(-0.712034174065,0.702144810536,0.));
#6909 = ORIENTED_EDGE('',*,*,#6910,.T.);
#6910 = EDGE_CURVE('',#6903,#6911,#6913,.T.);
#6911 = VERTEX_POINT('',#6912);
#6912 = CARTESIAN_POINT('',(192.90596905532,77.724932984533,
    -5.899912E-02));
#6913 = LINE('',#6914,#6915);
#6914 = CARTESIAN_POINT('',(192.9439690523,77.631932991924,-5.899912E-02
    ));
#6915 = VECTOR('',#6916,1.);
#6916 = DIRECTION('',(-0.378245230078,0.925705431508,0.));
#6917 = ORIENTED_EDGE('',*,*,#6918,.T.);
#6918 = EDGE_CURVE('',#6911,#6919,#6921,.T.);
#6919 = VERTEX_POINT('',#6920);
#6920 = CARTESIAN_POINT('',(192.90596905532,77.825932976506,
    -5.899912E-02));
#6921 = LINE('',#6922,#6923);
#6922 = CARTESIAN_POINT('',(192.90596905532,77.724932984533,
    -5.899912E-02));
#6923 = VECTOR('',#6924,1.);
#6924 = DIRECTION('',(0.,1.,-0.));
#6925 = ORIENTED_EDGE('',*,*,#6926,.T.);
#6926 = EDGE_CURVE('',#6919,#6927,#6929,.T.);
#6927 = VERTEX_POINT('',#6928);
#6928 = CARTESIAN_POINT('',(192.9439690523,77.918932969115,-5.899912E-02
    ));
#6929 = LINE('',#6930,#6931);
#6930 = CARTESIAN_POINT('',(192.90596905532,77.825932976506,
    -5.899912E-02));
#6931 = VECTOR('',#6932,1.);
#6932 = DIRECTION('',(0.378245230078,0.925705431508,-0.));
#6933 = ORIENTED_EDGE('',*,*,#6934,.T.);
#6934 = EDGE_CURVE('',#6927,#6935,#6937,.T.);
#6935 = VERTEX_POINT('',#6936);
#6936 = CARTESIAN_POINT('',(193.01596904658,77.989932963473,
    -5.899912E-02));
#6937 = LINE('',#6938,#6939);
#6938 = CARTESIAN_POINT('',(192.9439690523,77.918932969115,-5.899912E-02
    ));
#6939 = VECTOR('',#6940,1.);
#6940 = DIRECTION('',(0.712034174065,0.702144810536,-0.));
#6941 = ORIENTED_EDGE('',*,*,#6942,.T.);
#6942 = EDGE_CURVE('',#6935,#6943,#6945,.T.);
#6943 = VERTEX_POINT('',#6944);
#6944 = CARTESIAN_POINT('',(193.10896903919,78.027932960453,
    -5.899912E-02));
#6945 = LINE('',#6946,#6947);
#6946 = CARTESIAN_POINT('',(193.01596904658,77.989932963473,
    -5.899912E-02));
#6947 = VECTOR('',#6948,1.);
#6948 = DIRECTION('',(0.925705431508,0.378245230078,-0.));
#6949 = ORIENTED_EDGE('',*,*,#6950,.T.);
#6950 = EDGE_CURVE('',#6943,#6951,#6953,.T.);
#6951 = VERTEX_POINT('',#6952);
#6952 = CARTESIAN_POINT('',(193.15896903521,78.032932960055,
    -5.899912E-02));
#6953 = LINE('',#6954,#6955);
#6954 = CARTESIAN_POINT('',(193.10896903919,78.027932960453,
    -5.899912E-02));
#6955 = VECTOR('',#6956,1.);
#6956 = DIRECTION('',(0.99503719021,9.950371902098E-02,-0.));
#6957 = ORIENTED_EDGE('',*,*,#6958,.T.);
#6958 = EDGE_CURVE('',#6951,#6959,#6961,.T.);
#6959 = VERTEX_POINT('',#6960);
#6960 = CARTESIAN_POINT('',(201.4059683798,78.039932959499,-5.899912E-02
    ));
#6961 = LINE('',#6962,#6963);
#6962 = CARTESIAN_POINT('',(193.15896903521,78.032932960055,
    -5.899912E-02));
#6963 = VECTOR('',#6964,1.);
#6964 = DIRECTION('',(0.999999639775,8.487931949104E-04,-0.));
#6965 = ORIENTED_EDGE('',*,*,#6966,.T.);
#6966 = EDGE_CURVE('',#6959,#6967,#6969,.T.);
#6967 = VERTEX_POINT('',#6968);
#6968 = CARTESIAN_POINT('',(201.40896837956,87.781932185274,
    -5.899912E-02));
#6969 = LINE('',#6970,#6971);
#6970 = CARTESIAN_POINT('',(201.4059683798,78.039932959499,-5.899912E-02
    ));
#6971 = VECTOR('',#6972,1.);
#6972 = DIRECTION('',(3.079449658956E-04,0.999999952585,-0.));
#6973 = ORIENTED_EDGE('',*,*,#6974,.T.);
#6974 = EDGE_CURVE('',#6967,#6975,#6977,.T.);
#6975 = VERTEX_POINT('',#6976);
#6976 = CARTESIAN_POINT('',(201.40896837956,88.267932146651,
    -5.899912E-02));
#6977 = LINE('',#6978,#6979);
#6978 = CARTESIAN_POINT('',(201.40896837956,87.781932185274,
    -5.899912E-02));
#6979 = VECTOR('',#6980,1.);
#6980 = DIRECTION('',(0.,1.,-0.));
#6981 = ORIENTED_EDGE('',*,*,#6982,.T.);
#6982 = EDGE_CURVE('',#6975,#6983,#6985,.T.);
#6983 = VERTEX_POINT('',#6984);
#6984 = CARTESIAN_POINT('',(201.31696838687,89.236932069641,
    -5.899912E-02));
#6985 = LINE('',#6986,#6987);
#6986 = CARTESIAN_POINT('',(201.40896837956,88.267932146651,
    -5.899912E-02));
#6987 = VECTOR('',#6988,1.);
#6988 = DIRECTION('',(-9.451819233609E-02,0.995523134496,0.));
#6989 = ORIENTED_EDGE('',*,*,#6990,.T.);
#6990 = EDGE_CURVE('',#6983,#6991,#6993,.T.);
#6991 = VERTEX_POINT('',#6992);
#6992 = CARTESIAN_POINT('',(201.1329684015,90.191931993745,-5.899912E-02
    ));
#6993 = LINE('',#6994,#6995);
#6994 = CARTESIAN_POINT('',(201.31696838687,89.236932069641,
    -5.899912E-02));
#6995 = VECTOR('',#6996,1.);
#6996 = DIRECTION('',(-0.189190607649,0.981940382089,0.));
#6997 = ORIENTED_EDGE('',*,*,#6998,.T.);
#6998 = EDGE_CURVE('',#6991,#6999,#7001,.T.);
#6999 = VERTEX_POINT('',#7000);
#7000 = CARTESIAN_POINT('',(200.85996842319,91.124931919597,
    -5.899912E-02));
#7001 = LINE('',#7002,#7003);
#7002 = CARTESIAN_POINT('',(201.1329684015,90.191931993745,-5.899912E-02
    ));
#7003 = VECTOR('',#7004,1.);
#7004 = DIRECTION('',(-0.280829422378,0.959757696258,0.));
#7005 = ORIENTED_EDGE('',*,*,#7006,.T.);
#7006 = EDGE_CURVE('',#6999,#7007,#7009,.T.);
#7007 = VERTEX_POINT('',#7008);
#7008 = CARTESIAN_POINT('',(200.4999684518,92.028931847753,-5.899912E-02
    ));
#7009 = LINE('',#7010,#7011);
#7010 = CARTESIAN_POINT('',(200.85996842319,91.124931919597,
    -5.899912E-02));
#7011 = VECTOR('',#7012,1.);
#7012 = DIRECTION('',(-0.36997272351,0.929042616815,0.));
#7013 = ORIENTED_EDGE('',*,*,#7014,.T.);
#7014 = EDGE_CURVE('',#7007,#7015,#7017,.T.);
#7015 = VERTEX_POINT('',#7016);
#7016 = CARTESIAN_POINT('',(200.05496848717,92.893931779009,
    -5.899912E-02));
#7017 = LINE('',#7018,#7019);
#7018 = CARTESIAN_POINT('',(200.4999684518,92.028931847753,-5.899912E-02
    ));
#7019 = VECTOR('',#7020,1.);
#7020 = DIRECTION('',(-0.457464149219,0.889228065335,0.));
#7021 = ORIENTED_EDGE('',*,*,#7022,.T.);
#7022 = EDGE_CURVE('',#7015,#7023,#7025,.T.);
#7023 = VERTEX_POINT('',#7024);
#7024 = CARTESIAN_POINT('',(199.53096852881,93.712931713921,
    -5.899912E-02));
#7025 = LINE('',#7026,#7027);
#7026 = CARTESIAN_POINT('',(200.05496848717,92.893931779009,
    -5.899912E-02));
#7027 = VECTOR('',#7028,1.);
#7028 = DIRECTION('',(-0.538936948269,0.842346108076,0.));
#7029 = ORIENTED_EDGE('',*,*,#7030,.T.);
#7030 = EDGE_CURVE('',#7023,#7031,#7033,.T.);
#7031 = VERTEX_POINT('',#7032);
#7032 = CARTESIAN_POINT('',(198.9309685765,94.478931653045,-5.899912E-02
    ));
#7033 = LINE('',#7034,#7035);
#7034 = CARTESIAN_POINT('',(199.53096852881,93.712931713921,
    -5.899912E-02));
#7035 = VECTOR('',#7036,1.);
#7036 = DIRECTION('',(-0.61664074451,0.787244683825,0.));
#7037 = ORIENTED_EDGE('',*,*,#7038,.T.);
#7038 = EDGE_CURVE('',#7031,#7039,#7041,.T.);
#7039 = VERTEX_POINT('',#7040);
#7040 = CARTESIAN_POINT('',(198.26096862974,95.184931596937,
    -5.899912E-02));
#7041 = LINE('',#7042,#7043);
#7042 = CARTESIAN_POINT('',(198.9309685765,94.478931653045,-5.899912E-02
    ));
#7043 = VECTOR('',#7044,1.);
#7044 = DIRECTION('',(-0.688371342564,0.725358459478,0.));
#7045 = ORIENTED_EDGE('',*,*,#7046,.T.);
#7046 = EDGE_CURVE('',#7039,#7047,#7049,.T.);
#7047 = VERTEX_POINT('',#7048);
#7048 = CARTESIAN_POINT('',(197.527968688,95.823931546154,-5.899912E-02)
  );
#7049 = LINE('',#7050,#7051);
#7050 = CARTESIAN_POINT('',(198.26096862974,95.184931596937,
    -5.899912E-02));
#7051 = VECTOR('',#7052,1.);
#7052 = DIRECTION('',(-0.753785790701,0.657120218633,0.));
#7053 = ORIENTED_EDGE('',*,*,#7054,.T.);
#7054 = EDGE_CURVE('',#7047,#7055,#7057,.T.);
#7055 = VERTEX_POINT('',#7056);
#7056 = CARTESIAN_POINT('',(196.73696875086,96.389931501172,
    -5.899912E-02));
#7057 = LINE('',#7058,#7059);
#7058 = CARTESIAN_POINT('',(197.527968688,95.823931546154,-5.899912E-02)
  );
#7059 = VECTOR('',#7060,1.);
#7060 = DIRECTION('',(-0.813246911068,0.581918775808,0.));
#7061 = ORIENTED_EDGE('',*,*,#7062,.T.);
#7062 = EDGE_CURVE('',#7055,#7063,#7065,.T.);
#7063 = VERTEX_POINT('',#7064);
#7064 = CARTESIAN_POINT('',(195.89696881762,96.87993146223,-5.899912E-02
    ));
#7065 = LINE('',#7066,#7067);
#7066 = CARTESIAN_POINT('',(196.73696875086,96.389931501172,
    -5.899912E-02));
#7067 = VECTOR('',#7068,1.);
#7068 = DIRECTION('',(-0.863778900898,0.503871025524,0.));
#7069 = ORIENTED_EDGE('',*,*,#7070,.T.);
#7070 = EDGE_CURVE('',#7063,#7071,#7073,.T.);
#7071 = VERTEX_POINT('',#7072);
#7072 = CARTESIAN_POINT('',(195.01296888787,97.286931429885,
    -5.899912E-02));
#7073 = LINE('',#7074,#7075);
#7074 = CARTESIAN_POINT('',(195.89696881762,96.87993146223,-5.899912E-02
    ));
#7075 = VECTOR('',#7076,1.);
#7076 = DIRECTION('',(-0.90834995776,0.418210896842,0.));
#7077 = ORIENTED_EDGE('',*,*,#7078,.T.);
#7078 = EDGE_CURVE('',#7071,#7079,#7081,.T.);
#7079 = VERTEX_POINT('',#7080);
#7080 = CARTESIAN_POINT('',(194.09496896083,97.608931404294,
    -5.899912E-02));
#7081 = LINE('',#7082,#7083);
#7082 = CARTESIAN_POINT('',(195.01296888787,97.286931429885,
    -5.899912E-02));
#7083 = VECTOR('',#7084,1.);
#7084 = DIRECTION('',(-0.943633781222,0.330991369884,0.));
#7085 = ORIENTED_EDGE('',*,*,#7086,.T.);
#7086 = EDGE_CURVE('',#7079,#7087,#7089,.T.);
#7087 = VERTEX_POINT('',#7088);
#7088 = CARTESIAN_POINT('',(193.15096903585,97.841931385777,
    -5.899912E-02));
#7089 = LINE('',#7090,#7091);
#7090 = CARTESIAN_POINT('',(194.09496896083,97.608931404294,
    -5.899912E-02));
#7091 = VECTOR('',#7092,1.);
#7092 = DIRECTION('',(-0.970864124295,0.239630657797,0.));
#7093 = ORIENTED_EDGE('',*,*,#7094,.T.);
#7094 = EDGE_CURVE('',#7087,#7095,#7097,.T.);
#7095 = VERTEX_POINT('',#7096);
#7096 = CARTESIAN_POINT('',(192.1889691123,97.984931374413,-5.899912E-02
    ));
#7097 = LINE('',#7098,#7099);
#7098 = CARTESIAN_POINT('',(193.15096903585,97.841931385777,
    -5.899912E-02));
#7099 = VECTOR('',#7100,1.);
#7100 = DIRECTION('',(-0.989131576527,0.147033072186,0.));
#7101 = ORIENTED_EDGE('',*,*,#7102,.T.);
#7102 = EDGE_CURVE('',#7095,#7103,#7105,.T.);
#7103 = VERTEX_POINT('',#7104);
#7104 = CARTESIAN_POINT('',(191.70296915093,98.009931372426,
    -5.899912E-02));
#7105 = LINE('',#7106,#7107);
#7106 = CARTESIAN_POINT('',(192.1889691123,97.984931374413,-5.899912E-02
    ));
#7107 = VECTOR('',#7108,1.);
#7108 = DIRECTION('',(-0.998679566195,5.137240566848E-02,0.));
#7109 = ORIENTED_EDGE('',*,*,#7110,.T.);
#7110 = EDGE_CURVE('',#7103,#5912,#7111,.T.);
#7111 = LINE('',#7112,#7113);
#7112 = CARTESIAN_POINT('',(191.70296915093,98.009931372426,
    -5.899912E-02));
#7113 = VECTOR('',#7114,1.);
#7114 = DIRECTION('',(-0.98489232157,0.173167880716,0.));
#7115 = PLANE('',#7116);
#7116 = AXIS2_PLACEMENT_3D('',#7117,#7118,#7119);
#7117 = CARTESIAN_POINT('',(189.98786096537,77.795600586978,
    -5.899912E-02));
#7118 = DIRECTION('',(-0.,-0.,-1.));
#7119 = DIRECTION('',(-1.,0.,0.));
#7120 = ADVANCED_FACE('',(#7121),#7132,.F.);
#7121 = FACE_BOUND('',#7122,.F.);
#7122 = EDGE_LOOP('',(#7123,#7124,#7125,#7126));
#7123 = ORIENTED_EDGE('',*,*,#5888,.T.);
#7124 = ORIENTED_EDGE('',*,*,#5919,.T.);
#7125 = ORIENTED_EDGE('',*,*,#7110,.F.);
#7126 = ORIENTED_EDGE('',*,*,#7127,.F.);
#7127 = EDGE_CURVE('',#5881,#7103,#7128,.T.);
#7128 = LINE('',#7129,#7130);
#7129 = CARTESIAN_POINT('',(191.70296915093,98.009931372426,9.99998E-03)
  );
#7130 = VECTOR('',#7131,1.);
#7131 = DIRECTION('',(0.,0.,-1.));
#7132 = PLANE('',#7133);
#7133 = AXIS2_PLACEMENT_3D('',#7134,#7135,#7136);
#7134 = CARTESIAN_POINT('',(191.65746915454,98.01793137179,-2.449957E-02
    ));
#7135 = DIRECTION('',(-0.173167880716,-0.98489232157,3.210071939224E-18)
  );
#7136 = DIRECTION('',(-0.98489232157,0.173167880716,0.));
#7137 = ADVANCED_FACE('',(#7138),#7149,.F.);
#7138 = FACE_BOUND('',#7139,.F.);
#7139 = EDGE_LOOP('',(#7140,#7141,#7142,#7143));
#7140 = ORIENTED_EDGE('',*,*,#5880,.T.);
#7141 = ORIENTED_EDGE('',*,*,#7127,.T.);
#7142 = ORIENTED_EDGE('',*,*,#7102,.F.);
#7143 = ORIENTED_EDGE('',*,*,#7144,.F.);
#7144 = EDGE_CURVE('',#5873,#7095,#7145,.T.);
#7145 = LINE('',#7146,#7147);
#7146 = CARTESIAN_POINT('',(192.1889691123,97.984931374413,9.99998E-03)
  );
#7147 = VECTOR('',#7148,1.);
#7148 = DIRECTION('',(0.,0.,-1.));
#7149 = PLANE('',#7150);
#7150 = AXIS2_PLACEMENT_3D('',#7151,#7152,#7153);
#7151 = CARTESIAN_POINT('',(191.94596913161,97.997431373419,
    -2.449957E-02));
#7152 = DIRECTION('',(-5.137240566849E-02,-0.998679566195,-0.));
#7153 = DIRECTION('',(-0.998679566195,5.137240566849E-02,0.));
#7154 = ADVANCED_FACE('',(#7155),#7166,.F.);
#7155 = FACE_BOUND('',#7156,.F.);
#7156 = EDGE_LOOP('',(#7157,#7158,#7159,#7160));
#7157 = ORIENTED_EDGE('',*,*,#5872,.T.);
#7158 = ORIENTED_EDGE('',*,*,#7144,.T.);
#7159 = ORIENTED_EDGE('',*,*,#7094,.F.);
#7160 = ORIENTED_EDGE('',*,*,#7161,.F.);
#7161 = EDGE_CURVE('',#5865,#7087,#7162,.T.);
#7162 = LINE('',#7163,#7164);
#7163 = CARTESIAN_POINT('',(193.15096903585,97.841931385777,9.99998E-03)
  );
#7164 = VECTOR('',#7165,1.);
#7165 = DIRECTION('',(0.,0.,-1.));
#7166 = PLANE('',#7167);
#7167 = AXIS2_PLACEMENT_3D('',#7168,#7169,#7170);
#7168 = CARTESIAN_POINT('',(192.66996907408,97.913431380095,
    -2.449957E-02));
#7169 = DIRECTION('',(-0.147033072186,-0.989131576527,-0.));
#7170 = DIRECTION('',(-0.989131576527,0.147033072186,0.));
#7171 = ADVANCED_FACE('',(#7172),#7183,.F.);
#7172 = FACE_BOUND('',#7173,.F.);
#7173 = EDGE_LOOP('',(#7174,#7175,#7176,#7177));
#7174 = ORIENTED_EDGE('',*,*,#5864,.T.);
#7175 = ORIENTED_EDGE('',*,*,#7161,.T.);
#7176 = ORIENTED_EDGE('',*,*,#7086,.F.);
#7177 = ORIENTED_EDGE('',*,*,#7178,.F.);
#7178 = EDGE_CURVE('',#5857,#7079,#7179,.T.);
#7179 = LINE('',#7180,#7181);
#7180 = CARTESIAN_POINT('',(194.09496896083,97.608931404294,9.99998E-03)
  );
#7181 = VECTOR('',#7182,1.);
#7182 = DIRECTION('',(0.,0.,-1.));
#7183 = PLANE('',#7184);
#7184 = AXIS2_PLACEMENT_3D('',#7185,#7186,#7187);
#7185 = CARTESIAN_POINT('',(193.62296899834,97.725431395036,
    -2.449957E-02));
#7186 = DIRECTION('',(-0.239630657797,-0.970864124295,-0.));
#7187 = DIRECTION('',(-0.970864124295,0.239630657797,0.));
#7188 = ADVANCED_FACE('',(#7189),#7200,.F.);
#7189 = FACE_BOUND('',#7190,.F.);
#7190 = EDGE_LOOP('',(#7191,#7192,#7193,#7194));
#7191 = ORIENTED_EDGE('',*,*,#5856,.T.);
#7192 = ORIENTED_EDGE('',*,*,#7178,.T.);
#7193 = ORIENTED_EDGE('',*,*,#7078,.F.);
#7194 = ORIENTED_EDGE('',*,*,#7195,.F.);
#7195 = EDGE_CURVE('',#5849,#7071,#7196,.T.);
#7196 = LINE('',#7197,#7198);
#7197 = CARTESIAN_POINT('',(195.01296888787,97.286931429885,9.99998E-03)
  );
#7198 = VECTOR('',#7199,1.);
#7199 = DIRECTION('',(0.,0.,-1.));
#7200 = PLANE('',#7201);
#7201 = AXIS2_PLACEMENT_3D('',#7202,#7203,#7204);
#7202 = CARTESIAN_POINT('',(194.55396892435,97.44793141709,-2.449957E-02
    ));
#7203 = DIRECTION('',(-0.330991369884,-0.943633781222,-1.21315926824E-17
    ));
#7204 = DIRECTION('',(-0.943633781222,0.330991369884,7.703719777549E-34)
  );
#7205 = ADVANCED_FACE('',(#7206),#7217,.F.);
#7206 = FACE_BOUND('',#7207,.F.);
#7207 = EDGE_LOOP('',(#7208,#7209,#7210,#7211));
#7208 = ORIENTED_EDGE('',*,*,#5848,.T.);
#7209 = ORIENTED_EDGE('',*,*,#7195,.T.);
#7210 = ORIENTED_EDGE('',*,*,#7070,.F.);
#7211 = ORIENTED_EDGE('',*,*,#7212,.F.);
#7212 = EDGE_CURVE('',#5841,#7063,#7213,.T.);
#7213 = LINE('',#7214,#7215);
#7214 = CARTESIAN_POINT('',(195.89696881762,96.87993146223,9.99998E-03)
  );
#7215 = VECTOR('',#7216,1.);
#7216 = DIRECTION('',(0.,0.,-1.));
#7217 = PLANE('',#7218);
#7218 = AXIS2_PLACEMENT_3D('',#7219,#7220,#7221);
#7219 = CARTESIAN_POINT('',(195.45496885274,97.083431446057,
    -2.449957E-02));
#7220 = DIRECTION('',(-0.418210896842,-0.90834995776,3.059169885341E-18)
  );
#7221 = DIRECTION('',(-0.90834995776,0.418210896842,0.));
#7222 = ADVANCED_FACE('',(#7223),#7234,.F.);
#7223 = FACE_BOUND('',#7224,.F.);
#7224 = EDGE_LOOP('',(#7225,#7226,#7227,#7228));
#7225 = ORIENTED_EDGE('',*,*,#5840,.T.);
#7226 = ORIENTED_EDGE('',*,*,#7212,.T.);
#7227 = ORIENTED_EDGE('',*,*,#7062,.F.);
#7228 = ORIENTED_EDGE('',*,*,#7229,.F.);
#7229 = EDGE_CURVE('',#5833,#7055,#7230,.T.);
#7230 = LINE('',#7231,#7232);
#7231 = CARTESIAN_POINT('',(196.73696875086,96.389931501172,9.99998E-03)
  );
#7232 = VECTOR('',#7233,1.);
#7233 = DIRECTION('',(0.,0.,-1.));
#7234 = PLANE('',#7235);
#7235 = AXIS2_PLACEMENT_3D('',#7236,#7237,#7238);
#7236 = CARTESIAN_POINT('',(196.31696878424,96.634931481701,
    -2.449957E-02));
#7237 = DIRECTION('',(-0.503871025524,-0.863778900898,-0.));
#7238 = DIRECTION('',(-0.863778900898,0.503871025524,0.));
#7239 = ADVANCED_FACE('',(#7240),#7251,.F.);
#7240 = FACE_BOUND('',#7241,.F.);
#7241 = EDGE_LOOP('',(#7242,#7243,#7244,#7245));
#7242 = ORIENTED_EDGE('',*,*,#5832,.T.);
#7243 = ORIENTED_EDGE('',*,*,#7229,.T.);
#7244 = ORIENTED_EDGE('',*,*,#7054,.F.);
#7245 = ORIENTED_EDGE('',*,*,#7246,.F.);
#7246 = EDGE_CURVE('',#5825,#7047,#7247,.T.);
#7247 = LINE('',#7248,#7249);
#7248 = CARTESIAN_POINT('',(197.527968688,95.823931546154,9.99998E-03));
#7249 = VECTOR('',#7250,1.);
#7250 = DIRECTION('',(0.,0.,-1.));
#7251 = PLANE('',#7252);
#7252 = AXIS2_PLACEMENT_3D('',#7253,#7254,#7255);
#7253 = CARTESIAN_POINT('',(197.13246871943,96.106931523663,
    -2.449957E-02));
#7254 = DIRECTION('',(-0.581918775808,-0.813246911068,-0.));
#7255 = DIRECTION('',(-0.813246911068,0.581918775808,0.));
#7256 = ADVANCED_FACE('',(#7257),#7268,.F.);
#7257 = FACE_BOUND('',#7258,.F.);
#7258 = EDGE_LOOP('',(#7259,#7260,#7261,#7262));
#7259 = ORIENTED_EDGE('',*,*,#5824,.T.);
#7260 = ORIENTED_EDGE('',*,*,#7246,.T.);
#7261 = ORIENTED_EDGE('',*,*,#7046,.F.);
#7262 = ORIENTED_EDGE('',*,*,#7263,.F.);
#7263 = EDGE_CURVE('',#5817,#7039,#7264,.T.);
#7264 = LINE('',#7265,#7266);
#7265 = CARTESIAN_POINT('',(198.26096862974,95.184931596937,9.99998E-03)
  );
#7266 = VECTOR('',#7267,1.);
#7267 = DIRECTION('',(0.,0.,-1.));
#7268 = PLANE('',#7269);
#7269 = AXIS2_PLACEMENT_3D('',#7270,#7271,#7272);
#7270 = CARTESIAN_POINT('',(197.89446865887,95.504431571545,
    -2.449957E-02));
#7271 = DIRECTION('',(-0.657120218633,-0.753785790701,
    -7.806638930134E-18));
#7272 = DIRECTION('',(-0.753785790701,0.657120218633,0.));
#7273 = ADVANCED_FACE('',(#7274),#7285,.F.);
#7274 = FACE_BOUND('',#7275,.F.);
#7275 = EDGE_LOOP('',(#7276,#7277,#7278,#7279));
#7276 = ORIENTED_EDGE('',*,*,#5816,.T.);
#7277 = ORIENTED_EDGE('',*,*,#7263,.T.);
#7278 = ORIENTED_EDGE('',*,*,#7038,.F.);
#7279 = ORIENTED_EDGE('',*,*,#7280,.F.);
#7280 = EDGE_CURVE('',#5809,#7031,#7281,.T.);
#7281 = LINE('',#7282,#7283);
#7282 = CARTESIAN_POINT('',(198.9309685765,94.478931653045,9.99998E-03)
  );
#7283 = VECTOR('',#7284,1.);
#7284 = DIRECTION('',(0.,0.,-1.));
#7285 = PLANE('',#7286);
#7286 = AXIS2_PLACEMENT_3D('',#7287,#7288,#7289);
#7287 = CARTESIAN_POINT('',(198.59596860312,94.831931624991,
    -2.449957E-02));
#7288 = DIRECTION('',(-0.725358459478,-0.688371342564,-0.));
#7289 = DIRECTION('',(0.688371342564,-0.725358459478,0.));
#7290 = ADVANCED_FACE('',(#7291),#7302,.F.);
#7291 = FACE_BOUND('',#7292,.F.);
#7292 = EDGE_LOOP('',(#7293,#7294,#7295,#7296));
#7293 = ORIENTED_EDGE('',*,*,#5808,.T.);
#7294 = ORIENTED_EDGE('',*,*,#7280,.T.);
#7295 = ORIENTED_EDGE('',*,*,#7030,.F.);
#7296 = ORIENTED_EDGE('',*,*,#7297,.F.);
#7297 = EDGE_CURVE('',#5801,#7023,#7298,.T.);
#7298 = LINE('',#7299,#7300);
#7299 = CARTESIAN_POINT('',(199.53096852881,93.712931713921,9.99998E-03)
  );
#7300 = VECTOR('',#7301,1.);
#7301 = DIRECTION('',(0.,0.,-1.));
#7302 = PLANE('',#7303);
#7303 = AXIS2_PLACEMENT_3D('',#7304,#7305,#7306);
#7304 = CARTESIAN_POINT('',(199.23096855265,94.095931683483,
    -2.449957E-02));
#7305 = DIRECTION('',(-0.787244683825,-0.61664074451,2.619974272091E-16)
  );
#7306 = DIRECTION('',(0.61664074451,-0.787244683825,0.));
#7307 = ADVANCED_FACE('',(#7308),#7319,.F.);
#7308 = FACE_BOUND('',#7309,.F.);
#7309 = EDGE_LOOP('',(#7310,#7311,#7312,#7313));
#7310 = ORIENTED_EDGE('',*,*,#5800,.T.);
#7311 = ORIENTED_EDGE('',*,*,#7297,.T.);
#7312 = ORIENTED_EDGE('',*,*,#7022,.F.);
#7313 = ORIENTED_EDGE('',*,*,#7314,.F.);
#7314 = EDGE_CURVE('',#5793,#7015,#7315,.T.);
#7315 = LINE('',#7316,#7317);
#7316 = CARTESIAN_POINT('',(200.05496848717,92.893931779009,9.99998E-03)
  );
#7317 = VECTOR('',#7318,1.);
#7318 = DIRECTION('',(0.,0.,-1.));
#7319 = PLANE('',#7320);
#7320 = AXIS2_PLACEMENT_3D('',#7321,#7322,#7323);
#7321 = CARTESIAN_POINT('',(199.79296850799,93.303431746465,
    -2.449957E-02));
#7322 = DIRECTION('',(-0.842346108076,-0.538936948269,-0.));
#7323 = DIRECTION('',(0.538936948269,-0.842346108076,0.));
#7324 = ADVANCED_FACE('',(#7325),#7336,.F.);
#7325 = FACE_BOUND('',#7326,.F.);
#7326 = EDGE_LOOP('',(#7327,#7328,#7329,#7330));
#7327 = ORIENTED_EDGE('',*,*,#5792,.T.);
#7328 = ORIENTED_EDGE('',*,*,#7314,.T.);
#7329 = ORIENTED_EDGE('',*,*,#7014,.F.);
#7330 = ORIENTED_EDGE('',*,*,#7331,.F.);
#7331 = EDGE_CURVE('',#5785,#7007,#7332,.T.);
#7332 = LINE('',#7333,#7334);
#7333 = CARTESIAN_POINT('',(200.4999684518,92.028931847753,9.99998E-03)
  );
#7334 = VECTOR('',#7335,1.);
#7335 = DIRECTION('',(0.,0.,-1.));
#7336 = PLANE('',#7337);
#7337 = AXIS2_PLACEMENT_3D('',#7338,#7339,#7340);
#7338 = CARTESIAN_POINT('',(200.27746846949,92.461431813381,
    -2.449957E-02));
#7339 = DIRECTION('',(-0.889228065335,-0.457464149219,-0.));
#7340 = DIRECTION('',(0.457464149219,-0.889228065335,0.));
#7341 = ADVANCED_FACE('',(#7342),#7353,.F.);
#7342 = FACE_BOUND('',#7343,.F.);
#7343 = EDGE_LOOP('',(#7344,#7345,#7346,#7347));
#7344 = ORIENTED_EDGE('',*,*,#5784,.T.);
#7345 = ORIENTED_EDGE('',*,*,#7331,.T.);
#7346 = ORIENTED_EDGE('',*,*,#7006,.F.);
#7347 = ORIENTED_EDGE('',*,*,#7348,.F.);
#7348 = EDGE_CURVE('',#5777,#6999,#7349,.T.);
#7349 = LINE('',#7350,#7351);
#7350 = CARTESIAN_POINT('',(200.85996842319,91.124931919597,9.99998E-03)
  );
#7351 = VECTOR('',#7352,1.);
#7352 = DIRECTION('',(0.,0.,-1.));
#7353 = PLANE('',#7354);
#7354 = AXIS2_PLACEMENT_3D('',#7355,#7356,#7357);
#7355 = CARTESIAN_POINT('',(200.6799684375,91.576931883675,-2.449957E-02
    ));
#7356 = DIRECTION('',(-0.929042616815,-0.36997272351,-0.));
#7357 = DIRECTION('',(0.36997272351,-0.929042616815,0.));
#7358 = ADVANCED_FACE('',(#7359),#7370,.F.);
#7359 = FACE_BOUND('',#7360,.F.);
#7360 = EDGE_LOOP('',(#7361,#7362,#7363,#7364));
#7361 = ORIENTED_EDGE('',*,*,#5776,.T.);
#7362 = ORIENTED_EDGE('',*,*,#7348,.T.);
#7363 = ORIENTED_EDGE('',*,*,#6998,.F.);
#7364 = ORIENTED_EDGE('',*,*,#7365,.F.);
#7365 = EDGE_CURVE('',#5769,#6991,#7366,.T.);
#7366 = LINE('',#7367,#7368);
#7367 = CARTESIAN_POINT('',(201.1329684015,90.191931993745,9.99998E-03)
  );
#7368 = VECTOR('',#7369,1.);
#7369 = DIRECTION('',(0.,0.,-1.));
#7370 = PLANE('',#7371);
#7371 = AXIS2_PLACEMENT_3D('',#7372,#7373,#7374);
#7372 = CARTESIAN_POINT('',(200.99646841234,90.658431956671,
    -2.449957E-02));
#7373 = DIRECTION('',(-0.959757696258,-0.280829422378,-0.));
#7374 = DIRECTION('',(0.280829422378,-0.959757696258,0.));
#7375 = ADVANCED_FACE('',(#7376),#7387,.F.);
#7376 = FACE_BOUND('',#7377,.F.);
#7377 = EDGE_LOOP('',(#7378,#7379,#7380,#7381));
#7378 = ORIENTED_EDGE('',*,*,#5768,.T.);
#7379 = ORIENTED_EDGE('',*,*,#7365,.T.);
#7380 = ORIENTED_EDGE('',*,*,#6990,.F.);
#7381 = ORIENTED_EDGE('',*,*,#7382,.F.);
#7382 = EDGE_CURVE('',#5761,#6983,#7383,.T.);
#7383 = LINE('',#7384,#7385);
#7384 = CARTESIAN_POINT('',(201.31696838687,89.236932069641,9.99998E-03)
  );
#7385 = VECTOR('',#7386,1.);
#7386 = DIRECTION('',(0.,0.,-1.));
#7387 = PLANE('',#7388);
#7388 = AXIS2_PLACEMENT_3D('',#7389,#7390,#7391);
#7389 = CARTESIAN_POINT('',(201.22496839418,89.714432031693,
    -2.449957E-02));
#7390 = DIRECTION('',(-0.981940382089,-0.189190607649,-0.));
#7391 = DIRECTION('',(0.189190607649,-0.981940382089,0.));
#7392 = ADVANCED_FACE('',(#7393),#7404,.F.);
#7393 = FACE_BOUND('',#7394,.F.);
#7394 = EDGE_LOOP('',(#7395,#7396,#7397,#7398));
#7395 = ORIENTED_EDGE('',*,*,#5760,.T.);
#7396 = ORIENTED_EDGE('',*,*,#7382,.T.);
#7397 = ORIENTED_EDGE('',*,*,#6982,.F.);
#7398 = ORIENTED_EDGE('',*,*,#7399,.F.);
#7399 = EDGE_CURVE('',#5753,#6975,#7400,.T.);
#7400 = LINE('',#7401,#7402);
#7401 = CARTESIAN_POINT('',(201.40896837956,88.267932146651,9.99998E-03)
  );
#7402 = VECTOR('',#7403,1.);
#7403 = DIRECTION('',(0.,0.,-1.));
#7404 = PLANE('',#7405);
#7405 = AXIS2_PLACEMENT_3D('',#7406,#7407,#7408);
#7406 = CARTESIAN_POINT('',(201.36296838322,88.752432108146,
    -2.449957E-02));
#7407 = DIRECTION('',(-0.995523134496,-9.451819233609E-02,-0.));
#7408 = DIRECTION('',(9.451819233609E-02,-0.995523134496,0.));
#7409 = ADVANCED_FACE('',(#7410),#7421,.F.);
#7410 = FACE_BOUND('',#7411,.F.);
#7411 = EDGE_LOOP('',(#7412,#7413,#7414,#7415));
#7412 = ORIENTED_EDGE('',*,*,#5752,.T.);
#7413 = ORIENTED_EDGE('',*,*,#7399,.T.);
#7414 = ORIENTED_EDGE('',*,*,#6974,.F.);
#7415 = ORIENTED_EDGE('',*,*,#7416,.F.);
#7416 = EDGE_CURVE('',#5745,#6967,#7417,.T.);
#7417 = LINE('',#7418,#7419);
#7418 = CARTESIAN_POINT('',(201.40896837956,87.781932185274,9.99998E-03)
  );
#7419 = VECTOR('',#7420,1.);
#7420 = DIRECTION('',(0.,0.,-1.));
#7421 = PLANE('',#7422);
#7422 = AXIS2_PLACEMENT_3D('',#7423,#7424,#7425);
#7423 = CARTESIAN_POINT('',(201.40896837956,88.024932165962,
    -2.449957E-02));
#7424 = DIRECTION('',(-1.,1.367267735172E-26,-0.));
#7425 = DIRECTION('',(-1.367267735172E-26,-1.,0.));
#7426 = ADVANCED_FACE('',(#7427),#7438,.F.);
#7427 = FACE_BOUND('',#7428,.F.);
#7428 = EDGE_LOOP('',(#7429,#7430,#7431,#7432));
#7429 = ORIENTED_EDGE('',*,*,#5744,.T.);
#7430 = ORIENTED_EDGE('',*,*,#7416,.T.);
#7431 = ORIENTED_EDGE('',*,*,#6966,.F.);
#7432 = ORIENTED_EDGE('',*,*,#7433,.F.);
#7433 = EDGE_CURVE('',#5737,#6959,#7434,.T.);
#7434 = LINE('',#7435,#7436);
#7435 = CARTESIAN_POINT('',(201.4059683798,78.039932959499,9.99998E-03)
  );
#7436 = VECTOR('',#7437,1.);
#7437 = DIRECTION('',(0.,0.,-1.));
#7438 = PLANE('',#7439);
#7439 = AXIS2_PLACEMENT_3D('',#7440,#7441,#7442);
#7440 = CARTESIAN_POINT('',(201.40746837968,82.910932572387,
    -2.449957E-02));
#7441 = DIRECTION('',(-0.999999952585,3.079449658959E-04,-0.));
#7442 = DIRECTION('',(-3.079449658959E-04,-0.999999952585,0.));
#7443 = ADVANCED_FACE('',(#7444),#7455,.F.);
#7444 = FACE_BOUND('',#7445,.F.);
#7445 = EDGE_LOOP('',(#7446,#7447,#7448,#7449));
#7446 = ORIENTED_EDGE('',*,*,#5736,.T.);
#7447 = ORIENTED_EDGE('',*,*,#7433,.T.);
#7448 = ORIENTED_EDGE('',*,*,#6958,.F.);
#7449 = ORIENTED_EDGE('',*,*,#7450,.F.);
#7450 = EDGE_CURVE('',#5729,#6951,#7451,.T.);
#7451 = LINE('',#7452,#7453);
#7452 = CARTESIAN_POINT('',(193.15896903521,78.032932960055,9.99998E-03)
  );
#7453 = VECTOR('',#7454,1.);
#7454 = DIRECTION('',(0.,0.,-1.));
#7455 = PLANE('',#7456);
#7456 = AXIS2_PLACEMENT_3D('',#7457,#7458,#7459);
#7457 = CARTESIAN_POINT('',(197.28246870751,78.036432959777,
    -2.449957E-02));
#7458 = DIRECTION('',(-8.487931949106E-04,0.999999639775,
    -1.154224560868E-20));
#7459 = DIRECTION('',(0.999999639775,8.487931949106E-04,
    -1.469367938528E-39));
#7460 = ADVANCED_FACE('',(#7461),#7472,.F.);
#7461 = FACE_BOUND('',#7462,.F.);
#7462 = EDGE_LOOP('',(#7463,#7464,#7465,#7466));
#7463 = ORIENTED_EDGE('',*,*,#5728,.T.);
#7464 = ORIENTED_EDGE('',*,*,#7450,.T.);
#7465 = ORIENTED_EDGE('',*,*,#6950,.F.);
#7466 = ORIENTED_EDGE('',*,*,#7467,.F.);
#7467 = EDGE_CURVE('',#5721,#6943,#7468,.T.);
#7468 = LINE('',#7469,#7470);
#7469 = CARTESIAN_POINT('',(193.10896903919,78.027932960453,9.99998E-03)
  );
#7470 = VECTOR('',#7471,1.);
#7471 = DIRECTION('',(0.,0.,-1.));
#7472 = PLANE('',#7473);
#7473 = AXIS2_PLACEMENT_3D('',#7474,#7475,#7476);
#7474 = CARTESIAN_POINT('',(193.1339690372,78.030432960254,-2.449957E-02
    ));
#7475 = DIRECTION('',(-9.950371902094E-02,0.99503719021,
    1.311152869365E-18));
#7476 = DIRECTION('',(0.99503719021,9.950371902094E-02,0.));
#7477 = ADVANCED_FACE('',(#7478),#7489,.F.);
#7478 = FACE_BOUND('',#7479,.F.);
#7479 = EDGE_LOOP('',(#7480,#7481,#7482,#7483));
#7480 = ORIENTED_EDGE('',*,*,#5720,.T.);
#7481 = ORIENTED_EDGE('',*,*,#7467,.T.);
#7482 = ORIENTED_EDGE('',*,*,#6942,.F.);
#7483 = ORIENTED_EDGE('',*,*,#7484,.F.);
#7484 = EDGE_CURVE('',#5713,#6935,#7485,.T.);
#7485 = LINE('',#7486,#7487);
#7486 = CARTESIAN_POINT('',(193.01596904658,77.989932963473,9.99998E-03)
  );
#7487 = VECTOR('',#7488,1.);
#7488 = DIRECTION('',(0.,0.,-1.));
#7489 = PLANE('',#7490);
#7490 = AXIS2_PLACEMENT_3D('',#7491,#7492,#7493);
#7491 = CARTESIAN_POINT('',(193.06246904288,78.008932961963,
    -2.449957E-02));
#7492 = DIRECTION('',(-0.378245230078,0.925705431508,0.));
#7493 = DIRECTION('',(0.925705431508,0.378245230078,0.));
#7494 = ADVANCED_FACE('',(#7495),#7506,.F.);
#7495 = FACE_BOUND('',#7496,.F.);
#7496 = EDGE_LOOP('',(#7497,#7498,#7499,#7500));
#7497 = ORIENTED_EDGE('',*,*,#5712,.T.);
#7498 = ORIENTED_EDGE('',*,*,#7484,.T.);
#7499 = ORIENTED_EDGE('',*,*,#6934,.F.);
#7500 = ORIENTED_EDGE('',*,*,#7501,.F.);
#7501 = EDGE_CURVE('',#5705,#6927,#7502,.T.);
#7502 = LINE('',#7503,#7504);
#7503 = CARTESIAN_POINT('',(192.9439690523,77.918932969115,9.99998E-03)
  );
#7504 = VECTOR('',#7505,1.);
#7505 = DIRECTION('',(0.,0.,-1.));
#7506 = PLANE('',#7507);
#7507 = AXIS2_PLACEMENT_3D('',#7508,#7509,#7510);
#7508 = CARTESIAN_POINT('',(192.97996904944,77.954432966294,
    -2.449957E-02));
#7509 = DIRECTION('',(-0.702144810537,0.712034174065,9.370690242686E-18)
  );
#7510 = DIRECTION('',(0.712034174065,0.702144810537,0.));
#7511 = ADVANCED_FACE('',(#7512),#7523,.F.);
#7512 = FACE_BOUND('',#7513,.F.);
#7513 = EDGE_LOOP('',(#7514,#7515,#7516,#7517));
#7514 = ORIENTED_EDGE('',*,*,#5704,.T.);
#7515 = ORIENTED_EDGE('',*,*,#7501,.T.);
#7516 = ORIENTED_EDGE('',*,*,#6926,.F.);
#7517 = ORIENTED_EDGE('',*,*,#7518,.F.);
#7518 = EDGE_CURVE('',#5697,#6919,#7519,.T.);
#7519 = LINE('',#7520,#7521);
#7520 = CARTESIAN_POINT('',(192.90596905532,77.825932976506,9.99998E-03)
  );
#7521 = VECTOR('',#7522,1.);
#7522 = DIRECTION('',(0.,0.,-1.));
#7523 = PLANE('',#7524);
#7524 = AXIS2_PLACEMENT_3D('',#7525,#7526,#7527);
#7525 = CARTESIAN_POINT('',(192.92496905381,77.872432972811,
    -2.449957E-02));
#7526 = DIRECTION('',(-0.925705431508,0.378245230078,-0.));
#7527 = DIRECTION('',(-0.378245230078,-0.925705431508,0.));
#7528 = ADVANCED_FACE('',(#7529),#7540,.F.);
#7529 = FACE_BOUND('',#7530,.F.);
#7530 = EDGE_LOOP('',(#7531,#7532,#7533,#7534));
#7531 = ORIENTED_EDGE('',*,*,#5696,.T.);
#7532 = ORIENTED_EDGE('',*,*,#7518,.T.);
#7533 = ORIENTED_EDGE('',*,*,#6918,.F.);
#7534 = ORIENTED_EDGE('',*,*,#7535,.F.);
#7535 = EDGE_CURVE('',#5689,#6911,#7536,.T.);
#7536 = LINE('',#7537,#7538);
#7537 = CARTESIAN_POINT('',(192.90596905532,77.724932984533,9.99998E-03)
  );
#7538 = VECTOR('',#7539,1.);
#7539 = DIRECTION('',(0.,0.,-1.));
#7540 = PLANE('',#7541);
#7541 = AXIS2_PLACEMENT_3D('',#7542,#7543,#7544);
#7542 = CARTESIAN_POINT('',(192.90596905532,77.77543298052,-2.449957E-02
    ));
#7543 = DIRECTION('',(-1.,-0.,-0.));
#7544 = DIRECTION('',(0.,0.,-1.));
#7545 = ADVANCED_FACE('',(#7546),#7557,.F.);
#7546 = FACE_BOUND('',#7547,.F.);
#7547 = EDGE_LOOP('',(#7548,#7549,#7550,#7551));
#7548 = ORIENTED_EDGE('',*,*,#5688,.T.);
#7549 = ORIENTED_EDGE('',*,*,#7535,.T.);
#7550 = ORIENTED_EDGE('',*,*,#6910,.F.);
#7551 = ORIENTED_EDGE('',*,*,#7552,.F.);
#7552 = EDGE_CURVE('',#5681,#6903,#7553,.T.);
#7553 = LINE('',#7554,#7555);
#7554 = CARTESIAN_POINT('',(192.9439690523,77.631932991924,9.99998E-03)
  );
#7555 = VECTOR('',#7556,1.);
#7556 = DIRECTION('',(0.,0.,-1.));
#7557 = PLANE('',#7558);
#7558 = AXIS2_PLACEMENT_3D('',#7559,#7560,#7561);
#7559 = CARTESIAN_POINT('',(192.92496905381,77.678432988228,
    -2.449957E-02));
#7560 = DIRECTION('',(-0.925705431508,-0.378245230078,-0.));
#7561 = DIRECTION('',(0.378245230078,-0.925705431508,0.));
#7562 = ADVANCED_FACE('',(#7563),#7574,.F.);
#7563 = FACE_BOUND('',#7564,.F.);
#7564 = EDGE_LOOP('',(#7565,#7566,#7567,#7568));
#7565 = ORIENTED_EDGE('',*,*,#5680,.T.);
#7566 = ORIENTED_EDGE('',*,*,#7552,.T.);
#7567 = ORIENTED_EDGE('',*,*,#6902,.F.);
#7568 = ORIENTED_EDGE('',*,*,#7569,.F.);
#7569 = EDGE_CURVE('',#5673,#6895,#7570,.T.);
#7570 = LINE('',#7571,#7572);
#7571 = CARTESIAN_POINT('',(193.01596904658,77.560932997566,9.99998E-03)
  );
#7572 = VECTOR('',#7573,1.);
#7573 = DIRECTION('',(0.,0.,-1.));
#7574 = PLANE('',#7575);
#7575 = AXIS2_PLACEMENT_3D('',#7576,#7577,#7578);
#7576 = CARTESIAN_POINT('',(192.97996904944,77.596432994745,
    -2.449957E-02));
#7577 = DIRECTION('',(-0.702144810537,-0.712034174065,1.338670034665E-19
    ));
#7578 = DIRECTION('',(-0.712034174065,0.702144810537,0.));
#7579 = ADVANCED_FACE('',(#7580),#7591,.F.);
#7580 = FACE_BOUND('',#7581,.F.);
#7581 = EDGE_LOOP('',(#7582,#7583,#7584,#7585));
#7582 = ORIENTED_EDGE('',*,*,#5672,.T.);
#7583 = ORIENTED_EDGE('',*,*,#7569,.T.);
#7584 = ORIENTED_EDGE('',*,*,#6894,.F.);
#7585 = ORIENTED_EDGE('',*,*,#7586,.F.);
#7586 = EDGE_CURVE('',#5665,#6887,#7587,.T.);
#7587 = LINE('',#7588,#7589);
#7588 = CARTESIAN_POINT('',(193.10896903919,77.521933000666,9.99998E-03)
  );
#7589 = VECTOR('',#7590,1.);
#7590 = DIRECTION('',(0.,0.,-1.));
#7591 = PLANE('',#7592);
#7592 = AXIS2_PLACEMENT_3D('',#7593,#7594,#7595);
#7593 = CARTESIAN_POINT('',(193.06246904288,77.541432999116,
    -2.449957E-02));
#7594 = DIRECTION('',(-0.386726676251,-0.922194381829,-0.));
#7595 = DIRECTION('',(-0.922194381829,0.386726676251,0.));
#7596 = ADVANCED_FACE('',(#7597),#7608,.F.);
#7597 = FACE_BOUND('',#7598,.F.);
#7598 = EDGE_LOOP('',(#7599,#7600,#7601,#7602));
#7599 = ORIENTED_EDGE('',*,*,#5664,.T.);
#7600 = ORIENTED_EDGE('',*,*,#7586,.T.);
#7601 = ORIENTED_EDGE('',*,*,#6886,.F.);
#7602 = ORIENTED_EDGE('',*,*,#7603,.F.);
#7603 = EDGE_CURVE('',#5657,#6879,#7604,.T.);
#7604 = LINE('',#7605,#7606);
#7605 = CARTESIAN_POINT('',(193.15896903521,77.516933001063,9.99998E-03)
  );
#7606 = VECTOR('',#7607,1.);
#7607 = DIRECTION('',(0.,0.,-1.));
#7608 = PLANE('',#7609);
#7609 = AXIS2_PLACEMENT_3D('',#7610,#7611,#7612);
#7610 = CARTESIAN_POINT('',(193.1339690372,77.519433000865,-2.449957E-02
    ));
#7611 = DIRECTION('',(-9.950371902091E-02,-0.99503719021,
    1.311152869365E-18));
#7612 = DIRECTION('',(-0.99503719021,9.950371902091E-02,0.));
#7613 = ADVANCED_FACE('',(#7614),#7625,.F.);
#7614 = FACE_BOUND('',#7615,.F.);
#7615 = EDGE_LOOP('',(#7616,#7617,#7618,#7619));
#7616 = ORIENTED_EDGE('',*,*,#5656,.T.);
#7617 = ORIENTED_EDGE('',*,*,#7603,.T.);
#7618 = ORIENTED_EDGE('',*,*,#6878,.F.);
#7619 = ORIENTED_EDGE('',*,*,#7620,.F.);
#7620 = EDGE_CURVE('',#5649,#6871,#7621,.T.);
#7621 = LINE('',#7622,#7623);
#7622 = CARTESIAN_POINT('',(201.40896837956,77.523933000507,9.99998E-03)
  );
#7623 = VECTOR('',#7624,1.);
#7624 = DIRECTION('',(0.,0.,-1.));
#7625 = PLANE('',#7626);
#7626 = AXIS2_PLACEMENT_3D('',#7627,#7628,#7629);
#7627 = CARTESIAN_POINT('',(197.28396870739,77.520433000785,
    -2.449957E-02));
#7628 = DIRECTION('',(8.48484543062E-04,-0.999999640037,-0.));
#7629 = DIRECTION('',(-0.999999640037,-8.48484543062E-04,0.));
#7630 = ADVANCED_FACE('',(#7631),#7642,.F.);
#7631 = FACE_BOUND('',#7632,.F.);
#7632 = EDGE_LOOP('',(#7633,#7634,#7635,#7636));
#7633 = ORIENTED_EDGE('',*,*,#5648,.T.);
#7634 = ORIENTED_EDGE('',*,*,#7620,.T.);
#7635 = ORIENTED_EDGE('',*,*,#6870,.F.);
#7636 = ORIENTED_EDGE('',*,*,#7637,.F.);
#7637 = EDGE_CURVE('',#5641,#6863,#7638,.T.);
#7638 = LINE('',#7639,#7640);
#7639 = CARTESIAN_POINT('',(201.40896837956,67.822933771473,9.99998E-03)
  );
#7640 = VECTOR('',#7641,1.);
#7641 = DIRECTION('',(0.,0.,-1.));
#7642 = PLANE('',#7643);
#7643 = AXIS2_PLACEMENT_3D('',#7644,#7645,#7646);
#7644 = CARTESIAN_POINT('',(201.40896837956,72.67343338599,-2.449957E-02
    ));
#7645 = DIRECTION('',(-1.,-0.,-0.));
#7646 = DIRECTION('',(0.,0.,-1.));
#7647 = ADVANCED_FACE('',(#7648),#7659,.F.);
#7648 = FACE_BOUND('',#7649,.F.);
#7649 = EDGE_LOOP('',(#7650,#7651,#7652,#7653));
#7650 = ORIENTED_EDGE('',*,*,#5640,.T.);
#7651 = ORIENTED_EDGE('',*,*,#7637,.T.);
#7652 = ORIENTED_EDGE('',*,*,#6862,.F.);
#7653 = ORIENTED_EDGE('',*,*,#7654,.F.);
#7654 = EDGE_CURVE('',#5633,#6855,#7655,.T.);
#7655 = LINE('',#7656,#7657);
#7656 = CARTESIAN_POINT('',(201.40896837956,67.336933810097,9.99998E-03)
  );
#7657 = VECTOR('',#7658,1.);
#7658 = DIRECTION('',(0.,0.,-1.));
#7659 = PLANE('',#7660);
#7660 = AXIS2_PLACEMENT_3D('',#7661,#7662,#7663);
#7661 = CARTESIAN_POINT('',(201.40896837956,67.579933790785,
    -2.449957E-02));
#7662 = DIRECTION('',(-1.,-5.983807029224E-27,-4.534272214727E-28));
#7663 = DIRECTION('',(5.983807029224E-27,-1.,0.));
#7664 = ADVANCED_FACE('',(#7665),#7676,.F.);
#7665 = FACE_BOUND('',#7666,.F.);
#7666 = EDGE_LOOP('',(#7667,#7668,#7669,#7670));
#7667 = ORIENTED_EDGE('',*,*,#5632,.T.);
#7668 = ORIENTED_EDGE('',*,*,#7654,.T.);
#7669 = ORIENTED_EDGE('',*,*,#6854,.F.);
#7670 = ORIENTED_EDGE('',*,*,#7671,.F.);
#7671 = EDGE_CURVE('',#5625,#6847,#7672,.T.);
#7672 = LINE('',#7673,#7674);
#7673 = CARTESIAN_POINT('',(201.31696838687,66.367933887106,9.99998E-03)
  );
#7674 = VECTOR('',#7675,1.);
#7675 = DIRECTION('',(0.,0.,-1.));
#7676 = PLANE('',#7677);
#7677 = AXIS2_PLACEMENT_3D('',#7678,#7679,#7680);
#7678 = CARTESIAN_POINT('',(201.36296838322,66.852433848602,
    -2.449957E-02));
#7679 = DIRECTION('',(-0.995523134496,9.451819233609E-02,-0.));
#7680 = DIRECTION('',(-9.451819233609E-02,-0.995523134496,0.));
#7681 = ADVANCED_FACE('',(#7682),#7693,.F.);
#7682 = FACE_BOUND('',#7683,.F.);
#7683 = EDGE_LOOP('',(#7684,#7685,#7686,#7687));
#7684 = ORIENTED_EDGE('',*,*,#5624,.T.);
#7685 = ORIENTED_EDGE('',*,*,#7671,.T.);
#7686 = ORIENTED_EDGE('',*,*,#6846,.F.);
#7687 = ORIENTED_EDGE('',*,*,#7688,.F.);
#7688 = EDGE_CURVE('',#5617,#6839,#7689,.T.);
#7689 = LINE('',#7690,#7691);
#7690 = CARTESIAN_POINT('',(201.1329684015,65.411933963082,9.99998E-03)
  );
#7691 = VECTOR('',#7692,1.);
#7692 = DIRECTION('',(0.,0.,-1.));
#7693 = PLANE('',#7694);
#7694 = AXIS2_PLACEMENT_3D('',#7695,#7696,#7697);
#7695 = CARTESIAN_POINT('',(201.22496839418,65.889933925094,
    -2.449957E-02));
#7696 = DIRECTION('',(-0.98197712923,0.188999782195,-0.));
#7697 = DIRECTION('',(-0.188999782195,-0.98197712923,0.));
#7698 = ADVANCED_FACE('',(#7699),#7710,.F.);
#7699 = FACE_BOUND('',#7700,.F.);
#7700 = EDGE_LOOP('',(#7701,#7702,#7703,#7704));
#7701 = ORIENTED_EDGE('',*,*,#5616,.T.);
#7702 = ORIENTED_EDGE('',*,*,#7688,.T.);
#7703 = ORIENTED_EDGE('',*,*,#6838,.F.);
#7704 = ORIENTED_EDGE('',*,*,#7705,.F.);
#7705 = EDGE_CURVE('',#5609,#6831,#7706,.T.);
#7706 = LINE('',#7707,#7708);
#7707 = CARTESIAN_POINT('',(200.85996842319,64.476934037389,9.99998E-03)
  );
#7708 = VECTOR('',#7709,1.);
#7709 = DIRECTION('',(0.,0.,-1.));
#7710 = PLANE('',#7711);
#7711 = AXIS2_PLACEMENT_3D('',#7712,#7713,#7714);
#7712 = CARTESIAN_POINT('',(200.99646841234,64.944434000236,
    -2.449957E-02));
#7713 = DIRECTION('',(-0.959919470831,0.280275952446,-5.141782770365E-18
    ));
#7714 = DIRECTION('',(-0.280275952446,-0.959919470831,0.));
#7715 = ADVANCED_FACE('',(#7716),#7727,.F.);
#7716 = FACE_BOUND('',#7717,.F.);
#7717 = EDGE_LOOP('',(#7718,#7719,#7720,#7721));
#7718 = ORIENTED_EDGE('',*,*,#5608,.T.);
#7719 = ORIENTED_EDGE('',*,*,#7705,.T.);
#7720 = ORIENTED_EDGE('',*,*,#6830,.F.);
#7721 = ORIENTED_EDGE('',*,*,#7722,.F.);
#7722 = EDGE_CURVE('',#5601,#6823,#7723,.T.);
#7723 = LINE('',#7724,#7725);
#7724 = CARTESIAN_POINT('',(200.49896845188,63.572934109233,9.99998E-03)
  );
#7725 = VECTOR('',#7726,1.);
#7726 = DIRECTION('',(0.,0.,-1.));
#7727 = PLANE('',#7728);
#7728 = AXIS2_PLACEMENT_3D('',#7729,#7730,#7731);
#7729 = CARTESIAN_POINT('',(200.67946843754,64.024934073311,
    -2.449957E-02));
#7730 = DIRECTION('',(-0.928689085924,0.370859247808,-0.));
#7731 = DIRECTION('',(-0.370859247808,-0.928689085924,0.));
#7732 = ADVANCED_FACE('',(#7733),#7744,.F.);
#7733 = FACE_BOUND('',#7734,.F.);
#7734 = EDGE_LOOP('',(#7735,#7736,#7737,#7738));
#7735 = ORIENTED_EDGE('',*,*,#5600,.T.);
#7736 = ORIENTED_EDGE('',*,*,#7722,.T.);
#7737 = ORIENTED_EDGE('',*,*,#6822,.F.);
#7738 = ORIENTED_EDGE('',*,*,#7739,.F.);
#7739 = EDGE_CURVE('',#5593,#6815,#7740,.T.);
#7740 = LINE('',#7741,#7742);
#7741 = CARTESIAN_POINT('',(200.05396848725,62.706934178056,9.99998E-03)
  );
#7742 = VECTOR('',#7743,1.);
#7743 = DIRECTION('',(0.,0.,-1.));
#7744 = PLANE('',#7745);
#7745 = AXIS2_PLACEMENT_3D('',#7746,#7747,#7748);
#7746 = CARTESIAN_POINT('',(200.27646846956,63.139934143645,
    -2.449957E-02));
#7747 = DIRECTION('',(-0.889442905733,0.457046296826,1.048405603068E-18)
  );
#7748 = DIRECTION('',(-0.457046296826,-0.889442905733,
    -9.629649721936E-35));
#7749 = ADVANCED_FACE('',(#7750),#7761,.F.);
#7750 = FACE_BOUND('',#7751,.F.);
#7751 = EDGE_LOOP('',(#7752,#7753,#7754,#7755));
#7752 = ORIENTED_EDGE('',*,*,#5592,.T.);
#7753 = ORIENTED_EDGE('',*,*,#7739,.T.);
#7754 = ORIENTED_EDGE('',*,*,#6814,.F.);
#7755 = ORIENTED_EDGE('',*,*,#7756,.F.);
#7756 = EDGE_CURVE('',#5585,#6807,#7757,.T.);
#7757 = LINE('',#7758,#7759);
#7758 = CARTESIAN_POINT('',(199.52896852897,61.887934243145,9.99998E-03)
  );
#7759 = VECTOR('',#7760,1.);
#7760 = DIRECTION('',(0.,0.,-1.));
#7761 = PLANE('',#7762);
#7762 = AXIS2_PLACEMENT_3D('',#7763,#7764,#7765);
#7763 = CARTESIAN_POINT('',(199.79146850811,62.297434210601,
    -2.449957E-02));
#7764 = DIRECTION('',(-0.841879138964,0.53966611472,-0.));
#7765 = DIRECTION('',(-0.53966611472,-0.841879138964,0.));
#7766 = ADVANCED_FACE('',(#7767),#7778,.F.);
#7767 = FACE_BOUND('',#7768,.F.);
#7768 = EDGE_LOOP('',(#7769,#7770,#7771,#7772));
#7769 = ORIENTED_EDGE('',*,*,#5584,.T.);
#7770 = ORIENTED_EDGE('',*,*,#7756,.T.);
#7771 = ORIENTED_EDGE('',*,*,#6806,.F.);
#7772 = ORIENTED_EDGE('',*,*,#7773,.F.);
#7773 = EDGE_CURVE('',#5577,#6799,#7774,.T.);
#7774 = LINE('',#7775,#7776);
#7775 = CARTESIAN_POINT('',(198.92896857665,61.1209343041,9.99998E-03));
#7776 = VECTOR('',#7777,1.);
#7777 = DIRECTION('',(0.,0.,-1.));
#7778 = PLANE('',#7779);
#7779 = AXIS2_PLACEMENT_3D('',#7780,#7781,#7782);
#7780 = CARTESIAN_POINT('',(199.22896855281,61.504434273623,
    -2.449957E-02));
#7781 = DIRECTION('',(-0.787635001749,0.616142113493,1.094107385591E-17)
  );
#7782 = DIRECTION('',(-0.616142113493,-0.787635001749,0.));
#7783 = ADVANCED_FACE('',(#7784),#7795,.F.);
#7784 = FACE_BOUND('',#7785,.F.);
#7785 = EDGE_LOOP('',(#7786,#7787,#7788,#7789));
#7786 = ORIENTED_EDGE('',*,*,#5576,.T.);
#7787 = ORIENTED_EDGE('',*,*,#7773,.T.);
#7788 = ORIENTED_EDGE('',*,*,#6798,.F.);
#7789 = ORIENTED_EDGE('',*,*,#7790,.F.);
#7790 = EDGE_CURVE('',#5569,#6791,#7791,.T.);
#7791 = LINE('',#7792,#7793);
#7792 = CARTESIAN_POINT('',(198.2589686299,60.414934360208,9.99998E-03)
  );
#7793 = VECTOR('',#7794,1.);
#7794 = DIRECTION('',(0.,0.,-1.));
#7795 = PLANE('',#7796);
#7796 = AXIS2_PLACEMENT_3D('',#7797,#7798,#7799);
#7797 = CARTESIAN_POINT('',(198.59396860328,60.767934332154,
    -2.449957E-02));
#7798 = DIRECTION('',(-0.725358459478,0.688371342564,-0.));
#7799 = DIRECTION('',(-0.688371342564,-0.725358459478,0.));
#7800 = ADVANCED_FACE('',(#7801),#7812,.F.);
#7801 = FACE_BOUND('',#7802,.F.);
#7802 = EDGE_LOOP('',(#7803,#7804,#7805,#7806));
#7803 = ORIENTED_EDGE('',*,*,#5568,.T.);
#7804 = ORIENTED_EDGE('',*,*,#7790,.T.);
#7805 = ORIENTED_EDGE('',*,*,#6790,.F.);
#7806 = ORIENTED_EDGE('',*,*,#7807,.F.);
#7807 = EDGE_CURVE('',#5561,#6783,#7808,.T.);
#7808 = LINE('',#7809,#7810);
#7809 = CARTESIAN_POINT('',(197.52496868823,59.775934410991,9.99998E-03)
  );
#7810 = VECTOR('',#7811,1.);
#7811 = DIRECTION('',(0.,0.,-1.));
#7812 = PLANE('',#7813);
#7813 = AXIS2_PLACEMENT_3D('',#7814,#7815,#7816);
#7814 = CARTESIAN_POINT('',(197.89196865907,60.0954343856,-2.449957E-02)
  );
#7815 = DIRECTION('',(-0.656611089517,0.754229326613,7.73543634211E-18)
  );
#7816 = DIRECTION('',(0.754229326613,0.656611089517,0.));
#7817 = ADVANCED_FACE('',(#7818),#7829,.F.);
#7818 = FACE_BOUND('',#7819,.F.);
#7819 = EDGE_LOOP('',(#7820,#7821,#7822,#7823));
#7820 = ORIENTED_EDGE('',*,*,#5560,.T.);
#7821 = ORIENTED_EDGE('',*,*,#7807,.T.);
#7822 = ORIENTED_EDGE('',*,*,#6782,.F.);
#7823 = ORIENTED_EDGE('',*,*,#7824,.F.);
#7824 = EDGE_CURVE('',#5553,#6775,#7825,.T.);
#7825 = LINE('',#7826,#7827);
#7826 = CARTESIAN_POINT('',(196.7339687511,59.208934456053,9.99998E-03)
  );
#7827 = VECTOR('',#7828,1.);
#7828 = DIRECTION('',(0.,0.,-1.));
#7829 = PLANE('',#7830);
#7830 = AXIS2_PLACEMENT_3D('',#7831,#7832,#7833);
#7831 = CARTESIAN_POINT('',(197.12946871967,59.492434433522,
    -2.449957E-02));
#7832 = DIRECTION('',(-0.582598137447,0.812760364587,2.294303898335E-18)
  );
#7833 = DIRECTION('',(0.812760364587,0.582598137447,0.));
#7834 = ADVANCED_FACE('',(#7835),#7846,.F.);
#7835 = FACE_BOUND('',#7836,.F.);
#7836 = EDGE_LOOP('',(#7837,#7838,#7839,#7840));
#7837 = ORIENTED_EDGE('',*,*,#5552,.T.);
#7838 = ORIENTED_EDGE('',*,*,#7824,.T.);
#7839 = ORIENTED_EDGE('',*,*,#6774,.F.);
#7840 = ORIENTED_EDGE('',*,*,#7841,.F.);
#7841 = EDGE_CURVE('',#5545,#6767,#7842,.T.);
#7842 = LINE('',#7843,#7844);
#7843 = CARTESIAN_POINT('',(195.89296881793,58.718934494994,9.99998E-03)
  );
#7844 = VECTOR('',#7845,1.);
#7845 = DIRECTION('',(0.,0.,-1.));
#7846 = PLANE('',#7847);
#7847 = AXIS2_PLACEMENT_3D('',#7848,#7849,#7850);
#7848 = CARTESIAN_POINT('',(196.31346878452,58.963934475523,
    -2.449957E-02));
#7849 = DIRECTION('',(-0.503423801412,0.864039626505,1.77364020438E-16)
  );
#7850 = DIRECTION('',(0.864039626505,0.503423801412,-1.232595164408E-32)
  );
#7851 = ADVANCED_FACE('',(#7852),#7863,.F.);
#7852 = FACE_BOUND('',#7853,.F.);
#7853 = EDGE_LOOP('',(#7854,#7855,#7856,#7857));
#7854 = ORIENTED_EDGE('',*,*,#5544,.T.);
#7855 = ORIENTED_EDGE('',*,*,#7841,.T.);
#7856 = ORIENTED_EDGE('',*,*,#6766,.F.);
#7857 = ORIENTED_EDGE('',*,*,#7858,.F.);
#7858 = EDGE_CURVE('',#5537,#6759,#7859,.T.);
#7859 = LINE('',#7860,#7861);
#7860 = CARTESIAN_POINT('',(195.00896888819,58.31193452734,9.99998E-03)
  );
#7861 = VECTOR('',#7862,1.);
#7862 = DIRECTION('',(0.,0.,-1.));
#7863 = PLANE('',#7864);
#7864 = AXIS2_PLACEMENT_3D('',#7865,#7866,#7867);
#7865 = CARTESIAN_POINT('',(195.45096885306,58.515434511167,
    -2.449957E-02));
#7866 = DIRECTION('',(-0.418210896842,0.90834995776,-1.453542719806E-16)
  );
#7867 = DIRECTION('',(0.90834995776,0.418210896842,0.));
#7868 = ADVANCED_FACE('',(#7869),#7880,.F.);
#7869 = FACE_BOUND('',#7870,.F.);
#7870 = EDGE_LOOP('',(#7871,#7872,#7873,#7874));
#7871 = ORIENTED_EDGE('',*,*,#5536,.T.);
#7872 = ORIENTED_EDGE('',*,*,#7858,.T.);
#7873 = ORIENTED_EDGE('',*,*,#6758,.F.);
#7874 = ORIENTED_EDGE('',*,*,#7875,.F.);
#7875 = EDGE_CURVE('',#5529,#6751,#7876,.T.);
#7876 = LINE('',#7877,#7878);
#7877 = CARTESIAN_POINT('',(194.08996896122,57.98993455293,9.99998E-03)
  );
#7878 = VECTOR('',#7879,1.);
#7879 = DIRECTION('',(0.,0.,-1.));
#7880 = PLANE('',#7881);
#7881 = AXIS2_PLACEMENT_3D('',#7882,#7883,#7884);
#7882 = CARTESIAN_POINT('',(194.54946892471,58.150934540135,
    -2.449957E-02));
#7883 = DIRECTION('',(-0.330670605782,0.94374623203,0.));
#7884 = DIRECTION('',(0.94374623203,0.330670605782,0.));
#7885 = ADVANCED_FACE('',(#7886),#7897,.F.);
#7886 = FACE_BOUND('',#7887,.F.);
#7887 = EDGE_LOOP('',(#7888,#7889,#7890,#7891));
#7888 = ORIENTED_EDGE('',*,*,#5528,.T.);
#7889 = ORIENTED_EDGE('',*,*,#7875,.T.);
#7890 = ORIENTED_EDGE('',*,*,#6750,.F.);
#7891 = ORIENTED_EDGE('',*,*,#7892,.F.);
#7892 = EDGE_CURVE('',#5521,#6743,#7893,.T.);
#7893 = LINE('',#7894,#7895);
#7894 = CARTESIAN_POINT('',(193.14496903633,57.755934571527,9.99998E-03)
  );
#7895 = VECTOR('',#7896,1.);
#7896 = DIRECTION('',(0.,0.,-1.));
#7897 = PLANE('',#7898);
#7898 = AXIS2_PLACEMENT_3D('',#7899,#7900,#7901);
#7899 = CARTESIAN_POINT('',(193.61746899877,57.872934562228,
    -2.449957E-02));
#7900 = DIRECTION('',(-0.240359813464,0.970683862064,0.));
#7901 = DIRECTION('',(0.970683862064,0.240359813464,0.));
#7902 = ADVANCED_FACE('',(#7903),#7914,.F.);
#7903 = FACE_BOUND('',#7904,.F.);
#7904 = EDGE_LOOP('',(#7905,#7906,#7907,#7908));
#7905 = ORIENTED_EDGE('',*,*,#5520,.T.);
#7906 = ORIENTED_EDGE('',*,*,#7892,.T.);
#7907 = ORIENTED_EDGE('',*,*,#6742,.F.);
#7908 = ORIENTED_EDGE('',*,*,#7909,.F.);
#7909 = EDGE_CURVE('',#5513,#6735,#7910,.T.);
#7910 = LINE('',#7911,#7912);
#7911 = CARTESIAN_POINT('',(192.18196911286,57.613934582812,9.99998E-03)
  );
#7912 = VECTOR('',#7913,1.);
#7913 = DIRECTION('',(0.,0.,-1.));
#7914 = PLANE('',#7915);
#7915 = AXIS2_PLACEMENT_3D('',#7916,#7917,#7918);
#7916 = CARTESIAN_POINT('',(192.66346907459,57.684934577169,
    -2.449957E-02));
#7917 = DIRECTION('',(-0.145878460789,0.989302519292,8.752295935614E-17)
  );
#7918 = DIRECTION('',(0.989302519292,0.145878460789,0.));
#7919 = ADVANCED_FACE('',(#7920),#7931,.F.);
#7920 = FACE_BOUND('',#7921,.F.);
#7921 = EDGE_LOOP('',(#7922,#7923,#7924,#7925));
#7922 = ORIENTED_EDGE('',*,*,#5512,.T.);
#7923 = ORIENTED_EDGE('',*,*,#7909,.T.);
#7924 = ORIENTED_EDGE('',*,*,#6734,.F.);
#7925 = ORIENTED_EDGE('',*,*,#7926,.F.);
#7926 = EDGE_CURVE('',#5505,#6727,#7927,.T.);
#7927 = LINE('',#7928,#7929);
#7928 = CARTESIAN_POINT('',(191.69596915148,57.587934584878,9.99998E-03)
  );
#7929 = VECTOR('',#7930,1.);
#7930 = DIRECTION('',(0.,0.,-1.));
#7931 = PLANE('',#7932);
#7932 = AXIS2_PLACEMENT_3D('',#7933,#7934,#7935);
#7933 = CARTESIAN_POINT('',(191.93896913217,57.600934583845,
    -2.449957E-02));
#7934 = DIRECTION('',(-5.342154997207E-02,0.998572049478,
    -1.919982387665E-17));
#7935 = DIRECTION('',(0.998572049478,5.342154997207E-02,
    1.925929944387E-34));
#7936 = ADVANCED_FACE('',(#7937),#7948,.F.);
#7937 = FACE_BOUND('',#7938,.F.);
#7938 = EDGE_LOOP('',(#7939,#7940,#7941,#7942));
#7939 = ORIENTED_EDGE('',*,*,#5504,.T.);
#7940 = ORIENTED_EDGE('',*,*,#7926,.T.);
#7941 = ORIENTED_EDGE('',*,*,#6726,.F.);
#7942 = ORIENTED_EDGE('',*,*,#7943,.F.);
#7943 = EDGE_CURVE('',#5497,#6719,#7944,.T.);
#7944 = LINE('',#7945,#7946);
#7945 = CARTESIAN_POINT('',(191.6089691584,57.569934586309,9.99998E-03)
  );
#7946 = VECTOR('',#7947,1.);
#7947 = DIRECTION('',(0.,0.,-1.));
#7948 = PLANE('',#7949);
#7949 = AXIS2_PLACEMENT_3D('',#7950,#7951,#7952);
#7950 = CARTESIAN_POINT('',(191.65246915494,57.578934585593,
    -2.449957E-02));
#7951 = DIRECTION('',(-0.202605604036,0.979260419507,0.));
#7952 = DIRECTION('',(0.979260419507,0.202605604036,0.));
#7953 = ADVANCED_FACE('',(#7954),#7965,.F.);
#7954 = FACE_BOUND('',#7955,.F.);
#7955 = EDGE_LOOP('',(#7956,#7957,#7958,#7959));
#7956 = ORIENTED_EDGE('',*,*,#5496,.T.);
#7957 = ORIENTED_EDGE('',*,*,#7943,.T.);
#7958 = ORIENTED_EDGE('',*,*,#6718,.F.);
#7959 = ORIENTED_EDGE('',*,*,#7960,.F.);
#7960 = EDGE_CURVE('',#5489,#6711,#7961,.T.);
#7961 = LINE('',#7962,#7963);
#7962 = CARTESIAN_POINT('',(191.43496917222,57.601934583765,9.99998E-03)
  );
#7963 = VECTOR('',#7964,1.);
#7964 = DIRECTION('',(0.,0.,-1.));
#7965 = PLANE('',#7966);
#7966 = AXIS2_PLACEMENT_3D('',#7967,#7968,#7969);
#7967 = CARTESIAN_POINT('',(191.52196916531,57.585934585037,
    -2.449957E-02));
#7968 = DIRECTION('',(0.180874694062,0.983506148963,0.));
#7969 = DIRECTION('',(0.983506148963,-0.180874694062,0.));
#7970 = ADVANCED_FACE('',(#7971),#7982,.F.);
#7971 = FACE_BOUND('',#7972,.F.);
#7972 = EDGE_LOOP('',(#7973,#7974,#7975,#7976));
#7973 = ORIENTED_EDGE('',*,*,#5488,.T.);
#7974 = ORIENTED_EDGE('',*,*,#7960,.T.);
#7975 = ORIENTED_EDGE('',*,*,#6710,.F.);
#7976 = ORIENTED_EDGE('',*,*,#7977,.F.);
#7977 = EDGE_CURVE('',#5481,#6703,#7978,.T.);
#7978 = LINE('',#7979,#7980);
#7979 = CARTESIAN_POINT('',(191.28596918407,57.698934576057,9.99998E-03)
  );
#7980 = VECTOR('',#7981,1.);
#7981 = DIRECTION('',(0.,0.,-1.));
#7982 = PLANE('',#7983);
#7983 = AXIS2_PLACEMENT_3D('',#7984,#7985,#7986);
#7984 = CARTESIAN_POINT('',(191.36046917814,57.650434579911,
    -2.449957E-02));
#7985 = DIRECTION('',(0.545581312621,0.838057892582,0.));
#7986 = DIRECTION('',(0.838057892582,-0.545581312621,0.));
#7987 = ADVANCED_FACE('',(#7988),#7999,.F.);
#7988 = FACE_BOUND('',#7989,.F.);
#7989 = EDGE_LOOP('',(#7990,#7991,#7992,#7993));
#7990 = ORIENTED_EDGE('',*,*,#5480,.T.);
#7991 = ORIENTED_EDGE('',*,*,#7977,.T.);
#7992 = ORIENTED_EDGE('',*,*,#6702,.F.);
#7993 = ORIENTED_EDGE('',*,*,#7994,.F.);
#7994 = EDGE_CURVE('',#5473,#6695,#7995,.T.);
#7995 = LINE('',#7996,#7997);
#7996 = CARTESIAN_POINT('',(191.18496919209,57.844934564454,9.99998E-03)
  );
#7997 = VECTOR('',#7998,1.);
#7998 = DIRECTION('',(0.,0.,-1.));
#7999 = PLANE('',#8000);
#8000 = AXIS2_PLACEMENT_3D('',#8001,#8002,#8003);
#8001 = CARTESIAN_POINT('',(191.23546918808,57.771934570255,
    -2.449957E-02));
#8002 = DIRECTION('',(0.822394921779,0.568917034929,0.));
#8003 = DIRECTION('',(-0.568917034929,0.822394921779,0.));
#8004 = ADVANCED_FACE('',(#8005),#8016,.F.);
#8005 = FACE_BOUND('',#8006,.F.);
#8006 = EDGE_LOOP('',(#8007,#8008,#8009,#8010));
#8007 = ORIENTED_EDGE('',*,*,#5472,.T.);
#8008 = ORIENTED_EDGE('',*,*,#7994,.T.);
#8009 = ORIENTED_EDGE('',*,*,#6694,.F.);
#8010 = ORIENTED_EDGE('',*,*,#8011,.F.);
#8011 = EDGE_CURVE('',#5465,#6687,#8012,.T.);
#8012 = LINE('',#8013,#8014);
#8013 = CARTESIAN_POINT('',(191.16696919352,57.931934557539,9.99998E-03)
  );
#8014 = VECTOR('',#8015,1.);
#8015 = DIRECTION('',(0.,0.,-1.));
#8016 = PLANE('',#8017);
#8017 = AXIS2_PLACEMENT_3D('',#8018,#8019,#8020);
#8018 = CARTESIAN_POINT('',(191.17596919281,57.888434560996,
    -2.449957E-02));
#8019 = DIRECTION('',(0.979260419507,0.202605604036,0.));
#8020 = DIRECTION('',(-0.202605604036,0.979260419507,0.));
#8021 = ADVANCED_FACE('',(#8022),#8033,.F.);
#8022 = FACE_BOUND('',#8023,.F.);
#8023 = EDGE_LOOP('',(#8024,#8025,#8026,#8027));
#8024 = ORIENTED_EDGE('',*,*,#5464,.T.);
#8025 = ORIENTED_EDGE('',*,*,#8011,.T.);
#8026 = ORIENTED_EDGE('',*,*,#6686,.F.);
#8027 = ORIENTED_EDGE('',*,*,#8028,.F.);
#8028 = EDGE_CURVE('',#5457,#6679,#8029,.T.);
#8029 = LINE('',#8030,#8031);
#8030 = CARTESIAN_POINT('',(191.1559691944,71.215933501822,9.99998E-03)
  );
#8031 = VECTOR('',#8032,1.);
#8032 = DIRECTION('',(0.,0.,-1.));
#8033 = PLANE('',#8034);
#8034 = AXIS2_PLACEMENT_3D('',#8035,#8036,#8037);
#8035 = CARTESIAN_POINT('',(191.16146919396,64.573934029681,
    -2.449957E-02));
#8036 = DIRECTION('',(0.999999657155,8.280635522968E-04,
    -8.478058456988E-19));
#8037 = DIRECTION('',(-8.280635522968E-04,0.999999657155,0.));
#8038 = ADVANCED_FACE('',(#8039),#8050,.F.);
#8039 = FACE_BOUND('',#8040,.F.);
#8040 = EDGE_LOOP('',(#8041,#8042,#8043,#8044));
#8041 = ORIENTED_EDGE('',*,*,#5456,.T.);
#8042 = ORIENTED_EDGE('',*,*,#8028,.T.);
#8043 = ORIENTED_EDGE('',*,*,#6678,.F.);
#8044 = ORIENTED_EDGE('',*,*,#8045,.F.);
#8045 = EDGE_CURVE('',#5449,#6671,#8046,.T.);
#8046 = LINE('',#8047,#8048);
#8047 = CARTESIAN_POINT('',(191.15896919416,71.215933501822,9.99998E-03)
  );
#8048 = VECTOR('',#8049,1.);
#8049 = DIRECTION('',(0.,0.,-1.));
#8050 = PLANE('',#8051);
#8051 = AXIS2_PLACEMENT_3D('',#8052,#8053,#8054);
#8052 = CARTESIAN_POINT('',(191.15746919428,71.215933501822,
    -2.449957E-02));
#8053 = DIRECTION('',(-0.,-1.,-0.));
#8054 = DIRECTION('',(0.,0.,-1.));
#8055 = ADVANCED_FACE('',(#8056),#8067,.F.);
#8056 = FACE_BOUND('',#8057,.F.);
#8057 = EDGE_LOOP('',(#8058,#8059,#8060,#8061));
#8058 = ORIENTED_EDGE('',*,*,#5448,.T.);
#8059 = ORIENTED_EDGE('',*,*,#8045,.T.);
#8060 = ORIENTED_EDGE('',*,*,#6670,.F.);
#8061 = ORIENTED_EDGE('',*,*,#8062,.F.);
#8062 = EDGE_CURVE('',#5441,#6663,#8063,.T.);
#8063 = LINE('',#8064,#8065);
#8064 = CARTESIAN_POINT('',(191.15396919456,71.265933497848,9.99998E-03)
  );
#8065 = VECTOR('',#8066,1.);
#8066 = DIRECTION('',(0.,0.,-1.));
#8067 = PLANE('',#8068);
#8068 = AXIS2_PLACEMENT_3D('',#8069,#8070,#8071);
#8069 = CARTESIAN_POINT('',(191.15646919436,71.240933499835,
    -2.449957E-02));
#8070 = DIRECTION('',(0.99503719021,9.950371902091E-02,2.62230573873E-18
    ));
#8071 = DIRECTION('',(-9.950371902091E-02,0.99503719021,0.));
#8072 = ADVANCED_FACE('',(#8073),#8084,.F.);
#8073 = FACE_BOUND('',#8074,.F.);
#8074 = EDGE_LOOP('',(#8075,#8076,#8077,#8078));
#8075 = ORIENTED_EDGE('',*,*,#5440,.T.);
#8076 = ORIENTED_EDGE('',*,*,#8062,.T.);
#8077 = ORIENTED_EDGE('',*,*,#6662,.F.);
#8078 = ORIENTED_EDGE('',*,*,#8079,.F.);
#8079 = EDGE_CURVE('',#5433,#6655,#8080,.T.);
#8080 = LINE('',#8081,#8082);
#8081 = CARTESIAN_POINT('',(191.11596919758,71.358933490457,9.99998E-03)
  );
#8082 = VECTOR('',#8083,1.);
#8083 = DIRECTION('',(0.,0.,-1.));
#8084 = PLANE('',#8085);
#8085 = AXIS2_PLACEMENT_3D('',#8086,#8087,#8088);
#8086 = CARTESIAN_POINT('',(191.13496919607,71.312433494153,
    -2.449957E-02));
#8087 = DIRECTION('',(0.925705431508,0.378245230078,0.));
#8088 = DIRECTION('',(-0.378245230078,0.925705431508,0.));
#8089 = ADVANCED_FACE('',(#8090),#8101,.F.);
#8090 = FACE_BOUND('',#8091,.F.);
#8091 = EDGE_LOOP('',(#8092,#8093,#8094,#8095));
#8092 = ORIENTED_EDGE('',*,*,#5432,.T.);
#8093 = ORIENTED_EDGE('',*,*,#8079,.T.);
#8094 = ORIENTED_EDGE('',*,*,#6654,.F.);
#8095 = ORIENTED_EDGE('',*,*,#8096,.F.);
#8096 = EDGE_CURVE('',#5425,#6647,#8097,.T.);
#8097 = LINE('',#8098,#8099);
#8098 = CARTESIAN_POINT('',(191.0439692033,71.430933484735,9.99998E-03)
  );
#8099 = VECTOR('',#8100,1.);
#8100 = DIRECTION('',(0.,0.,-1.));
#8101 = PLANE('',#8102);
#8102 = AXIS2_PLACEMENT_3D('',#8103,#8104,#8105);
#8103 = CARTESIAN_POINT('',(191.07996920044,71.394933487596,
    -2.449957E-02));
#8104 = DIRECTION('',(0.707106781187,0.707106781186,0.));
#8105 = DIRECTION('',(-0.707106781186,0.707106781187,0.));
#8106 = ADVANCED_FACE('',(#8107),#8118,.F.);
#8107 = FACE_BOUND('',#8108,.F.);
#8108 = EDGE_LOOP('',(#8109,#8110,#8111,#8112));
#8109 = ORIENTED_EDGE('',*,*,#5424,.T.);
#8110 = ORIENTED_EDGE('',*,*,#8096,.T.);
#8111 = ORIENTED_EDGE('',*,*,#6646,.F.);
#8112 = ORIENTED_EDGE('',*,*,#8113,.F.);
#8113 = EDGE_CURVE('',#5417,#6639,#8114,.T.);
#8114 = LINE('',#8115,#8116);
#8115 = CARTESIAN_POINT('',(190.95096921069,71.468933481715,9.99998E-03)
  );
#8116 = VECTOR('',#8117,1.);
#8117 = DIRECTION('',(0.,0.,-1.));
#8118 = PLANE('',#8119);
#8119 = AXIS2_PLACEMENT_3D('',#8120,#8121,#8122);
#8120 = CARTESIAN_POINT('',(190.99746920699,71.449933483225,
    -2.449957E-02));
#8121 = DIRECTION('',(0.378245230078,0.925705431508,0.));
#8122 = DIRECTION('',(0.925705431508,-0.378245230078,0.));
#8123 = ADVANCED_FACE('',(#8124),#8135,.F.);
#8124 = FACE_BOUND('',#8125,.F.);
#8125 = EDGE_LOOP('',(#8126,#8127,#8128,#8129));
#8126 = ORIENTED_EDGE('',*,*,#5416,.T.);
#8127 = ORIENTED_EDGE('',*,*,#8113,.T.);
#8128 = ORIENTED_EDGE('',*,*,#6638,.F.);
#8129 = ORIENTED_EDGE('',*,*,#8130,.F.);
#8130 = EDGE_CURVE('',#5409,#6631,#8131,.T.);
#8131 = LINE('',#8132,#8133);
#8132 = CARTESIAN_POINT('',(190.85096921864,71.468933481715,9.99998E-03)
  );
#8133 = VECTOR('',#8134,1.);
#8134 = DIRECTION('',(0.,0.,-1.));
#8135 = PLANE('',#8136);
#8136 = AXIS2_PLACEMENT_3D('',#8137,#8138,#8139);
#8137 = CARTESIAN_POINT('',(190.90096921466,71.468933481715,
    -2.449957E-02));
#8138 = DIRECTION('',(0.,1.,0.));
#8139 = DIRECTION('',(0.,-0.,1.));
#8140 = ADVANCED_FACE('',(#8141),#8152,.F.);
#8141 = FACE_BOUND('',#8142,.F.);
#8142 = EDGE_LOOP('',(#8143,#8144,#8145,#8146));
#8143 = ORIENTED_EDGE('',*,*,#5408,.T.);
#8144 = ORIENTED_EDGE('',*,*,#8130,.T.);
#8145 = ORIENTED_EDGE('',*,*,#6630,.F.);
#8146 = ORIENTED_EDGE('',*,*,#8147,.F.);
#8147 = EDGE_CURVE('',#5401,#6623,#8148,.T.);
#8148 = LINE('',#8149,#8150);
#8149 = CARTESIAN_POINT('',(190.75796922603,71.430933484735,9.99998E-03)
  );
#8150 = VECTOR('',#8151,1.);
#8151 = DIRECTION('',(0.,0.,-1.));
#8152 = PLANE('',#8153);
#8153 = AXIS2_PLACEMENT_3D('',#8154,#8155,#8156);
#8154 = CARTESIAN_POINT('',(190.80446922233,71.449933483225,
    -2.449957E-02));
#8155 = DIRECTION('',(-0.378245230078,0.925705431508,0.));
#8156 = DIRECTION('',(0.925705431508,0.378245230078,0.));
#8157 = ADVANCED_FACE('',(#8158),#8169,.F.);
#8158 = FACE_BOUND('',#8159,.F.);
#8159 = EDGE_LOOP('',(#8160,#8161,#8162,#8163));
#8160 = ORIENTED_EDGE('',*,*,#5400,.T.);
#8161 = ORIENTED_EDGE('',*,*,#8147,.T.);
#8162 = ORIENTED_EDGE('',*,*,#6622,.F.);
#8163 = ORIENTED_EDGE('',*,*,#8164,.F.);
#8164 = EDGE_CURVE('',#5393,#6615,#8165,.T.);
#8165 = LINE('',#8166,#8167);
#8166 = CARTESIAN_POINT('',(190.68696923167,71.358933490457,9.99998E-03)
  );
#8167 = VECTOR('',#8168,1.);
#8168 = DIRECTION('',(0.,0.,-1.));
#8169 = PLANE('',#8170);
#8170 = AXIS2_PLACEMENT_3D('',#8171,#8172,#8173);
#8171 = CARTESIAN_POINT('',(190.72246922885,71.394933487596,
    -2.449957E-02));
#8172 = DIRECTION('',(-0.712034174065,0.702144810536,-1.914298149577E-17
    ));
#8173 = DIRECTION('',(-0.702144810536,-0.712034174065,0.));
#8174 = ADVANCED_FACE('',(#8175),#8186,.F.);
#8175 = FACE_BOUND('',#8176,.F.);
#8176 = EDGE_LOOP('',(#8177,#8178,#8179,#8180));
#8177 = ORIENTED_EDGE('',*,*,#5392,.T.);
#8178 = ORIENTED_EDGE('',*,*,#8164,.T.);
#8179 = ORIENTED_EDGE('',*,*,#6614,.F.);
#8180 = ORIENTED_EDGE('',*,*,#8181,.F.);
#8181 = EDGE_CURVE('',#5385,#6607,#8182,.T.);
#8182 = LINE('',#8183,#8184);
#8183 = CARTESIAN_POINT('',(190.64796923477,71.265933497848,9.99998E-03)
  );
#8184 = VECTOR('',#8185,1.);
#8185 = DIRECTION('',(0.,0.,-1.));
#8186 = PLANE('',#8187);
#8187 = AXIS2_PLACEMENT_3D('',#8188,#8189,#8190);
#8188 = CARTESIAN_POINT('',(190.66746923322,71.312433494153,
    -2.449957E-02));
#8189 = DIRECTION('',(-0.922194381828,0.386726676251,-0.));
#8190 = DIRECTION('',(-0.386726676251,-0.922194381828,0.));
#8191 = ADVANCED_FACE('',(#8192),#8203,.F.);
#8192 = FACE_BOUND('',#8193,.F.);
#8193 = EDGE_LOOP('',(#8194,#8195,#8196,#8197));
#8194 = ORIENTED_EDGE('',*,*,#5384,.T.);
#8195 = ORIENTED_EDGE('',*,*,#8181,.T.);
#8196 = ORIENTED_EDGE('',*,*,#6606,.F.);
#8197 = ORIENTED_EDGE('',*,*,#8198,.F.);
#8198 = EDGE_CURVE('',#5377,#6599,#8199,.T.);
#8199 = LINE('',#8200,#8201);
#8200 = CARTESIAN_POINT('',(190.64296923517,71.215933501822,9.99998E-03)
  );
#8201 = VECTOR('',#8202,1.);
#8202 = DIRECTION('',(0.,0.,-1.));
#8203 = PLANE('',#8204);
#8204 = AXIS2_PLACEMENT_3D('',#8205,#8206,#8207);
#8205 = CARTESIAN_POINT('',(190.64546923497,71.240933499835,
    -2.449957E-02));
#8206 = DIRECTION('',(-0.99503719021,9.950371902091E-02,
    2.62230573873E-18));
#8207 = DIRECTION('',(-9.950371902091E-02,-0.99503719021,0.));
#8208 = ADVANCED_FACE('',(#8209),#8220,.F.);
#8209 = FACE_BOUND('',#8210,.F.);
#8210 = EDGE_LOOP('',(#8211,#8212,#8213,#8214));
#8211 = ORIENTED_EDGE('',*,*,#5376,.T.);
#8212 = ORIENTED_EDGE('',*,*,#8198,.T.);
#8213 = ORIENTED_EDGE('',*,*,#6598,.F.);
#8214 = ORIENTED_EDGE('',*,*,#8215,.F.);
#8215 = EDGE_CURVE('',#5369,#6591,#8216,.T.);
#8216 = LINE('',#8217,#8218);
#8217 = CARTESIAN_POINT('',(190.6399692354,71.215933501822,9.99998E-03)
  );
#8218 = VECTOR('',#8219,1.);
#8219 = DIRECTION('',(0.,0.,-1.));
#8220 = PLANE('',#8221);
#8221 = AXIS2_PLACEMENT_3D('',#8222,#8223,#8224);
#8222 = CARTESIAN_POINT('',(190.64146923529,71.215933501822,
    -2.449957E-02));
#8223 = DIRECTION('',(0.,1.,0.));
#8224 = DIRECTION('',(0.,-0.,1.));
#8225 = ADVANCED_FACE('',(#8226),#8237,.F.);
#8226 = FACE_BOUND('',#8227,.F.);
#8227 = EDGE_LOOP('',(#8228,#8229,#8230,#8231));
#8228 = ORIENTED_EDGE('',*,*,#5368,.T.);
#8229 = ORIENTED_EDGE('',*,*,#8215,.T.);
#8230 = ORIENTED_EDGE('',*,*,#6590,.F.);
#8231 = ORIENTED_EDGE('',*,*,#8232,.F.);
#8232 = EDGE_CURVE('',#5361,#6583,#8233,.T.);
#8233 = LINE('',#8234,#8235);
#8234 = CARTESIAN_POINT('',(190.65096923453,57.915934558811,9.99998E-03)
  );
#8235 = VECTOR('',#8236,1.);
#8236 = DIRECTION('',(0.,0.,-1.));
#8237 = PLANE('',#8238);
#8238 = AXIS2_PLACEMENT_3D('',#8239,#8240,#8241);
#8239 = CARTESIAN_POINT('',(190.64546923497,64.565934030316,
    -2.449957E-02));
#8240 = DIRECTION('',(-0.99999965798,-8.270673862992E-04,
    5.650358298305E-18));
#8241 = DIRECTION('',(8.270673862992E-04,-0.99999965798,0.));
#8242 = ADVANCED_FACE('',(#8243),#8254,.F.);
#8243 = FACE_BOUND('',#8244,.F.);
#8244 = EDGE_LOOP('',(#8245,#8246,#8247,#8248));
#8245 = ORIENTED_EDGE('',*,*,#5360,.T.);
#8246 = ORIENTED_EDGE('',*,*,#8232,.T.);
#8247 = ORIENTED_EDGE('',*,*,#6582,.F.);
#8248 = ORIENTED_EDGE('',*,*,#8249,.F.);
#8249 = EDGE_CURVE('',#5353,#6575,#8250,.T.);
#8250 = LINE('',#8251,#8252);
#8251 = CARTESIAN_POINT('',(190.65396923429,57.853934563738,9.99998E-03)
  );
#8252 = VECTOR('',#8253,1.);
#8253 = DIRECTION('',(0.,0.,-1.));
#8254 = PLANE('',#8255);
#8255 = AXIS2_PLACEMENT_3D('',#8256,#8257,#8258);
#8256 = CARTESIAN_POINT('',(190.65246923441,57.884934561275,
    -2.449957E-02));
#8257 = DIRECTION('',(-0.998831396082,-4.833055142313E-02,
    1.158803723087E-18));
#8258 = DIRECTION('',(4.833055142313E-02,-0.998831396082,0.));
#8259 = ADVANCED_FACE('',(#8260),#8271,.F.);
#8260 = FACE_BOUND('',#8261,.F.);
#8261 = EDGE_LOOP('',(#8262,#8263,#8264,#8265));
#8262 = ORIENTED_EDGE('',*,*,#5352,.T.);
#8263 = ORIENTED_EDGE('',*,*,#8249,.T.);
#8264 = ORIENTED_EDGE('',*,*,#6574,.F.);
#8265 = ORIENTED_EDGE('',*,*,#8266,.F.);
#8266 = EDGE_CURVE('',#5345,#6567,#8267,.T.);
#8267 = LINE('',#8268,#8269);
#8268 = CARTESIAN_POINT('',(190.61396923747,57.737934572957,9.99998E-03)
  );
#8269 = VECTOR('',#8270,1.);
#8270 = DIRECTION('',(0.,0.,-1.));
#8271 = PLANE('',#8272);
#8272 = AXIS2_PLACEMENT_3D('',#8273,#8274,#8275);
#8273 = CARTESIAN_POINT('',(190.63396923588,57.795934568348,
    -2.449957E-02));
#8274 = DIRECTION('',(-0.945372981626,0.325990683319,-2.58972276179E-17)
  );
#8275 = DIRECTION('',(-0.325990683319,-0.945372981626,0.));
#8276 = ADVANCED_FACE('',(#8277),#8288,.F.);
#8277 = FACE_BOUND('',#8278,.F.);
#8278 = EDGE_LOOP('',(#8279,#8280,#8281,#8282));
#8279 = ORIENTED_EDGE('',*,*,#5344,.T.);
#8280 = ORIENTED_EDGE('',*,*,#8266,.T.);
#8281 = ORIENTED_EDGE('',*,*,#6566,.F.);
#8282 = ORIENTED_EDGE('',*,*,#8283,.F.);
#8283 = EDGE_CURVE('',#5337,#6559,#8284,.T.);
#8284 = LINE('',#8285,#8286);
#8285 = CARTESIAN_POINT('',(190.53196924399,57.645934580269,9.99998E-03)
  );
#8286 = VECTOR('',#8287,1.);
#8287 = DIRECTION('',(0.,0.,-1.));
#8288 = PLANE('',#8289);
#8289 = AXIS2_PLACEMENT_3D('',#8290,#8291,#8292);
#8290 = CARTESIAN_POINT('',(190.57296924073,57.691934576613,
    -2.449957E-02));
#8291 = DIRECTION('',(-0.746513271676,0.665370524754,-1.184629596612E-18
    ));
#8292 = DIRECTION('',(-0.665370524754,-0.746513271676,9.629649721936E-35
    ));
#8293 = ADVANCED_FACE('',(#8294),#8305,.F.);
#8294 = FACE_BOUND('',#8295,.F.);
#8295 = EDGE_LOOP('',(#8296,#8297,#8298,#8299));
#8296 = ORIENTED_EDGE('',*,*,#5336,.T.);
#8297 = ORIENTED_EDGE('',*,*,#8283,.T.);
#8298 = ORIENTED_EDGE('',*,*,#6558,.F.);
#8299 = ORIENTED_EDGE('',*,*,#8300,.F.);
#8300 = EDGE_CURVE('',#5329,#6551,#8301,.T.);
#8301 = LINE('',#8302,#8303);
#8302 = CARTESIAN_POINT('',(190.42096925281,57.59193458456,9.99998E-03)
  );
#8303 = VECTOR('',#8304,1.);
#8304 = DIRECTION('',(0.,0.,-1.));
#8305 = PLANE('',#8306);
#8306 = AXIS2_PLACEMENT_3D('',#8307,#8308,#8309);
#8307 = CARTESIAN_POINT('',(190.4764692484,57.618934582414,-2.449957E-02
    ));
#8308 = DIRECTION('',(-0.437465718849,0.899235088746,0.));
#8309 = DIRECTION('',(0.899235088746,0.437465718849,0.));
#8310 = ADVANCED_FACE('',(#8311),#8322,.F.);
#8311 = FACE_BOUND('',#8312,.F.);
#8312 = EDGE_LOOP('',(#8313,#8314,#8315,#8316));
#8313 = ORIENTED_EDGE('',*,*,#5328,.T.);
#8314 = ORIENTED_EDGE('',*,*,#8300,.T.);
#8315 = ORIENTED_EDGE('',*,*,#6550,.F.);
#8316 = ORIENTED_EDGE('',*,*,#8317,.F.);
#8317 = EDGE_CURVE('',#5321,#6543,#8318,.T.);
#8318 = LINE('',#8319,#8320);
#8319 = CARTESIAN_POINT('',(190.35896925774,57.587934584878,9.99998E-03)
  );
#8320 = VECTOR('',#8321,1.);
#8321 = DIRECTION('',(0.,0.,-1.));
#8322 = PLANE('',#8323);
#8323 = AXIS2_PLACEMENT_3D('',#8324,#8325,#8326);
#8324 = CARTESIAN_POINT('',(190.38996925527,57.589934584719,
    -2.449957E-02));
#8325 = DIRECTION('',(-6.438227799796E-02,0.997925308968,
    1.543006539389E-18));
#8326 = DIRECTION('',(0.997925308968,6.438227799796E-02,
    1.203706215242E-35));
#8327 = ADVANCED_FACE('',(#8328),#8339,.F.);
#8328 = FACE_BOUND('',#8329,.F.);
#8329 = EDGE_LOOP('',(#8330,#8331,#8332,#8333));
#8330 = ORIENTED_EDGE('',*,*,#5320,.T.);
#8331 = ORIENTED_EDGE('',*,*,#8317,.T.);
#8332 = ORIENTED_EDGE('',*,*,#6542,.F.);
#8333 = ORIENTED_EDGE('',*,*,#8334,.F.);
#8334 = EDGE_CURVE('',#5313,#6535,#8335,.T.);
#8335 = LINE('',#8336,#8337);
#8336 = CARTESIAN_POINT('',(189.86196929723,57.613934582812,9.99998E-03)
  );
#8337 = VECTOR('',#8338,1.);
#8338 = DIRECTION('',(0.,0.,-1.));
#8339 = PLANE('',#8340);
#8340 = AXIS2_PLACEMENT_3D('',#8341,#8342,#8343);
#8341 = CARTESIAN_POINT('',(190.11046927749,57.600934583845,
    -2.449957E-02));
#8342 = DIRECTION('',(5.224244508649E-02,0.998634431076,
    -1.080027935415E-17));
#8343 = DIRECTION('',(0.998634431076,-5.224244508649E-02,
    -9.629649721936E-35));
#8344 = ADVANCED_FACE('',(#8345),#8356,.F.);
#8345 = FACE_BOUND('',#8346,.F.);
#8346 = EDGE_LOOP('',(#8347,#8348,#8349,#8350));
#8347 = ORIENTED_EDGE('',*,*,#5312,.T.);
#8348 = ORIENTED_EDGE('',*,*,#8334,.T.);
#8349 = ORIENTED_EDGE('',*,*,#6534,.F.);
#8350 = ORIENTED_EDGE('',*,*,#8351,.F.);
#8351 = EDGE_CURVE('',#5305,#6527,#8352,.T.);
#8352 = LINE('',#8353,#8354);
#8353 = CARTESIAN_POINT('',(188.87496937567,57.760934571129,9.99998E-03)
  );
#8354 = VECTOR('',#8355,1.);
#8355 = DIRECTION('',(0.,0.,-1.));
#8356 = PLANE('',#8357);
#8357 = AXIS2_PLACEMENT_3D('',#8358,#8359,#8360);
#8358 = CARTESIAN_POINT('',(189.36846933645,57.68743457697,-2.449957E-02
    ));
#8359 = DIRECTION('',(0.147311303089,0.989090177882,0.));
#8360 = DIRECTION('',(0.989090177882,-0.147311303089,0.));
#8361 = ADVANCED_FACE('',(#8362),#8373,.F.);
#8362 = FACE_BOUND('',#8363,.F.);
#8363 = EDGE_LOOP('',(#8364,#8365,#8366,#8367));
#8364 = ORIENTED_EDGE('',*,*,#5304,.T.);
#8365 = ORIENTED_EDGE('',*,*,#8351,.T.);
#8366 = ORIENTED_EDGE('',*,*,#6526,.F.);
#8367 = ORIENTED_EDGE('',*,*,#8368,.F.);
#8368 = EDGE_CURVE('',#5297,#6519,#8369,.T.);
#8369 = LINE('',#8370,#8371);
#8370 = CARTESIAN_POINT('',(187.9069694526,57.999934552135,9.99998E-03)
  );
#8371 = VECTOR('',#8372,1.);
#8372 = DIRECTION('',(0.,0.,-1.));
#8373 = PLANE('',#8374);
#8374 = AXIS2_PLACEMENT_3D('',#8375,#8376,#8377);
#8375 = CARTESIAN_POINT('',(188.39096941414,57.880434561632,
    -2.449957E-02));
#8376 = DIRECTION('',(0.239702760005,0.970846325041,0.));
#8377 = DIRECTION('',(0.970846325041,-0.239702760005,0.));
#8378 = ADVANCED_FACE('',(#8379),#8390,.F.);
#8379 = FACE_BOUND('',#8380,.F.);
#8380 = EDGE_LOOP('',(#8381,#8382,#8383,#8384));
#8381 = ORIENTED_EDGE('',*,*,#5296,.T.);
#8382 = ORIENTED_EDGE('',*,*,#8368,.T.);
#8383 = ORIENTED_EDGE('',*,*,#6518,.F.);
#8384 = ORIENTED_EDGE('',*,*,#8385,.F.);
#8385 = EDGE_CURVE('',#5289,#6511,#8386,.T.);
#8386 = LINE('',#8387,#8388);
#8387 = CARTESIAN_POINT('',(186.96596952739,58.329934525909,9.99998E-03)
  );
#8388 = VECTOR('',#8389,1.);
#8389 = DIRECTION('',(0.,0.,-1.));
#8390 = PLANE('',#8391);
#8391 = AXIS2_PLACEMENT_3D('',#8392,#8393,#8394);
#8392 = CARTESIAN_POINT('',(187.43646949,58.164934539022,-2.449957E-02)
  );
#8393 = DIRECTION('',(0.330931060564,0.943654933306,0.));
#8394 = DIRECTION('',(0.943654933306,-0.330931060564,0.));
#8395 = ADVANCED_FACE('',(#8396),#8407,.F.);
#8396 = FACE_BOUND('',#8397,.F.);
#8397 = EDGE_LOOP('',(#8398,#8399,#8400,#8401));
#8398 = ORIENTED_EDGE('',*,*,#5288,.T.);
#8399 = ORIENTED_EDGE('',*,*,#8385,.T.);
#8400 = ORIENTED_EDGE('',*,*,#6510,.F.);
#8401 = ORIENTED_EDGE('',*,*,#8402,.F.);
#8402 = EDGE_CURVE('',#5281,#6503,#8403,.T.);
#8403 = LINE('',#8404,#8405);
#8404 = CARTESIAN_POINT('',(186.05996959939,58.746934492769,9.99998E-03)
  );
#8405 = VECTOR('',#8406,1.);
#8406 = DIRECTION('',(0.,0.,-1.));
#8407 = PLANE('',#8408);
#8408 = AXIS2_PLACEMENT_3D('',#8409,#8410,#8411);
#8409 = CARTESIAN_POINT('',(186.51296956339,58.538434509339,
    -2.449957E-02));
#8410 = DIRECTION('',(0.418104207948,0.908399070506,-3.075267041086E-18)
  );
#8411 = DIRECTION('',(0.908399070506,-0.418104207948,0.));
#8412 = ADVANCED_FACE('',(#8413),#8424,.F.);
#8413 = FACE_BOUND('',#8414,.F.);
#8414 = EDGE_LOOP('',(#8415,#8416,#8417,#8418));
#8415 = ORIENTED_EDGE('',*,*,#5280,.T.);
#8416 = ORIENTED_EDGE('',*,*,#8402,.T.);
#8417 = ORIENTED_EDGE('',*,*,#6502,.F.);
#8418 = ORIENTED_EDGE('',*,*,#8419,.F.);
#8419 = EDGE_CURVE('',#5273,#6495,#8420,.T.);
#8420 = LINE('',#8421,#8422);
#8421 = CARTESIAN_POINT('',(185.1979696679,59.248934452874,9.99998E-03)
  );
#8422 = VECTOR('',#8423,1.);
#8423 = DIRECTION('',(0.,0.,-1.));
#8424 = PLANE('',#8425);
#8425 = AXIS2_PLACEMENT_3D('',#8426,#8427,#8428);
#8426 = CARTESIAN_POINT('',(185.62896963364,58.997934472821,
    -2.449957E-02));
#8427 = DIRECTION('',(0.503247587457,0.864142271689,0.));
#8428 = DIRECTION('',(0.864142271689,-0.503247587457,0.));
#8429 = ADVANCED_FACE('',(#8430),#8441,.F.);
#8430 = FACE_BOUND('',#8431,.F.);
#8431 = EDGE_LOOP('',(#8432,#8433,#8434,#8435));
#8432 = ORIENTED_EDGE('',*,*,#5272,.T.);
#8433 = ORIENTED_EDGE('',*,*,#8419,.T.);
#8434 = ORIENTED_EDGE('',*,*,#6494,.F.);
#8435 = ORIENTED_EDGE('',*,*,#8436,.F.);
#8436 = EDGE_CURVE('',#5265,#6487,#8437,.T.);
#8437 = LINE('',#8438,#8439);
#8438 = CARTESIAN_POINT('',(184.38796973227,59.8299344067,9.99998E-03));
#8439 = VECTOR('',#8440,1.);
#8440 = DIRECTION('',(0.,0.,-1.));
#8441 = PLANE('',#8442);
#8442 = AXIS2_PLACEMENT_3D('',#8443,#8444,#8445);
#8443 = CARTESIAN_POINT('',(184.79296970008,59.539434429787,
    -2.449957E-02));
#8444 = DIRECTION('',(0.582850280859,0.812579565398,0.));
#8445 = DIRECTION('',(0.812579565398,-0.582850280859,0.));
#8446 = ADVANCED_FACE('',(#8447),#8458,.F.);
#8447 = FACE_BOUND('',#8448,.F.);
#8448 = EDGE_LOOP('',(#8449,#8450,#8451,#8452));
#8449 = ORIENTED_EDGE('',*,*,#5264,.T.);
#8450 = ORIENTED_EDGE('',*,*,#8436,.T.);
#8451 = ORIENTED_EDGE('',*,*,#6486,.F.);
#8452 = ORIENTED_EDGE('',*,*,#8453,.F.);
#8453 = EDGE_CURVE('',#5257,#6479,#8454,.T.);
#8454 = LINE('',#8455,#8456);
#8455 = CARTESIAN_POINT('',(183.63596979203,60.484934354645,9.99998E-03)
  );
#8456 = VECTOR('',#8457,1.);
#8457 = DIRECTION('',(0.,0.,-1.));
#8458 = PLANE('',#8459);
#8459 = AXIS2_PLACEMENT_3D('',#8460,#8461,#8462);
#8460 = CARTESIAN_POINT('',(184.01196976215,60.157434380673,
    -2.449957E-02));
#8461 = DIRECTION('',(0.656799138189,0.754065575447,9.846033042493E-18)
  );
#8462 = DIRECTION('',(0.754065575447,-0.656799138189,0.));
#8463 = ADVANCED_FACE('',(#8464),#8475,.F.);
#8464 = FACE_BOUND('',#8465,.F.);
#8465 = EDGE_LOOP('',(#8466,#8467,#8468,#8469));
#8466 = ORIENTED_EDGE('',*,*,#5256,.T.);
#8467 = ORIENTED_EDGE('',*,*,#8453,.T.);
#8468 = ORIENTED_EDGE('',*,*,#6478,.F.);
#8469 = ORIENTED_EDGE('',*,*,#8470,.F.);
#8470 = EDGE_CURVE('',#5249,#6471,#8471,.T.);
#8471 = LINE('',#8472,#8473);
#8472 = CARTESIAN_POINT('',(182.94896984663,61.207934297186,9.99998E-03)
  );
#8473 = VECTOR('',#8474,1.);
#8474 = DIRECTION('',(0.,0.,-1.));
#8475 = PLANE('',#8476);
#8476 = AXIS2_PLACEMENT_3D('',#8477,#8478,#8479);
#8477 = CARTESIAN_POINT('',(183.29246981933,60.846434325916,
    -2.449957E-02));
#8478 = DIRECTION('',(0.724924328482,0.688828511296,0.));
#8479 = DIRECTION('',(-0.688828511296,0.724924328482,0.));
#8480 = ADVANCED_FACE('',(#8481),#8492,.F.);
#8481 = FACE_BOUND('',#8482,.F.);
#8482 = EDGE_LOOP('',(#8483,#8484,#8485,#8486));
#8483 = ORIENTED_EDGE('',*,*,#5248,.T.);
#8484 = ORIENTED_EDGE('',*,*,#8470,.T.);
#8485 = ORIENTED_EDGE('',*,*,#6470,.F.);
#8486 = ORIENTED_EDGE('',*,*,#8487,.F.);
#8487 = EDGE_CURVE('',#5241,#6463,#8488,.T.);
#8488 = LINE('',#8489,#8490);
#8489 = CARTESIAN_POINT('',(182.33496989543,61.9929342348,9.99998E-03));
#8490 = VECTOR('',#8491,1.);
#8491 = DIRECTION('',(0.,0.,-1.));
#8492 = PLANE('',#8493);
#8493 = AXIS2_PLACEMENT_3D('',#8494,#8495,#8496);
#8494 = CARTESIAN_POINT('',(182.64196987103,61.600434265993,
    -2.449957E-02));
#8495 = DIRECTION('',(0.787674362334,0.616091794233,0.));
#8496 = DIRECTION('',(-0.616091794233,0.787674362334,0.));
#8497 = ADVANCED_FACE('',(#8498),#8509,.F.);
#8498 = FACE_BOUND('',#8499,.F.);
#8499 = EDGE_LOOP('',(#8500,#8501,#8502,#8503));
#8500 = ORIENTED_EDGE('',*,*,#5240,.T.);
#8501 = ORIENTED_EDGE('',*,*,#8487,.T.);
#8502 = ORIENTED_EDGE('',*,*,#6462,.F.);
#8503 = ORIENTED_EDGE('',*,*,#8504,.F.);
#8504 = EDGE_CURVE('',#5233,#6455,#8505,.T.);
#8505 = LINE('',#8506,#8507);
#8506 = CARTESIAN_POINT('',(181.79696993818,62.832934168043,9.99998E-03)
  );
#8507 = VECTOR('',#8508,1.);
#8508 = DIRECTION('',(0.,0.,-1.));
#8509 = PLANE('',#8510);
#8510 = AXIS2_PLACEMENT_3D('',#8511,#8512,#8513);
#8511 = CARTESIAN_POINT('',(182.06596991681,62.412934201421,
    -2.449957E-02));
#8512 = DIRECTION('',(0.842089289103,0.539338139925,0.));
#8513 = DIRECTION('',(-0.539338139925,0.842089289103,0.));
#8514 = ADVANCED_FACE('',(#8515),#8526,.F.);
#8515 = FACE_BOUND('',#8516,.F.);
#8516 = EDGE_LOOP('',(#8517,#8518,#8519,#8520));
#8517 = ORIENTED_EDGE('',*,*,#5232,.T.);
#8518 = ORIENTED_EDGE('',*,*,#8504,.T.);
#8519 = ORIENTED_EDGE('',*,*,#6454,.F.);
#8520 = ORIENTED_EDGE('',*,*,#8521,.F.);
#8521 = EDGE_CURVE('',#5225,#6447,#8522,.T.);
#8522 = LINE('',#8523,#8524);
#8523 = CARTESIAN_POINT('',(181.34096997442,63.71993409755,9.99998E-03)
  );
#8524 = VECTOR('',#8525,1.);
#8525 = DIRECTION('',(0.,0.,-1.));
#8526 = PLANE('',#8527);
#8527 = AXIS2_PLACEMENT_3D('',#8528,#8529,#8530);
#8528 = CARTESIAN_POINT('',(181.5689699563,63.276434132797,-2.449957E-02
    ));
#8529 = DIRECTION('',(0.889357699657,0.457212075585,0.));
#8530 = DIRECTION('',(-0.457212075585,0.889357699657,0.));
#8531 = ADVANCED_FACE('',(#8532),#8543,.F.);
#8532 = FACE_BOUND('',#8533,.F.);
#8533 = EDGE_LOOP('',(#8534,#8535,#8536,#8537));
#8534 = ORIENTED_EDGE('',*,*,#5224,.T.);
#8535 = ORIENTED_EDGE('',*,*,#8521,.T.);
#8536 = ORIENTED_EDGE('',*,*,#6446,.F.);
#8537 = ORIENTED_EDGE('',*,*,#8538,.F.);
#8538 = EDGE_CURVE('',#5217,#6439,#8539,.T.);
#8539 = LINE('',#8540,#8541);
#8540 = CARTESIAN_POINT('',(180.97197000375,64.645934023959,9.99998E-03)
  );
#8541 = VECTOR('',#8542,1.);
#8542 = DIRECTION('',(0.,0.,-1.));
#8543 = PLANE('',#8544);
#8544 = AXIS2_PLACEMENT_3D('',#8545,#8546,#8547);
#8545 = CARTESIAN_POINT('',(181.15646998909,64.182934060754,
    -2.449957E-02));
#8546 = DIRECTION('',(0.928960203345,0.370179605869,0.));
#8547 = DIRECTION('',(-0.370179605869,0.928960203345,0.));
#8548 = ADVANCED_FACE('',(#8549),#8560,.F.);
#8549 = FACE_BOUND('',#8550,.F.);
#8550 = EDGE_LOOP('',(#8551,#8552,#8553,#8554));
#8551 = ORIENTED_EDGE('',*,*,#5216,.T.);
#8552 = ORIENTED_EDGE('',*,*,#8538,.T.);
#8553 = ORIENTED_EDGE('',*,*,#6438,.F.);
#8554 = ORIENTED_EDGE('',*,*,#8555,.F.);
#8555 = EDGE_CURVE('',#5209,#6431,#8556,.T.);
#8556 = LINE('',#8557,#8558);
#8557 = CARTESIAN_POINT('',(180.691970026,65.602933947903,9.99998E-03));
#8558 = VECTOR('',#8559,1.);
#8559 = DIRECTION('',(0.,0.,-1.));
#8560 = PLANE('',#8561);
#8561 = AXIS2_PLACEMENT_3D('',#8562,#8563,#8564);
#8562 = CARTESIAN_POINT('',(180.83197001487,65.124433985931,
    -2.449957E-02));
#8563 = DIRECTION('',(0.959763780104,0.280808629498,0.));
#8564 = DIRECTION('',(-0.280808629498,0.959763780104,0.));
#8565 = ADVANCED_FACE('',(#8566),#8577,.F.);
#8566 = FACE_BOUND('',#8567,.F.);
#8567 = EDGE_LOOP('',(#8568,#8569,#8570,#8571));
#8568 = ORIENTED_EDGE('',*,*,#5208,.T.);
#8569 = ORIENTED_EDGE('',*,*,#8555,.T.);
#8570 = ORIENTED_EDGE('',*,*,#6430,.F.);
#8571 = ORIENTED_EDGE('',*,*,#8572,.F.);
#8572 = EDGE_CURVE('',#5201,#6423,#8573,.T.);
#8573 = LINE('',#8574,#8575);
#8574 = CARTESIAN_POINT('',(180.50297004102,66.58293387002,9.99998E-03)
  );
#8575 = VECTOR('',#8576,1.);
#8576 = DIRECTION('',(0.,0.,-1.));
#8577 = PLANE('',#8578);
#8578 = AXIS2_PLACEMENT_3D('',#8579,#8580,#8581);
#8579 = CARTESIAN_POINT('',(180.59747003351,66.092933908961,
    -2.449957E-02));
#8580 = DIRECTION('',(0.981906257576,0.18936763539,0.));
#8581 = DIRECTION('',(-0.18936763539,0.981906257576,0.));
#8582 = ADVANCED_FACE('',(#8583),#8594,.F.);
#8583 = FACE_BOUND('',#8584,.F.);
#8584 = EDGE_LOOP('',(#8585,#8586,#8587,#8588));
#8585 = ORIENTED_EDGE('',*,*,#5200,.T.);
#8586 = ORIENTED_EDGE('',*,*,#8572,.T.);
#8587 = ORIENTED_EDGE('',*,*,#6422,.F.);
#8588 = ORIENTED_EDGE('',*,*,#8589,.F.);
#8589 = EDGE_CURVE('',#5193,#6415,#8590,.T.);
#8590 = LINE('',#8591,#8592);
#8591 = CARTESIAN_POINT('',(180.40897004849,67.574933791183,9.99998E-03)
  );
#8592 = VECTOR('',#8593,1.);
#8593 = DIRECTION('',(0.,0.,-1.));
#8594 = PLANE('',#8595);
#8595 = AXIS2_PLACEMENT_3D('',#8596,#8597,#8598);
#8596 = CARTESIAN_POINT('',(180.45597004476,67.078933830601,
    -2.449957E-02));
#8597 = DIRECTION('',(0.995540464166,9.433548753187E-02,0.));
#8598 = DIRECTION('',(-9.433548753187E-02,0.995540464166,0.));
#8599 = ADVANCED_FACE('',(#8600),#8611,.F.);
#8600 = FACE_BOUND('',#8601,.F.);
#8601 = EDGE_LOOP('',(#8602,#8603,#8604,#8605));
#8602 = ORIENTED_EDGE('',*,*,#5192,.T.);
#8603 = ORIENTED_EDGE('',*,*,#8589,.T.);
#8604 = ORIENTED_EDGE('',*,*,#6414,.F.);
#8605 = ORIENTED_EDGE('',*,*,#8606,.F.);
#8606 = EDGE_CURVE('',#5185,#6407,#8607,.T.);
#8607 = LINE('',#8608,#8609);
#8608 = CARTESIAN_POINT('',(180.40897004849,68.073933751526,9.99998E-03)
  );
#8609 = VECTOR('',#8610,1.);
#8610 = DIRECTION('',(0.,0.,-1.));
#8611 = PLANE('',#8612);
#8612 = AXIS2_PLACEMENT_3D('',#8613,#8614,#8615);
#8613 = CARTESIAN_POINT('',(180.40897004849,67.824433771354,
    -2.449957E-02));
#8614 = DIRECTION('',(1.,1.29727308639E-26,3.093323991066E-28));
#8615 = DIRECTION('',(-1.29727308639E-26,1.,0.));
#8616 = ADVANCED_FACE('',(#8617),#8628,.F.);
#8617 = FACE_BOUND('',#8618,.F.);
#8618 = EDGE_LOOP('',(#8619,#8620,#8621,#8622));
#8619 = ORIENTED_EDGE('',*,*,#5184,.T.);
#8620 = ORIENTED_EDGE('',*,*,#8606,.T.);
#8621 = ORIENTED_EDGE('',*,*,#6406,.F.);
#8622 = ORIENTED_EDGE('',*,*,#8623,.F.);
#8623 = EDGE_CURVE('',#5177,#6399,#8624,.T.);
#8624 = LINE('',#8625,#8626);
#8625 = CARTESIAN_POINT('',(180.40397004889,68.166933744135,9.99998E-03)
  );
#8626 = VECTOR('',#8627,1.);
#8627 = DIRECTION('',(0.,0.,-1.));
#8628 = PLANE('',#8629);
#8629 = AXIS2_PLACEMENT_3D('',#8630,#8631,#8632);
#8630 = CARTESIAN_POINT('',(180.40647004869,68.12043374783,-2.449957E-02
    ));
#8631 = DIRECTION('',(0.998557871823,5.368590708723E-02,0.));
#8632 = DIRECTION('',(-5.368590708723E-02,0.998557871823,0.));
#8633 = ADVANCED_FACE('',(#8634),#8645,.F.);
#8634 = FACE_BOUND('',#8635,.F.);
#8635 = EDGE_LOOP('',(#8636,#8637,#8638,#8639));
#8636 = ORIENTED_EDGE('',*,*,#5176,.T.);
#8637 = ORIENTED_EDGE('',*,*,#8623,.T.);
#8638 = ORIENTED_EDGE('',*,*,#6398,.F.);
#8639 = ORIENTED_EDGE('',*,*,#8640,.F.);
#8640 = EDGE_CURVE('',#5169,#6391,#8641,.T.);
#8641 = LINE('',#8642,#8643);
#8642 = CARTESIAN_POINT('',(180.36797005175,68.349933729591,9.99998E-03)
  );
#8643 = VECTOR('',#8644,1.);
#8644 = DIRECTION('',(0.,0.,-1.));
#8645 = PLANE('',#8646);
#8646 = AXIS2_PLACEMENT_3D('',#8647,#8648,#8649);
#8647 = CARTESIAN_POINT('',(180.38597005032,68.258433736863,
    -2.449957E-02));
#8648 = DIRECTION('',(0.981194456491,0.193021860293,1.223302487386E-17)
  );
#8649 = DIRECTION('',(-0.193021860293,0.981194456491,0.));
#8650 = ADVANCED_FACE('',(#8651),#8662,.F.);
#8651 = FACE_BOUND('',#8652,.F.);
#8652 = EDGE_LOOP('',(#8653,#8654,#8655,#8656));
#8653 = ORIENTED_EDGE('',*,*,#5168,.T.);
#8654 = ORIENTED_EDGE('',*,*,#8640,.T.);
#8655 = ORIENTED_EDGE('',*,*,#6390,.F.);
#8656 = ORIENTED_EDGE('',*,*,#8657,.F.);
#8657 = EDGE_CURVE('',#5161,#6383,#8658,.T.);
#8658 = LINE('',#8659,#8660);
#8659 = CARTESIAN_POINT('',(180.29697005739,68.521933715922,9.99998E-03)
  );
#8660 = VECTOR('',#8661,1.);
#8661 = DIRECTION('',(0.,0.,-1.));
#8662 = PLANE('',#8663);
#8663 = AXIS2_PLACEMENT_3D('',#8664,#8665,#8666);
#8664 = CARTESIAN_POINT('',(180.33247005457,68.435933722756,
    -2.449957E-02));
#8665 = DIRECTION('',(0.924343849629,0.381560542579,0.));
#8666 = DIRECTION('',(-0.381560542579,0.924343849629,0.));
#8667 = ADVANCED_FACE('',(#8668),#8679,.F.);
#8668 = FACE_BOUND('',#8669,.F.);
#8669 = EDGE_LOOP('',(#8670,#8671,#8672,#8673));
#8670 = ORIENTED_EDGE('',*,*,#5160,.T.);
#8671 = ORIENTED_EDGE('',*,*,#8657,.T.);
#8672 = ORIENTED_EDGE('',*,*,#6382,.F.);
#8673 = ORIENTED_EDGE('',*,*,#8674,.F.);
#8674 = EDGE_CURVE('',#5153,#6375,#8675,.T.);
#8675 = LINE('',#8676,#8677);
#8676 = CARTESIAN_POINT('',(180.19297006566,68.676933703603,9.99998E-03)
  );
#8677 = VECTOR('',#8678,1.);
#8678 = DIRECTION('',(0.,0.,-1.));
#8679 = PLANE('',#8680);
#8680 = AXIS2_PLACEMENT_3D('',#8681,#8682,#8683);
#8681 = CARTESIAN_POINT('',(180.24497006153,68.599433709763,
    -2.449957E-02));
#8682 = DIRECTION('',(0.830398187149,0.557170396539,0.));
#8683 = DIRECTION('',(-0.557170396539,0.830398187149,0.));
#8684 = ADVANCED_FACE('',(#8685),#8696,.F.);
#8685 = FACE_BOUND('',#8686,.F.);
#8686 = EDGE_LOOP('',(#8687,#8688,#8689,#8690));
#8687 = ORIENTED_EDGE('',*,*,#5152,.T.);
#8688 = ORIENTED_EDGE('',*,*,#8674,.T.);
#8689 = ORIENTED_EDGE('',*,*,#6374,.F.);
#8690 = ORIENTED_EDGE('',*,*,#8691,.F.);
#8691 = EDGE_CURVE('',#5145,#6367,#8692,.T.);
#8692 = LINE('',#8693,#8694);
#8693 = CARTESIAN_POINT('',(180.06197007607,68.807933693192,9.99998E-03)
  );
#8694 = VECTOR('',#8695,1.);
#8695 = DIRECTION('',(0.,0.,-1.));
#8696 = PLANE('',#8697);
#8697 = AXIS2_PLACEMENT_3D('',#8698,#8699,#8700);
#8698 = CARTESIAN_POINT('',(180.12747007086,68.742433698398,
    -2.449957E-02));
#8699 = DIRECTION('',(0.707106781187,0.707106781187,4.693262193128E-17)
  );
#8700 = DIRECTION('',(-0.707106781187,0.707106781187,-3.08148791102E-33)
  );
#8701 = ADVANCED_FACE('',(#8702),#8713,.F.);
#8702 = FACE_BOUND('',#8703,.F.);
#8703 = EDGE_LOOP('',(#8704,#8705,#8706,#8707));
#8704 = ORIENTED_EDGE('',*,*,#5144,.T.);
#8705 = ORIENTED_EDGE('',*,*,#8691,.T.);
#8706 = ORIENTED_EDGE('',*,*,#6366,.F.);
#8707 = ORIENTED_EDGE('',*,*,#8708,.F.);
#8708 = EDGE_CURVE('',#5137,#6359,#8709,.T.);
#8709 = LINE('',#8710,#8711);
#8710 = CARTESIAN_POINT('',(179.90697008839,68.911933684927,9.99998E-03)
  );
#8711 = VECTOR('',#8712,1.);
#8712 = DIRECTION('',(0.,0.,-1.));
#8713 = PLANE('',#8714);
#8714 = AXIS2_PLACEMENT_3D('',#8715,#8716,#8717);
#8715 = CARTESIAN_POINT('',(179.98447008223,68.85993368906,-2.449957E-02
    ));
#8716 = DIRECTION('',(0.557170396539,0.830398187149,1.852805534979E-17)
  );
#8717 = DIRECTION('',(0.830398187149,-0.557170396539,0.));
#8718 = ADVANCED_FACE('',(#8719),#8730,.F.);
#8719 = FACE_BOUND('',#8720,.F.);
#8720 = EDGE_LOOP('',(#8721,#8722,#8723,#8724));
#8721 = ORIENTED_EDGE('',*,*,#5136,.T.);
#8722 = ORIENTED_EDGE('',*,*,#8708,.T.);
#8723 = ORIENTED_EDGE('',*,*,#6358,.F.);
#8724 = ORIENTED_EDGE('',*,*,#8725,.F.);
#8725 = EDGE_CURVE('',#5129,#6351,#8726,.T.);
#8726 = LINE('',#8727,#8728);
#8727 = CARTESIAN_POINT('',(179.73497010206,68.982933679285,9.99998E-03)
  );
#8728 = VECTOR('',#8729,1.);
#8729 = DIRECTION('',(0.,0.,-1.));
#8730 = PLANE('',#8731);
#8731 = AXIS2_PLACEMENT_3D('',#8732,#8733,#8734);
#8732 = CARTESIAN_POINT('',(179.82097009522,68.947433682106,
    -2.449957E-02));
#8733 = DIRECTION('',(0.381560542579,0.924343849629,0.));
#8734 = DIRECTION('',(0.924343849629,-0.381560542579,0.));
#8735 = ADVANCED_FACE('',(#8736),#8747,.F.);
#8736 = FACE_BOUND('',#8737,.F.);
#8737 = EDGE_LOOP('',(#8738,#8739,#8740,#8741));
#8738 = ORIENTED_EDGE('',*,*,#5128,.T.);
#8739 = ORIENTED_EDGE('',*,*,#8725,.T.);
#8740 = ORIENTED_EDGE('',*,*,#6350,.F.);
#8741 = ORIENTED_EDGE('',*,*,#8742,.F.);
#8742 = EDGE_CURVE('',#5121,#6343,#8743,.T.);
#8743 = LINE('',#8744,#8745);
#8744 = CARTESIAN_POINT('',(179.5519701166,69.018933676424,9.99998E-03)
  );
#8745 = VECTOR('',#8746,1.);
#8746 = DIRECTION('',(0.,0.,-1.));
#8747 = PLANE('',#8748);
#8748 = AXIS2_PLACEMENT_3D('',#8749,#8750,#8751);
#8749 = CARTESIAN_POINT('',(179.64347010933,69.000933677854,
    -2.449957E-02));
#8750 = DIRECTION('',(0.193021860293,0.981194456491,0.));
#8751 = DIRECTION('',(0.981194456491,-0.193021860293,0.));
#8752 = ADVANCED_FACE('',(#8753),#8764,.F.);
#8753 = FACE_BOUND('',#8754,.F.);
#8754 = EDGE_LOOP('',(#8755,#8756,#8757,#8758));
#8755 = ORIENTED_EDGE('',*,*,#5120,.T.);
#8756 = ORIENTED_EDGE('',*,*,#8742,.T.);
#8757 = ORIENTED_EDGE('',*,*,#6342,.F.);
#8758 = ORIENTED_EDGE('',*,*,#8759,.F.);
#8759 = EDGE_CURVE('',#5113,#6335,#8760,.T.);
#8760 = LINE('',#8761,#8762);
#8761 = CARTESIAN_POINT('',(179.45897012399,69.023933676026,9.99998E-03)
  );
#8762 = VECTOR('',#8763,1.);
#8763 = DIRECTION('',(0.,0.,-1.));
#8764 = PLANE('',#8765);
#8765 = AXIS2_PLACEMENT_3D('',#8766,#8767,#8768);
#8766 = CARTESIAN_POINT('',(179.5054701203,69.021433676225,-2.449957E-02
    ));
#8767 = DIRECTION('',(5.368590708722E-02,0.998557871823,0.));
#8768 = DIRECTION('',(0.998557871823,-5.368590708722E-02,0.));
#8769 = ADVANCED_FACE('',(#8770),#8781,.F.);
#8770 = FACE_BOUND('',#8771,.F.);
#8771 = EDGE_LOOP('',(#8772,#8773,#8774,#8775));
#8772 = ORIENTED_EDGE('',*,*,#5112,.T.);
#8773 = ORIENTED_EDGE('',*,*,#8759,.T.);
#8774 = ORIENTED_EDGE('',*,*,#6334,.F.);
#8775 = ORIENTED_EDGE('',*,*,#8776,.F.);
#8776 = EDGE_CURVE('',#5105,#6327,#8777,.T.);
#8777 = LINE('',#8778,#8779);
#8778 = CARTESIAN_POINT('',(174.02697055569,69.023933676026,9.99998E-03)
  );
#8779 = VECTOR('',#8780,1.);
#8780 = DIRECTION('',(0.,0.,-1.));
#8781 = PLANE('',#8782);
#8782 = AXIS2_PLACEMENT_3D('',#8783,#8784,#8785);
#8783 = CARTESIAN_POINT('',(176.74297033984,69.023933676026,
    -2.449957E-02));
#8784 = DIRECTION('',(0.,1.,0.));
#8785 = DIRECTION('',(0.,-0.,1.));
#8786 = ADVANCED_FACE('',(#8787),#8798,.F.);
#8787 = FACE_BOUND('',#8788,.F.);
#8788 = EDGE_LOOP('',(#8789,#8790,#8791,#8792));
#8789 = ORIENTED_EDGE('',*,*,#5104,.T.);
#8790 = ORIENTED_EDGE('',*,*,#8776,.T.);
#8791 = ORIENTED_EDGE('',*,*,#6326,.F.);
#8792 = ORIENTED_EDGE('',*,*,#8793,.F.);
#8793 = EDGE_CURVE('',#5097,#6319,#8794,.T.);
#8794 = LINE('',#8795,#8796);
#8795 = CARTESIAN_POINT('',(174.02697055569,86.523932285251,9.99998E-03)
  );
#8796 = VECTOR('',#8797,1.);
#8797 = DIRECTION('',(0.,0.,-1.));
#8798 = PLANE('',#8799);
#8799 = AXIS2_PLACEMENT_3D('',#8800,#8801,#8802);
#8800 = CARTESIAN_POINT('',(174.02697055569,77.773932980639,
    -2.449957E-02));
#8801 = DIRECTION('',(1.,0.,0.));
#8802 = DIRECTION('',(-0.,0.,1.));
#8803 = ADVANCED_FACE('',(#8804),#8815,.F.);
#8804 = FACE_BOUND('',#8805,.F.);
#8805 = EDGE_LOOP('',(#8806,#8807,#8808,#8809));
#8806 = ORIENTED_EDGE('',*,*,#5096,.T.);
#8807 = ORIENTED_EDGE('',*,*,#8793,.T.);
#8808 = ORIENTED_EDGE('',*,*,#6318,.F.);
#8809 = ORIENTED_EDGE('',*,*,#8810,.F.);
#8810 = EDGE_CURVE('',#5089,#6311,#8811,.T.);
#8811 = LINE('',#8812,#8813);
#8812 = CARTESIAN_POINT('',(179.45897012399,86.523932285251,9.99998E-03)
  );
#8813 = VECTOR('',#8814,1.);
#8814 = DIRECTION('',(0.,0.,-1.));
#8815 = PLANE('',#8816);
#8816 = AXIS2_PLACEMENT_3D('',#8817,#8818,#8819);
#8817 = CARTESIAN_POINT('',(176.74297033984,86.523932285251,
    -2.449957E-02));
#8818 = DIRECTION('',(8.22020990652E-29,-1.,-8.228848012949E-29));
#8819 = DIRECTION('',(0.,8.228848012949E-29,-1.));
#8820 = ADVANCED_FACE('',(#8821),#8832,.F.);
#8821 = FACE_BOUND('',#8822,.F.);
#8822 = EDGE_LOOP('',(#8823,#8824,#8825,#8826));
#8823 = ORIENTED_EDGE('',*,*,#5088,.T.);
#8824 = ORIENTED_EDGE('',*,*,#8810,.T.);
#8825 = ORIENTED_EDGE('',*,*,#6310,.F.);
#8826 = ORIENTED_EDGE('',*,*,#8827,.F.);
#8827 = EDGE_CURVE('',#5081,#6303,#8828,.T.);
#8828 = LINE('',#8829,#8830);
#8829 = CARTESIAN_POINT('',(179.5519701166,86.528932284854,9.99998E-03)
  );
#8830 = VECTOR('',#8831,1.);
#8831 = DIRECTION('',(0.,0.,-1.));
#8832 = PLANE('',#8833);
#8833 = AXIS2_PLACEMENT_3D('',#8834,#8835,#8836);
#8834 = CARTESIAN_POINT('',(179.5054701203,86.526432285053,-2.449957E-02
    ));
#8835 = DIRECTION('',(5.368590708728E-02,-0.998557871823,-0.));
#8836 = DIRECTION('',(-0.998557871823,-5.368590708728E-02,0.));
#8837 = ADVANCED_FACE('',(#8838),#8849,.F.);
#8838 = FACE_BOUND('',#8839,.F.);
#8839 = EDGE_LOOP('',(#8840,#8841,#8842,#8843));
#8840 = ORIENTED_EDGE('',*,*,#5080,.T.);
#8841 = ORIENTED_EDGE('',*,*,#8827,.T.);
#8842 = ORIENTED_EDGE('',*,*,#6302,.F.);
#8843 = ORIENTED_EDGE('',*,*,#8844,.F.);
#8844 = EDGE_CURVE('',#5073,#6295,#8845,.T.);
#8845 = LINE('',#8846,#8847);
#8846 = CARTESIAN_POINT('',(179.73497010206,86.564932281993,9.99998E-03)
  );
#8847 = VECTOR('',#8848,1.);
#8848 = DIRECTION('',(0.,0.,-1.));
#8849 = PLANE('',#8850);
#8850 = AXIS2_PLACEMENT_3D('',#8851,#8852,#8853);
#8851 = CARTESIAN_POINT('',(179.64347010933,86.546932283423,
    -2.449957E-02));
#8852 = DIRECTION('',(0.193021860293,-0.981194456491,-0.));
#8853 = DIRECTION('',(-0.981194456491,-0.193021860293,0.));
#8854 = ADVANCED_FACE('',(#8855),#8866,.F.);
#8855 = FACE_BOUND('',#8856,.F.);
#8856 = EDGE_LOOP('',(#8857,#8858,#8859,#8860));
#8857 = ORIENTED_EDGE('',*,*,#5072,.T.);
#8858 = ORIENTED_EDGE('',*,*,#8844,.T.);
#8859 = ORIENTED_EDGE('',*,*,#6294,.F.);
#8860 = ORIENTED_EDGE('',*,*,#8861,.F.);
#8861 = EDGE_CURVE('',#5065,#6287,#8862,.T.);
#8862 = LINE('',#8863,#8864);
#8863 = CARTESIAN_POINT('',(179.90697008839,86.63593227635,9.99998E-03)
  );
#8864 = VECTOR('',#8865,1.);
#8865 = DIRECTION('',(0.,0.,-1.));
#8866 = PLANE('',#8867);
#8867 = AXIS2_PLACEMENT_3D('',#8868,#8869,#8870);
#8868 = CARTESIAN_POINT('',(179.82097009522,86.600432279172,
    -2.449957E-02));
#8869 = DIRECTION('',(0.381560542579,-0.924343849629,-0.));
#8870 = DIRECTION('',(-0.924343849629,-0.381560542579,0.));
#8871 = ADVANCED_FACE('',(#8872),#8883,.F.);
#8872 = FACE_BOUND('',#8873,.F.);
#8873 = EDGE_LOOP('',(#8874,#8875,#8876,#8877));
#8874 = ORIENTED_EDGE('',*,*,#5064,.T.);
#8875 = ORIENTED_EDGE('',*,*,#8861,.T.);
#8876 = ORIENTED_EDGE('',*,*,#6286,.F.);
#8877 = ORIENTED_EDGE('',*,*,#8878,.F.);
#8878 = EDGE_CURVE('',#5057,#6279,#8879,.T.);
#8879 = LINE('',#8880,#8881);
#8880 = CARTESIAN_POINT('',(180.06197007607,86.739932268085,9.99998E-03)
  );
#8881 = VECTOR('',#8882,1.);
#8882 = DIRECTION('',(0.,0.,-1.));
#8883 = PLANE('',#8884);
#8884 = AXIS2_PLACEMENT_3D('',#8885,#8886,#8887);
#8885 = CARTESIAN_POINT('',(179.98447008223,86.687932272218,
    -2.449957E-02));
#8886 = DIRECTION('',(0.557170396539,-0.830398187149,-9.085873296535E-18
    ));
#8887 = DIRECTION('',(-0.830398187149,-0.557170396539,0.));
#8888 = ADVANCED_FACE('',(#8889),#8900,.F.);
#8889 = FACE_BOUND('',#8890,.F.);
#8890 = EDGE_LOOP('',(#8891,#8892,#8893,#8894));
#8891 = ORIENTED_EDGE('',*,*,#5056,.T.);
#8892 = ORIENTED_EDGE('',*,*,#8878,.T.);
#8893 = ORIENTED_EDGE('',*,*,#6278,.F.);
#8894 = ORIENTED_EDGE('',*,*,#8895,.F.);
#8895 = EDGE_CURVE('',#5049,#6271,#8896,.T.);
#8896 = LINE('',#8897,#8898);
#8897 = CARTESIAN_POINT('',(180.19297006566,86.870932257674,9.99998E-03)
  );
#8898 = VECTOR('',#8899,1.);
#8899 = DIRECTION('',(0.,0.,-1.));
#8900 = PLANE('',#8901);
#8901 = AXIS2_PLACEMENT_3D('',#8902,#8903,#8904);
#8902 = CARTESIAN_POINT('',(180.12747007086,86.80543226288,-2.449957E-02
    ));
#8903 = DIRECTION('',(0.707106781187,-0.707106781187,4.693262193129E-17)
  );
#8904 = DIRECTION('',(0.707106781187,0.707106781187,0.));
#8905 = ADVANCED_FACE('',(#8906),#8917,.F.);
#8906 = FACE_BOUND('',#8907,.F.);
#8907 = EDGE_LOOP('',(#8908,#8909,#8910,#8911));
#8908 = ORIENTED_EDGE('',*,*,#5048,.T.);
#8909 = ORIENTED_EDGE('',*,*,#8895,.T.);
#8910 = ORIENTED_EDGE('',*,*,#6270,.F.);
#8911 = ORIENTED_EDGE('',*,*,#8912,.F.);
#8912 = EDGE_CURVE('',#5041,#6263,#8913,.T.);
#8913 = LINE('',#8914,#8915);
#8914 = CARTESIAN_POINT('',(180.29697005739,87.025932245356,9.99998E-03)
  );
#8915 = VECTOR('',#8916,1.);
#8916 = DIRECTION('',(0.,0.,-1.));
#8917 = PLANE('',#8918);
#8918 = AXIS2_PLACEMENT_3D('',#8919,#8920,#8921);
#8919 = CARTESIAN_POINT('',(180.24497006153,86.948432251515,
    -2.449957E-02));
#8920 = DIRECTION('',(0.830398187149,-0.557170396539,0.));
#8921 = DIRECTION('',(0.557170396539,0.830398187149,0.));
#8922 = ADVANCED_FACE('',(#8923),#8934,.F.);
#8923 = FACE_BOUND('',#8924,.F.);
#8924 = EDGE_LOOP('',(#8925,#8926,#8927,#8928));
#8925 = ORIENTED_EDGE('',*,*,#5040,.T.);
#8926 = ORIENTED_EDGE('',*,*,#8912,.T.);
#8927 = ORIENTED_EDGE('',*,*,#6262,.F.);
#8928 = ORIENTED_EDGE('',*,*,#8929,.F.);
#8929 = EDGE_CURVE('',#5033,#6255,#8930,.T.);
#8930 = LINE('',#8931,#8932);
#8931 = CARTESIAN_POINT('',(180.36797005175,87.197932231686,9.99998E-03)
  );
#8932 = VECTOR('',#8933,1.);
#8933 = DIRECTION('',(0.,0.,-1.));
#8934 = PLANE('',#8935);
#8935 = AXIS2_PLACEMENT_3D('',#8936,#8937,#8938);
#8936 = CARTESIAN_POINT('',(180.33247005457,87.111932238521,
    -2.449957E-02));
#8937 = DIRECTION('',(0.924343849629,-0.381560542579,0.));
#8938 = DIRECTION('',(0.381560542579,0.924343849629,0.));
#8939 = ADVANCED_FACE('',(#8940),#8951,.F.);
#8940 = FACE_BOUND('',#8941,.F.);
#8941 = EDGE_LOOP('',(#8942,#8943,#8944,#8945));
#8942 = ORIENTED_EDGE('',*,*,#5032,.T.);
#8943 = ORIENTED_EDGE('',*,*,#8929,.T.);
#8944 = ORIENTED_EDGE('',*,*,#6254,.F.);
#8945 = ORIENTED_EDGE('',*,*,#8946,.F.);
#8946 = EDGE_CURVE('',#5025,#6247,#8947,.T.);
#8947 = LINE('',#8948,#8949);
#8948 = CARTESIAN_POINT('',(180.40397004889,87.380932217143,9.99998E-03)
  );
#8949 = VECTOR('',#8950,1.);
#8950 = DIRECTION('',(0.,0.,-1.));
#8951 = PLANE('',#8952);
#8952 = AXIS2_PLACEMENT_3D('',#8953,#8954,#8955);
#8953 = CARTESIAN_POINT('',(180.38597005032,87.289432224415,
    -2.449957E-02));
#8954 = DIRECTION('',(0.981194456491,-0.193021860293,0.));
#8955 = DIRECTION('',(0.193021860293,0.981194456491,0.));
#8956 = ADVANCED_FACE('',(#8957),#8968,.F.);
#8957 = FACE_BOUND('',#8958,.F.);
#8958 = EDGE_LOOP('',(#8959,#8960,#8961,#8962));
#8959 = ORIENTED_EDGE('',*,*,#5024,.T.);
#8960 = ORIENTED_EDGE('',*,*,#8946,.T.);
#8961 = ORIENTED_EDGE('',*,*,#6246,.F.);
#8962 = ORIENTED_EDGE('',*,*,#8963,.F.);
#8963 = EDGE_CURVE('',#5017,#6239,#8964,.T.);
#8964 = LINE('',#8965,#8966);
#8965 = CARTESIAN_POINT('',(180.40897004849,87.473932209752,9.99998E-03)
  );
#8966 = VECTOR('',#8967,1.);
#8967 = DIRECTION('',(0.,0.,-1.));
#8968 = PLANE('',#8969);
#8969 = AXIS2_PLACEMENT_3D('',#8970,#8971,#8972);
#8970 = CARTESIAN_POINT('',(180.40647004869,87.427432213447,
    -2.449957E-02));
#8971 = DIRECTION('',(0.998557871823,-5.368590708723E-02,
    1.40459424696E-18));
#8972 = DIRECTION('',(5.368590708723E-02,0.998557871823,0.));
#8973 = ADVANCED_FACE('',(#8974),#8985,.F.);
#8974 = FACE_BOUND('',#8975,.F.);
#8975 = EDGE_LOOP('',(#8976,#8977,#8978,#8979));
#8976 = ORIENTED_EDGE('',*,*,#5016,.T.);
#8977 = ORIENTED_EDGE('',*,*,#8963,.T.);
#8978 = ORIENTED_EDGE('',*,*,#6238,.F.);
#8979 = ORIENTED_EDGE('',*,*,#8980,.F.);
#8980 = EDGE_CURVE('',#5009,#6231,#8981,.T.);
#8981 = LINE('',#8982,#8983);
#8982 = CARTESIAN_POINT('',(180.40897004849,87.523932205778,9.99998E-03)
  );
#8983 = VECTOR('',#8984,1.);
#8984 = DIRECTION('',(0.,0.,-1.));
#8985 = PLANE('',#8986);
#8986 = AXIS2_PLACEMENT_3D('',#8987,#8988,#8989);
#8987 = CARTESIAN_POINT('',(180.40897004849,87.498932207765,
    -2.449957E-02));
#8988 = DIRECTION('',(1.,-3.231561552765E-25,1.681323928997E-28));
#8989 = DIRECTION('',(3.231561552765E-25,1.,0.));
#8990 = ADVANCED_FACE('',(#8991),#9002,.F.);
#8991 = FACE_BOUND('',#8992,.F.);
#8992 = EDGE_LOOP('',(#8993,#8994,#8995,#8996));
#8993 = ORIENTED_EDGE('',*,*,#5008,.T.);
#8994 = ORIENTED_EDGE('',*,*,#8980,.T.);
#8995 = ORIENTED_EDGE('',*,*,#6230,.F.);
#8996 = ORIENTED_EDGE('',*,*,#8997,.F.);
#8997 = EDGE_CURVE('',#5001,#6223,#8998,.T.);
#8998 = LINE('',#8999,#9000);
#8999 = CARTESIAN_POINT('',(180.40897004849,88.022932166121,9.99998E-03)
  );
#9000 = VECTOR('',#9001,1.);
#9001 = DIRECTION('',(0.,0.,-1.));
#9002 = PLANE('',#9003);
#9003 = AXIS2_PLACEMENT_3D('',#9004,#9005,#9006);
#9004 = CARTESIAN_POINT('',(180.40897004849,87.77343218595,-2.449957E-02
    ));
#9005 = DIRECTION('',(1.,-2.595381147948E-26,3.093323991066E-28));
#9006 = DIRECTION('',(2.595381147948E-26,1.,0.));
#9007 = ADVANCED_FACE('',(#9008),#9019,.F.);
#9008 = FACE_BOUND('',#9009,.F.);
#9009 = EDGE_LOOP('',(#9010,#9011,#9012,#9013));
#9010 = ORIENTED_EDGE('',*,*,#5000,.T.);
#9011 = ORIENTED_EDGE('',*,*,#8997,.T.);
#9012 = ORIENTED_EDGE('',*,*,#6222,.F.);
#9013 = ORIENTED_EDGE('',*,*,#9014,.F.);
#9014 = EDGE_CURVE('',#4993,#6215,#9015,.T.);
#9015 = LINE('',#9016,#9017);
#9016 = CARTESIAN_POINT('',(180.50297004102,89.014932087284,9.99998E-03)
  );
#9017 = VECTOR('',#9018,1.);
#9018 = DIRECTION('',(0.,0.,-1.));
#9019 = PLANE('',#9020);
#9020 = AXIS2_PLACEMENT_3D('',#9021,#9022,#9023);
#9021 = CARTESIAN_POINT('',(180.45597004476,88.518932126703,
    -2.449957E-02));
#9022 = DIRECTION('',(0.995540464166,-9.433548753187E-02,0.));
#9023 = DIRECTION('',(9.433548753187E-02,0.995540464166,0.));
#9024 = ADVANCED_FACE('',(#9025),#9036,.F.);
#9025 = FACE_BOUND('',#9026,.F.);
#9026 = EDGE_LOOP('',(#9027,#9028,#9029,#9030));
#9027 = ORIENTED_EDGE('',*,*,#4992,.T.);
#9028 = ORIENTED_EDGE('',*,*,#9014,.T.);
#9029 = ORIENTED_EDGE('',*,*,#6214,.F.);
#9030 = ORIENTED_EDGE('',*,*,#9031,.F.);
#9031 = EDGE_CURVE('',#4985,#6207,#9032,.T.);
#9032 = LINE('',#9033,#9034);
#9033 = CARTESIAN_POINT('',(180.691970026,89.994932009401,9.99998E-03));
#9034 = VECTOR('',#9035,1.);
#9035 = DIRECTION('',(0.,0.,-1.));
#9036 = PLANE('',#9037);
#9037 = AXIS2_PLACEMENT_3D('',#9038,#9039,#9040);
#9038 = CARTESIAN_POINT('',(180.59747003351,89.504932048343,
    -2.449957E-02));
#9039 = DIRECTION('',(0.981906257576,-0.18936763539,0.));
#9040 = DIRECTION('',(0.18936763539,0.981906257576,0.));
#9041 = ADVANCED_FACE('',(#9042),#9053,.F.);
#9042 = FACE_BOUND('',#9043,.F.);
#9043 = EDGE_LOOP('',(#9044,#9045,#9046,#9047));
#9044 = ORIENTED_EDGE('',*,*,#4984,.T.);
#9045 = ORIENTED_EDGE('',*,*,#9031,.T.);
#9046 = ORIENTED_EDGE('',*,*,#6206,.F.);
#9047 = ORIENTED_EDGE('',*,*,#9048,.F.);
#9048 = EDGE_CURVE('',#4977,#6199,#9049,.T.);
#9049 = LINE('',#9050,#9051);
#9050 = CARTESIAN_POINT('',(180.97197000375,90.951931933345,9.99998E-03)
  );
#9051 = VECTOR('',#9052,1.);
#9052 = DIRECTION('',(0.,0.,-1.));
#9053 = PLANE('',#9054);
#9054 = AXIS2_PLACEMENT_3D('',#9055,#9056,#9057);
#9055 = CARTESIAN_POINT('',(180.83197001487,90.473431971373,
    -2.449957E-02));
#9056 = DIRECTION('',(0.959763780104,-0.280808629498,0.));
#9057 = DIRECTION('',(0.280808629498,0.959763780104,0.));
#9058 = ADVANCED_FACE('',(#9059),#9070,.F.);
#9059 = FACE_BOUND('',#9060,.F.);
#9060 = EDGE_LOOP('',(#9061,#9062,#9063,#9064));
#9061 = ORIENTED_EDGE('',*,*,#4976,.T.);
#9062 = ORIENTED_EDGE('',*,*,#9048,.T.);
#9063 = ORIENTED_EDGE('',*,*,#6198,.F.);
#9064 = ORIENTED_EDGE('',*,*,#9065,.F.);
#9065 = EDGE_CURVE('',#4969,#6191,#9066,.T.);
#9066 = LINE('',#9067,#9068);
#9067 = CARTESIAN_POINT('',(181.34096997442,91.877931859753,9.99998E-03)
  );
#9068 = VECTOR('',#9069,1.);
#9069 = DIRECTION('',(0.,0.,-1.));
#9070 = PLANE('',#9071);
#9071 = AXIS2_PLACEMENT_3D('',#9072,#9073,#9074);
#9072 = CARTESIAN_POINT('',(181.15646998909,91.414931896549,
    -2.449957E-02));
#9073 = DIRECTION('',(0.928960203345,-0.370179605869,0.));
#9074 = DIRECTION('',(0.370179605869,0.928960203345,0.));
#9075 = ADVANCED_FACE('',(#9076),#9087,.F.);
#9076 = FACE_BOUND('',#9077,.F.);
#9077 = EDGE_LOOP('',(#9078,#9079,#9080,#9081));
#9078 = ORIENTED_EDGE('',*,*,#4968,.T.);
#9079 = ORIENTED_EDGE('',*,*,#9065,.T.);
#9080 = ORIENTED_EDGE('',*,*,#6190,.F.);
#9081 = ORIENTED_EDGE('',*,*,#9082,.F.);
#9082 = EDGE_CURVE('',#4961,#6183,#9083,.T.);
#9083 = LINE('',#9084,#9085);
#9084 = CARTESIAN_POINT('',(181.79696993818,92.764931789261,9.99998E-03)
  );
#9085 = VECTOR('',#9086,1.);
#9086 = DIRECTION('',(0.,0.,-1.));
#9087 = PLANE('',#9088);
#9088 = AXIS2_PLACEMENT_3D('',#9089,#9090,#9091);
#9089 = CARTESIAN_POINT('',(181.5689699563,92.321431824507,-2.449957E-02
    ));
#9090 = DIRECTION('',(0.889357699657,-0.457212075585,0.));
#9091 = DIRECTION('',(0.457212075585,0.889357699657,0.));
#9092 = ADVANCED_FACE('',(#9093),#9104,.F.);
#9093 = FACE_BOUND('',#9094,.F.);
#9094 = EDGE_LOOP('',(#9095,#9096,#9097,#9098));
#9095 = ORIENTED_EDGE('',*,*,#4960,.T.);
#9096 = ORIENTED_EDGE('',*,*,#9082,.T.);
#9097 = ORIENTED_EDGE('',*,*,#6182,.F.);
#9098 = ORIENTED_EDGE('',*,*,#9099,.F.);
#9099 = EDGE_CURVE('',#4953,#6175,#9100,.T.);
#9100 = LINE('',#9101,#9102);
#9101 = CARTESIAN_POINT('',(182.33496989543,93.604931722504,9.99998E-03)
  );
#9102 = VECTOR('',#9103,1.);
#9103 = DIRECTION('',(0.,0.,-1.));
#9104 = PLANE('',#9105);
#9105 = AXIS2_PLACEMENT_3D('',#9106,#9107,#9108);
#9106 = CARTESIAN_POINT('',(182.06596991681,93.184931755882,
    -2.449957E-02));
#9107 = DIRECTION('',(0.842089289103,-0.539338139925,0.));
#9108 = DIRECTION('',(0.539338139925,0.842089289103,0.));
#9109 = ADVANCED_FACE('',(#9110),#9121,.F.);
#9110 = FACE_BOUND('',#9111,.F.);
#9111 = EDGE_LOOP('',(#9112,#9113,#9114,#9115));
#9112 = ORIENTED_EDGE('',*,*,#4952,.T.);
#9113 = ORIENTED_EDGE('',*,*,#9099,.T.);
#9114 = ORIENTED_EDGE('',*,*,#6174,.F.);
#9115 = ORIENTED_EDGE('',*,*,#9116,.F.);
#9116 = EDGE_CURVE('',#4945,#6167,#9117,.T.);
#9117 = LINE('',#9118,#9119);
#9118 = CARTESIAN_POINT('',(182.94896984663,94.389931660118,9.99998E-03)
  );
#9119 = VECTOR('',#9120,1.);
#9120 = DIRECTION('',(0.,0.,-1.));
#9121 = PLANE('',#9122);
#9122 = AXIS2_PLACEMENT_3D('',#9123,#9124,#9125);
#9123 = CARTESIAN_POINT('',(182.64196987103,93.997431691311,
    -2.449957E-02));
#9124 = DIRECTION('',(0.787674362334,-0.616091794233,-2.705799751057E-16
    ));
#9125 = DIRECTION('',(0.616091794233,0.787674362334,-2.465190328816E-32)
  );
#9126 = ADVANCED_FACE('',(#9127),#9138,.F.);
#9127 = FACE_BOUND('',#9128,.F.);
#9128 = EDGE_LOOP('',(#9129,#9130,#9131,#9132));
#9129 = ORIENTED_EDGE('',*,*,#4944,.T.);
#9130 = ORIENTED_EDGE('',*,*,#9116,.T.);
#9131 = ORIENTED_EDGE('',*,*,#6166,.F.);
#9132 = ORIENTED_EDGE('',*,*,#9133,.F.);
#9133 = EDGE_CURVE('',#4937,#6159,#9134,.T.);
#9134 = LINE('',#9135,#9136);
#9135 = CARTESIAN_POINT('',(183.63596979203,95.112931602659,9.99998E-03)
  );
#9136 = VECTOR('',#9137,1.);
#9137 = DIRECTION('',(0.,0.,-1.));
#9138 = PLANE('',#9139);
#9139 = AXIS2_PLACEMENT_3D('',#9140,#9141,#9142);
#9140 = CARTESIAN_POINT('',(183.29246981933,94.751431631388,
    -2.449957E-02));
#9141 = DIRECTION('',(0.724924328482,-0.688828511296,0.));
#9142 = DIRECTION('',(0.688828511296,0.724924328482,0.));
#9143 = ADVANCED_FACE('',(#9144),#9155,.F.);
#9144 = FACE_BOUND('',#9145,.F.);
#9145 = EDGE_LOOP('',(#9146,#9147,#9148,#9149));
#9146 = ORIENTED_EDGE('',*,*,#4936,.T.);
#9147 = ORIENTED_EDGE('',*,*,#9133,.T.);
#9148 = ORIENTED_EDGE('',*,*,#6158,.F.);
#9149 = ORIENTED_EDGE('',*,*,#9150,.F.);
#9150 = EDGE_CURVE('',#4929,#6151,#9151,.T.);
#9151 = LINE('',#9152,#9153);
#9152 = CARTESIAN_POINT('',(184.38796973227,95.767931550604,9.99998E-03)
  );
#9153 = VECTOR('',#9154,1.);
#9154 = DIRECTION('',(0.,0.,-1.));
#9155 = PLANE('',#9156);
#9156 = AXIS2_PLACEMENT_3D('',#9157,#9158,#9159);
#9157 = CARTESIAN_POINT('',(184.01196976215,95.440431576631,
    -2.449957E-02));
#9158 = DIRECTION('',(0.656799138189,-0.754065575447,-2.383551599875E-17
    ));
#9159 = DIRECTION('',(-0.754065575447,-0.656799138189,-1.54074395551E-33
    ));
#9160 = ADVANCED_FACE('',(#9161),#9172,.F.);
#9161 = FACE_BOUND('',#9162,.F.);
#9162 = EDGE_LOOP('',(#9163,#9164,#9165,#9166));
#9163 = ORIENTED_EDGE('',*,*,#4928,.T.);
#9164 = ORIENTED_EDGE('',*,*,#9150,.T.);
#9165 = ORIENTED_EDGE('',*,*,#6150,.F.);
#9166 = ORIENTED_EDGE('',*,*,#9167,.F.);
#9167 = EDGE_CURVE('',#4921,#6143,#9168,.T.);
#9168 = LINE('',#9169,#9170);
#9169 = CARTESIAN_POINT('',(185.1979696679,96.34893150443,9.99998E-03));
#9170 = VECTOR('',#9171,1.);
#9171 = DIRECTION('',(0.,0.,-1.));
#9172 = PLANE('',#9173);
#9173 = AXIS2_PLACEMENT_3D('',#9174,#9175,#9176);
#9174 = CARTESIAN_POINT('',(184.79296970008,96.058431527517,
    -2.449957E-02));
#9175 = DIRECTION('',(0.582850280859,-0.812579565398,-0.));
#9176 = DIRECTION('',(-0.812579565398,-0.582850280859,0.));
#9177 = ADVANCED_FACE('',(#9178),#9189,.F.);
#9178 = FACE_BOUND('',#9179,.F.);
#9179 = EDGE_LOOP('',(#9180,#9181,#9182,#9183));
#9180 = ORIENTED_EDGE('',*,*,#4920,.T.);
#9181 = ORIENTED_EDGE('',*,*,#9167,.T.);
#9182 = ORIENTED_EDGE('',*,*,#6142,.F.);
#9183 = ORIENTED_EDGE('',*,*,#9184,.F.);
#9184 = EDGE_CURVE('',#4913,#6135,#9185,.T.);
#9185 = LINE('',#9186,#9187);
#9186 = CARTESIAN_POINT('',(186.05996959939,96.850931464535,9.99998E-03)
  );
#9187 = VECTOR('',#9188,1.);
#9188 = DIRECTION('',(0.,0.,-1.));
#9189 = PLANE('',#9190);
#9190 = AXIS2_PLACEMENT_3D('',#9191,#9192,#9193);
#9191 = CARTESIAN_POINT('',(185.62896963364,96.599931484483,
    -2.449957E-02));
#9192 = DIRECTION('',(0.503247587457,-0.864142271689,-0.));
#9193 = DIRECTION('',(-0.864142271689,-0.503247587457,0.));
#9194 = ADVANCED_FACE('',(#9195),#9206,.F.);
#9195 = FACE_BOUND('',#9196,.F.);
#9196 = EDGE_LOOP('',(#9197,#9198,#9199,#9200));
#9197 = ORIENTED_EDGE('',*,*,#4912,.T.);
#9198 = ORIENTED_EDGE('',*,*,#9184,.T.);
#9199 = ORIENTED_EDGE('',*,*,#6134,.F.);
#9200 = ORIENTED_EDGE('',*,*,#9201,.F.);
#9201 = EDGE_CURVE('',#4905,#6127,#9202,.T.);
#9202 = LINE('',#9203,#9204);
#9203 = CARTESIAN_POINT('',(186.96596952739,97.267931431395,9.99998E-03)
  );
#9204 = VECTOR('',#9205,1.);
#9205 = DIRECTION('',(0.,0.,-1.));
#9206 = PLANE('',#9207);
#9207 = AXIS2_PLACEMENT_3D('',#9208,#9209,#9210);
#9208 = CARTESIAN_POINT('',(186.51296956339,97.059431447965,
    -2.449957E-02));
#9209 = DIRECTION('',(0.418104207948,-0.908399070506,3.075267041086E-18)
  );
#9210 = DIRECTION('',(-0.908399070506,-0.418104207948,0.));
#9211 = ADVANCED_FACE('',(#9212),#9223,.F.);
#9212 = FACE_BOUND('',#9213,.F.);
#9213 = EDGE_LOOP('',(#9214,#9215,#9216,#9217));
#9214 = ORIENTED_EDGE('',*,*,#4904,.T.);
#9215 = ORIENTED_EDGE('',*,*,#9201,.T.);
#9216 = ORIENTED_EDGE('',*,*,#6126,.F.);
#9217 = ORIENTED_EDGE('',*,*,#9218,.F.);
#9218 = EDGE_CURVE('',#4897,#6119,#9219,.T.);
#9219 = LINE('',#9220,#9221);
#9220 = CARTESIAN_POINT('',(187.9069694526,97.597931405169,9.99998E-03)
  );
#9221 = VECTOR('',#9222,1.);
#9222 = DIRECTION('',(0.,0.,-1.));
#9223 = PLANE('',#9224);
#9224 = AXIS2_PLACEMENT_3D('',#9225,#9226,#9227);
#9225 = CARTESIAN_POINT('',(187.43646949,97.432931418282,-2.449957E-02)
  );
#9226 = DIRECTION('',(0.330931060564,-0.943654933306,-0.));
#9227 = DIRECTION('',(-0.943654933306,-0.330931060564,0.));
#9228 = ADVANCED_FACE('',(#9229),#9240,.F.);
#9229 = FACE_BOUND('',#9230,.F.);
#9230 = EDGE_LOOP('',(#9231,#9232,#9233,#9234));
#9231 = ORIENTED_EDGE('',*,*,#4896,.T.);
#9232 = ORIENTED_EDGE('',*,*,#9218,.T.);
#9233 = ORIENTED_EDGE('',*,*,#6118,.F.);
#9234 = ORIENTED_EDGE('',*,*,#9235,.F.);
#9235 = EDGE_CURVE('',#4889,#6111,#9236,.T.);
#9236 = LINE('',#9237,#9238);
#9237 = CARTESIAN_POINT('',(188.87496937567,97.836931386175,9.99998E-03)
  );
#9238 = VECTOR('',#9239,1.);
#9239 = DIRECTION('',(0.,0.,-1.));
#9240 = PLANE('',#9241);
#9241 = AXIS2_PLACEMENT_3D('',#9242,#9243,#9244);
#9242 = CARTESIAN_POINT('',(188.39096941414,97.717431395672,
    -2.449957E-02));
#9243 = DIRECTION('',(0.239702760005,-0.970846325041,-0.));
#9244 = DIRECTION('',(-0.970846325041,-0.239702760005,0.));
#9245 = ADVANCED_FACE('',(#9246),#9257,.F.);
#9246 = FACE_BOUND('',#9247,.F.);
#9247 = EDGE_LOOP('',(#9248,#9249,#9250,#9251));
#9248 = ORIENTED_EDGE('',*,*,#4888,.T.);
#9249 = ORIENTED_EDGE('',*,*,#9235,.T.);
#9250 = ORIENTED_EDGE('',*,*,#6110,.F.);
#9251 = ORIENTED_EDGE('',*,*,#9252,.F.);
#9252 = EDGE_CURVE('',#4881,#6103,#9253,.T.);
#9253 = LINE('',#9254,#9255);
#9254 = CARTESIAN_POINT('',(189.86196929723,97.983931374492,9.99998E-03)
  );
#9255 = VECTOR('',#9256,1.);
#9256 = DIRECTION('',(0.,0.,-1.));
#9257 = PLANE('',#9258);
#9258 = AXIS2_PLACEMENT_3D('',#9259,#9260,#9261);
#9259 = CARTESIAN_POINT('',(189.36846933645,97.910431380333,
    -2.449957E-02));
#9260 = DIRECTION('',(0.147311303089,-0.989090177882,-0.));
#9261 = DIRECTION('',(-0.989090177882,-0.147311303089,0.));
#9262 = ADVANCED_FACE('',(#9263),#9274,.F.);
#9263 = FACE_BOUND('',#9264,.F.);
#9264 = EDGE_LOOP('',(#9265,#9266,#9267,#9268));
#9265 = ORIENTED_EDGE('',*,*,#4880,.T.);
#9266 = ORIENTED_EDGE('',*,*,#9252,.T.);
#9267 = ORIENTED_EDGE('',*,*,#6102,.F.);
#9268 = ORIENTED_EDGE('',*,*,#9269,.F.);
#9269 = EDGE_CURVE('',#4873,#6095,#9270,.T.);
#9270 = LINE('',#9271,#9272);
#9271 = CARTESIAN_POINT('',(190.35896925774,98.009931372426,9.99998E-03)
  );
#9272 = VECTOR('',#9273,1.);
#9273 = DIRECTION('',(0.,0.,-1.));
#9274 = PLANE('',#9275);
#9275 = AXIS2_PLACEMENT_3D('',#9276,#9277,#9278);
#9276 = CARTESIAN_POINT('',(190.11046927749,97.996931373459,
    -2.449957E-02));
#9277 = DIRECTION('',(5.22424450865E-02,-0.998634431076,
    8.303656638331E-18));
#9278 = DIRECTION('',(-0.998634431076,-5.22424450865E-02,
    4.814824860968E-35));
#9279 = ADVANCED_FACE('',(#9280),#9291,.F.);
#9280 = FACE_BOUND('',#9281,.F.);
#9281 = EDGE_LOOP('',(#9282,#9283,#9284,#9285));
#9282 = ORIENTED_EDGE('',*,*,#4872,.T.);
#9283 = ORIENTED_EDGE('',*,*,#9269,.T.);
#9284 = ORIENTED_EDGE('',*,*,#6094,.F.);
#9285 = ORIENTED_EDGE('',*,*,#9286,.F.);
#9286 = EDGE_CURVE('',#4865,#6087,#9287,.T.);
#9287 = LINE('',#9288,#9289);
#9288 = CARTESIAN_POINT('',(190.41596925321,98.010931372346,9.99998E-03)
  );
#9289 = VECTOR('',#9290,1.);
#9290 = DIRECTION('',(0.,0.,-1.));
#9291 = PLANE('',#9292);
#9292 = AXIS2_PLACEMENT_3D('',#9293,#9294,#9295);
#9293 = CARTESIAN_POINT('',(190.38746925547,98.010431372386,
    -2.449957E-02));
#9294 = DIRECTION('',(1.754116038594E-02,-0.99984614201,
    -3.896299967746E-19));
#9295 = DIRECTION('',(-0.99984614201,-1.754116038594E-02,0.));
#9296 = ADVANCED_FACE('',(#9297),#9308,.F.);
#9297 = FACE_BOUND('',#9298,.F.);
#9298 = EDGE_LOOP('',(#9299,#9300,#9301,#9302));
#9299 = ORIENTED_EDGE('',*,*,#4864,.T.);
#9300 = ORIENTED_EDGE('',*,*,#9286,.T.);
#9301 = ORIENTED_EDGE('',*,*,#6086,.F.);
#9302 = ORIENTED_EDGE('',*,*,#9303,.F.);
#9303 = EDGE_CURVE('',#4857,#6079,#9304,.T.);
#9304 = LINE('',#9305,#9306);
#9305 = CARTESIAN_POINT('',(190.52196924478,97.969931375605,9.99998E-03)
  );
#9306 = VECTOR('',#9307,1.);
#9307 = DIRECTION('',(0.,0.,-1.));
#9308 = PLANE('',#9309);
#9309 = AXIS2_PLACEMENT_3D('',#9310,#9311,#9312);
#9310 = CARTESIAN_POINT('',(190.46896924899,97.990431373976,
    -2.449957E-02));
#9311 = DIRECTION('',(-0.360747248179,-0.932663617244,-0.));
#9312 = DIRECTION('',(-0.932663617244,0.360747248179,0.));
#9313 = ADVANCED_FACE('',(#9314),#9325,.F.);
#9314 = FACE_BOUND('',#9315,.F.);
#9315 = EDGE_LOOP('',(#9316,#9317,#9318,#9319));
#9316 = ORIENTED_EDGE('',*,*,#4856,.T.);
#9317 = ORIENTED_EDGE('',*,*,#9303,.T.);
#9318 = ORIENTED_EDGE('',*,*,#6078,.F.);
#9319 = ORIENTED_EDGE('',*,*,#9320,.F.);
#9320 = EDGE_CURVE('',#4849,#6071,#9321,.T.);
#9321 = LINE('',#9322,#9323);
#9322 = CARTESIAN_POINT('',(190.60396923827,97.891931381804,9.99998E-03)
  );
#9323 = VECTOR('',#9324,1.);
#9324 = DIRECTION('',(0.,0.,-1.));
#9325 = PLANE('',#9326);
#9326 = AXIS2_PLACEMENT_3D('',#9327,#9328,#9329);
#9327 = CARTESIAN_POINT('',(190.56296924152,97.930931378704,
    -2.449957E-02));
#9328 = DIRECTION('',(-0.689213765998,-0.72455806169,-0.));
#9329 = DIRECTION('',(-0.72455806169,0.689213765998,0.));
#9330 = ADVANCED_FACE('',(#9331),#9342,.F.);
#9331 = FACE_BOUND('',#9332,.F.);
#9332 = EDGE_LOOP('',(#9333,#9334,#9335,#9336));
#9333 = ORIENTED_EDGE('',*,*,#4848,.T.);
#9334 = ORIENTED_EDGE('',*,*,#9320,.T.);
#9335 = ORIENTED_EDGE('',*,*,#6070,.F.);
#9336 = ORIENTED_EDGE('',*,*,#9337,.F.);
#9337 = EDGE_CURVE('',#4841,#6063,#9338,.T.);
#9338 = LINE('',#9339,#9340);
#9339 = CARTESIAN_POINT('',(190.64996923461,97.787931390069,9.99998E-03)
  );
#9340 = VECTOR('',#9341,1.);
#9341 = DIRECTION('',(0.,0.,-1.));
#9342 = PLANE('',#9343);
#9343 = AXIS2_PLACEMENT_3D('',#9344,#9345,#9346);
#9344 = CARTESIAN_POINT('',(190.62696923644,97.839931385936,
    -2.449957E-02));
#9345 = DIRECTION('',(-0.914535337758,-0.404506014778,-0.));
#9346 = DIRECTION('',(0.404506014778,-0.914535337758,0.));
#9347 = ADVANCED_FACE('',(#9348),#9359,.F.);
#9348 = FACE_BOUND('',#9349,.F.);
#9349 = EDGE_LOOP('',(#9350,#9351,#9352,#9353));
#9350 = ORIENTED_EDGE('',*,*,#4840,.T.);
#9351 = ORIENTED_EDGE('',*,*,#9337,.T.);
#9352 = ORIENTED_EDGE('',*,*,#6062,.F.);
#9353 = ORIENTED_EDGE('',*,*,#9354,.F.);
#9354 = EDGE_CURVE('',#4833,#6055,#9355,.T.);
#9355 = LINE('',#9356,#9357);
#9356 = CARTESIAN_POINT('',(190.65096923453,97.731931394519,9.99998E-03)
  );
#9357 = VECTOR('',#9358,1.);
#9358 = DIRECTION('',(0.,0.,-1.));
#9359 = PLANE('',#9360);
#9360 = AXIS2_PLACEMENT_3D('',#9361,#9362,#9363);
#9361 = CARTESIAN_POINT('',(190.65046923457,97.759931392294,
    -2.449957E-02));
#9362 = DIRECTION('',(-0.999840599345,-1.785429641679E-02,-0.));
#9363 = DIRECTION('',(1.785429641679E-02,-0.999840599345,0.));
#9364 = ADVANCED_FACE('',(#9365),#9376,.F.);
#9365 = FACE_BOUND('',#9366,.F.);
#9366 = EDGE_LOOP('',(#9367,#9368,#9369,#9370));
#9367 = ORIENTED_EDGE('',*,*,#4832,.T.);
#9368 = ORIENTED_EDGE('',*,*,#9354,.T.);
#9369 = ORIENTED_EDGE('',*,*,#6054,.F.);
#9370 = ORIENTED_EDGE('',*,*,#9371,.F.);
#9371 = EDGE_CURVE('',#4825,#6047,#9372,.T.);
#9372 = LINE('',#9373,#9374);
#9373 = CARTESIAN_POINT('',(190.66196923366,84.381932455482,9.99998E-03)
  );
#9374 = VECTOR('',#9375,1.);
#9375 = DIRECTION('',(0.,0.,-1.));
#9376 = PLANE('',#9377);
#9377 = AXIS2_PLACEMENT_3D('',#9378,#9379,#9380);
#9378 = CARTESIAN_POINT('',(190.65646923409,91.056931925001,
    -2.449957E-02));
#9379 = DIRECTION('',(-0.999999660537,-8.239697577459E-04,-0.));
#9380 = DIRECTION('',(8.239697577459E-04,-0.999999660537,0.));
#9381 = ADVANCED_FACE('',(#9382),#9393,.F.);
#9382 = FACE_BOUND('',#9383,.F.);
#9383 = EDGE_LOOP('',(#9384,#9385,#9386,#9387));
#9384 = ORIENTED_EDGE('',*,*,#4824,.T.);
#9385 = ORIENTED_EDGE('',*,*,#9371,.T.);
#9386 = ORIENTED_EDGE('',*,*,#6046,.F.);
#9387 = ORIENTED_EDGE('',*,*,#9388,.F.);
#9388 = EDGE_CURVE('',#4817,#6039,#9389,.T.);
#9389 = LINE('',#9390,#9391);
#9390 = CARTESIAN_POINT('',(190.65896923389,84.381932455482,9.99998E-03)
  );
#9391 = VECTOR('',#9392,1.);
#9392 = DIRECTION('',(0.,0.,-1.));
#9393 = PLANE('',#9394);
#9394 = AXIS2_PLACEMENT_3D('',#9395,#9396,#9397);
#9395 = CARTESIAN_POINT('',(190.66046923378,84.381932455482,
    -2.449957E-02));
#9396 = DIRECTION('',(8.601502294968E-23,1.,0.));
#9397 = DIRECTION('',(1.,-8.601502294968E-23,0.));
#9398 = ADVANCED_FACE('',(#9399),#9410,.F.);
#9399 = FACE_BOUND('',#9400,.F.);
#9400 = EDGE_LOOP('',(#9401,#9402,#9403,#9404));
#9401 = ORIENTED_EDGE('',*,*,#4816,.T.);
#9402 = ORIENTED_EDGE('',*,*,#9388,.T.);
#9403 = ORIENTED_EDGE('',*,*,#6038,.F.);
#9404 = ORIENTED_EDGE('',*,*,#9405,.F.);
#9405 = EDGE_CURVE('',#4809,#6031,#9406,.T.);
#9406 = LINE('',#9407,#9408);
#9407 = CARTESIAN_POINT('',(190.6639692335,84.331932459456,9.99998E-03)
  );
#9408 = VECTOR('',#9409,1.);
#9409 = DIRECTION('',(0.,0.,-1.));
#9410 = PLANE('',#9411);
#9411 = AXIS2_PLACEMENT_3D('',#9412,#9413,#9414);
#9412 = CARTESIAN_POINT('',(190.6614692337,84.356932457469,-2.449957E-02
    ));
#9413 = DIRECTION('',(-0.99503719021,-9.950371902091E-02,
    2.62230573873E-18));
#9414 = DIRECTION('',(9.950371902091E-02,-0.99503719021,0.));
#9415 = ADVANCED_FACE('',(#9416),#9427,.F.);
#9416 = FACE_BOUND('',#9417,.F.);
#9417 = EDGE_LOOP('',(#9418,#9419,#9420,#9421));
#9418 = ORIENTED_EDGE('',*,*,#4808,.T.);
#9419 = ORIENTED_EDGE('',*,*,#9405,.T.);
#9420 = ORIENTED_EDGE('',*,*,#6030,.F.);
#9421 = ORIENTED_EDGE('',*,*,#9422,.F.);
#9422 = EDGE_CURVE('',#4801,#6023,#9423,.T.);
#9423 = LINE('',#9424,#9425);
#9424 = CARTESIAN_POINT('',(190.70196923048,84.238932466847,9.99998E-03)
  );
#9425 = VECTOR('',#9426,1.);
#9426 = DIRECTION('',(0.,0.,-1.));
#9427 = PLANE('',#9428);
#9428 = AXIS2_PLACEMENT_3D('',#9429,#9430,#9431);
#9429 = CARTESIAN_POINT('',(190.68296923199,84.285432463151,
    -2.449957E-02));
#9430 = DIRECTION('',(-0.925705431508,-0.378245230078,-0.));
#9431 = DIRECTION('',(0.378245230078,-0.925705431508,0.));
#9432 = ADVANCED_FACE('',(#9433),#9444,.F.);
#9433 = FACE_BOUND('',#9434,.F.);
#9434 = EDGE_LOOP('',(#9435,#9436,#9437,#9438));
#9435 = ORIENTED_EDGE('',*,*,#4800,.T.);
#9436 = ORIENTED_EDGE('',*,*,#9422,.T.);
#9437 = ORIENTED_EDGE('',*,*,#6022,.F.);
#9438 = ORIENTED_EDGE('',*,*,#9439,.F.);
#9439 = EDGE_CURVE('',#4793,#6015,#9440,.T.);
#9440 = LINE('',#9441,#9442);
#9441 = CARTESIAN_POINT('',(190.77396922476,84.166932472569,9.99998E-03)
  );
#9442 = VECTOR('',#9443,1.);
#9443 = DIRECTION('',(0.,0.,-1.));
#9444 = PLANE('',#9445);
#9445 = AXIS2_PLACEMENT_3D('',#9446,#9447,#9448);
#9446 = CARTESIAN_POINT('',(190.73796922762,84.202932469708,
    -2.449957E-02));
#9447 = DIRECTION('',(-0.707106781187,-0.707106781186,-0.));
#9448 = DIRECTION('',(0.707106781186,-0.707106781187,0.));
#9449 = ADVANCED_FACE('',(#9450),#9461,.F.);
#9450 = FACE_BOUND('',#9451,.F.);
#9451 = EDGE_LOOP('',(#9452,#9453,#9454,#9455));
#9452 = ORIENTED_EDGE('',*,*,#4792,.T.);
#9453 = ORIENTED_EDGE('',*,*,#9439,.T.);
#9454 = ORIENTED_EDGE('',*,*,#6014,.F.);
#9455 = ORIENTED_EDGE('',*,*,#9456,.F.);
#9456 = EDGE_CURVE('',#4785,#6007,#9457,.T.);
#9457 = LINE('',#9458,#9459);
#9458 = CARTESIAN_POINT('',(190.86696921736,84.128932475589,9.99998E-03)
  );
#9459 = VECTOR('',#9460,1.);
#9460 = DIRECTION('',(0.,0.,-1.));
#9461 = PLANE('',#9462);
#9462 = AXIS2_PLACEMENT_3D('',#9463,#9464,#9465);
#9463 = CARTESIAN_POINT('',(190.82046922106,84.147932474079,
    -2.449957E-02));
#9464 = DIRECTION('',(-0.378245230078,-0.925705431508,-0.));
#9465 = DIRECTION('',(-0.925705431508,0.378245230078,0.));
#9466 = ADVANCED_FACE('',(#9467),#9478,.F.);
#9467 = FACE_BOUND('',#9468,.F.);
#9468 = EDGE_LOOP('',(#9469,#9470,#9471,#9472));
#9469 = ORIENTED_EDGE('',*,*,#4784,.T.);
#9470 = ORIENTED_EDGE('',*,*,#9456,.T.);
#9471 = ORIENTED_EDGE('',*,*,#6006,.F.);
#9472 = ORIENTED_EDGE('',*,*,#9473,.F.);
#9473 = EDGE_CURVE('',#4777,#5999,#9474,.T.);
#9474 = LINE('',#9475,#9476);
#9475 = CARTESIAN_POINT('',(190.96696920942,84.128932475589,9.99998E-03)
  );
#9476 = VECTOR('',#9477,1.);
#9477 = DIRECTION('',(0.,0.,-1.));
#9478 = PLANE('',#9479);
#9479 = AXIS2_PLACEMENT_3D('',#9480,#9481,#9482);
#9480 = CARTESIAN_POINT('',(190.91696921339,84.128932475589,
    -2.449957E-02));
#9481 = DIRECTION('',(-0.,-1.,-0.));
#9482 = DIRECTION('',(0.,0.,-1.));
#9483 = ADVANCED_FACE('',(#9484),#9495,.F.);
#9484 = FACE_BOUND('',#9485,.F.);
#9485 = EDGE_LOOP('',(#9486,#9487,#9488,#9489));
#9486 = ORIENTED_EDGE('',*,*,#4776,.T.);
#9487 = ORIENTED_EDGE('',*,*,#9473,.T.);
#9488 = ORIENTED_EDGE('',*,*,#5998,.F.);
#9489 = ORIENTED_EDGE('',*,*,#9490,.F.);
#9490 = EDGE_CURVE('',#4769,#5991,#9491,.T.);
#9491 = LINE('',#9492,#9493);
#9492 = CARTESIAN_POINT('',(191.05996920203,84.166932472569,9.99998E-03)
  );
#9493 = VECTOR('',#9494,1.);
#9494 = DIRECTION('',(0.,0.,-1.));
#9495 = PLANE('',#9496);
#9496 = AXIS2_PLACEMENT_3D('',#9497,#9498,#9499);
#9497 = CARTESIAN_POINT('',(191.01346920572,84.147932474079,
    -2.449957E-02));
#9498 = DIRECTION('',(0.378245230079,-0.925705431508,-0.));
#9499 = DIRECTION('',(-0.925705431508,-0.378245230079,0.));
#9500 = ADVANCED_FACE('',(#9501),#9512,.F.);
#9501 = FACE_BOUND('',#9502,.F.);
#9502 = EDGE_LOOP('',(#9503,#9504,#9505,#9506));
#9503 = ORIENTED_EDGE('',*,*,#4768,.T.);
#9504 = ORIENTED_EDGE('',*,*,#9490,.T.);
#9505 = ORIENTED_EDGE('',*,*,#5990,.F.);
#9506 = ORIENTED_EDGE('',*,*,#9507,.F.);
#9507 = EDGE_CURVE('',#4761,#5983,#9508,.T.);
#9508 = LINE('',#9509,#9510);
#9509 = CARTESIAN_POINT('',(191.13096919638,84.238932466847,9.99998E-03)
  );
#9510 = VECTOR('',#9511,1.);
#9511 = DIRECTION('',(0.,0.,-1.));
#9512 = PLANE('',#9513);
#9513 = AXIS2_PLACEMENT_3D('',#9514,#9515,#9516);
#9514 = CARTESIAN_POINT('',(191.09546919921,84.202932469708,
    -2.449957E-02));
#9515 = DIRECTION('',(0.712034174065,-0.702144810537,-9.63842424962E-18)
  );
#9516 = DIRECTION('',(0.702144810537,0.712034174065,-7.703719777549E-34)
  );
#9517 = ADVANCED_FACE('',(#9518),#9529,.F.);
#9518 = FACE_BOUND('',#9519,.F.);
#9519 = EDGE_LOOP('',(#9520,#9521,#9522,#9523));
#9520 = ORIENTED_EDGE('',*,*,#4760,.T.);
#9521 = ORIENTED_EDGE('',*,*,#9507,.T.);
#9522 = ORIENTED_EDGE('',*,*,#5982,.F.);
#9523 = ORIENTED_EDGE('',*,*,#9524,.F.);
#9524 = EDGE_CURVE('',#4753,#5975,#9525,.T.);
#9525 = LINE('',#9526,#9527);
#9526 = CARTESIAN_POINT('',(191.16996919328,84.331932459456,9.99998E-03)
  );
#9527 = VECTOR('',#9528,1.);
#9528 = DIRECTION('',(0.,0.,-1.));
#9529 = PLANE('',#9530);
#9530 = AXIS2_PLACEMENT_3D('',#9531,#9532,#9533);
#9531 = CARTESIAN_POINT('',(191.15046919483,84.285432463151,
    -2.449957E-02));
#9532 = DIRECTION('',(0.922194381828,-0.386726676251,0.));
#9533 = DIRECTION('',(0.386726676251,0.922194381828,0.));
#9534 = ADVANCED_FACE('',(#9535),#9546,.F.);
#9535 = FACE_BOUND('',#9536,.F.);
#9536 = EDGE_LOOP('',(#9537,#9538,#9539,#9540));
#9537 = ORIENTED_EDGE('',*,*,#4752,.T.);
#9538 = ORIENTED_EDGE('',*,*,#9524,.T.);
#9539 = ORIENTED_EDGE('',*,*,#5974,.F.);
#9540 = ORIENTED_EDGE('',*,*,#9541,.F.);
#9541 = EDGE_CURVE('',#4745,#5967,#9542,.T.);
#9542 = LINE('',#9543,#9544);
#9543 = CARTESIAN_POINT('',(191.17496919289,84.381932455482,9.99998E-03)
  );
#9544 = VECTOR('',#9545,1.);
#9545 = DIRECTION('',(0.,0.,-1.));
#9546 = PLANE('',#9547);
#9547 = AXIS2_PLACEMENT_3D('',#9548,#9549,#9550);
#9548 = CARTESIAN_POINT('',(191.17246919309,84.356932457469,
    -2.449957E-02));
#9549 = DIRECTION('',(0.99503719021,-9.950371902091E-02,
    2.62230573873E-18));
#9550 = DIRECTION('',(9.950371902091E-02,0.99503719021,0.));
#9551 = ADVANCED_FACE('',(#9552),#9563,.F.);
#9552 = FACE_BOUND('',#9553,.F.);
#9553 = EDGE_LOOP('',(#9554,#9555,#9556,#9557));
#9554 = ORIENTED_EDGE('',*,*,#4744,.T.);
#9555 = ORIENTED_EDGE('',*,*,#9541,.T.);
#9556 = ORIENTED_EDGE('',*,*,#5966,.F.);
#9557 = ORIENTED_EDGE('',*,*,#9558,.F.);
#9558 = EDGE_CURVE('',#4737,#5959,#9559,.T.);
#9559 = LINE('',#9560,#9561);
#9560 = CARTESIAN_POINT('',(191.17796919265,84.381932455482,9.99998E-03)
  );
#9561 = VECTOR('',#9562,1.);
#9562 = DIRECTION('',(0.,0.,-1.));
#9563 = PLANE('',#9564);
#9564 = AXIS2_PLACEMENT_3D('',#9565,#9566,#9567);
#9565 = CARTESIAN_POINT('',(191.17646919277,84.381932455482,
    -2.449957E-02));
#9566 = DIRECTION('',(-4.5395764981E-12,-1.,-0.));
#9567 = DIRECTION('',(-1.,4.5395764981E-12,0.));
#9568 = ADVANCED_FACE('',(#9569),#9580,.F.);
#9569 = FACE_BOUND('',#9570,.F.);
#9570 = EDGE_LOOP('',(#9571,#9572,#9573,#9574));
#9571 = ORIENTED_EDGE('',*,*,#4736,.T.);
#9572 = ORIENTED_EDGE('',*,*,#9558,.T.);
#9573 = ORIENTED_EDGE('',*,*,#5958,.F.);
#9574 = ORIENTED_EDGE('',*,*,#9575,.F.);
#9575 = EDGE_CURVE('',#4729,#5951,#9576,.T.);
#9576 = LINE('',#9577,#9578);
#9577 = CARTESIAN_POINT('',(191.16696919352,97.631931402467,9.99998E-03)
  );
#9578 = VECTOR('',#9579,1.);
#9579 = DIRECTION('',(0.,0.,-1.));
#9580 = PLANE('',#9581);
#9581 = AXIS2_PLACEMENT_3D('',#9582,#9583,#9584);
#9582 = CARTESIAN_POINT('',(191.17246919309,91.006931928974,
    -2.449957E-02));
#9583 = DIRECTION('',(0.999999655394,8.301883931571E-04,0.));
#9584 = DIRECTION('',(-8.301883931571E-04,0.999999655394,0.));
#9585 = ADVANCED_FACE('',(#9586),#9597,.F.);
#9586 = FACE_BOUND('',#9587,.F.);
#9587 = EDGE_LOOP('',(#9588,#9589,#9590,#9591));
#9588 = ORIENTED_EDGE('',*,*,#4728,.T.);
#9589 = ORIENTED_EDGE('',*,*,#9575,.T.);
#9590 = ORIENTED_EDGE('',*,*,#5950,.F.);
#9591 = ORIENTED_EDGE('',*,*,#9592,.F.);
#9592 = EDGE_CURVE('',#4721,#5943,#9593,.T.);
#9593 = LINE('',#9594,#9595);
#9594 = CARTESIAN_POINT('',(191.18296919225,97.722931395235,9.99998E-03)
  );
#9595 = VECTOR('',#9596,1.);
#9596 = DIRECTION('',(0.,0.,-1.));
#9597 = PLANE('',#9598);
#9598 = AXIS2_PLACEMENT_3D('',#9599,#9600,#9601);
#9599 = CARTESIAN_POINT('',(191.17496919289,97.677431398851,
    -2.449957E-02));
#9600 = DIRECTION('',(0.98489232157,-0.173167880716,3.210071939224E-18)
  );
#9601 = DIRECTION('',(0.173167880716,0.98489232157,0.));
#9602 = ADVANCED_FACE('',(#9603),#9614,.F.);
#9603 = FACE_BOUND('',#9604,.F.);
#9604 = EDGE_LOOP('',(#9605,#9606,#9607,#9608));
#9605 = ORIENTED_EDGE('',*,*,#4720,.T.);
#9606 = ORIENTED_EDGE('',*,*,#9592,.T.);
#9607 = ORIENTED_EDGE('',*,*,#5942,.F.);
#9608 = ORIENTED_EDGE('',*,*,#9609,.F.);
#9609 = EDGE_CURVE('',#4713,#5935,#9610,.T.);
#9610 = LINE('',#9611,#9612);
#9611 = CARTESIAN_POINT('',(191.28096918446,97.878931382837,9.99998E-03)
  );
#9612 = VECTOR('',#9613,1.);
#9613 = DIRECTION('',(0.,0.,-1.));
#9614 = PLANE('',#9615);
#9615 = AXIS2_PLACEMENT_3D('',#9616,#9617,#9618);
#9616 = CARTESIAN_POINT('',(191.23196918836,97.800931389036,
    -2.449957E-02));
#9617 = DIRECTION('',(0.846776270945,-0.53194919585,-3.165597461385E-17)
  );
#9618 = DIRECTION('',(0.53194919585,0.846776270945,0.));
#9619 = ADVANCED_FACE('',(#9620),#9626,.F.);
#9620 = FACE_BOUND('',#9621,.F.);
#9621 = EDGE_LOOP('',(#9622,#9623,#9624,#9625));
#9622 = ORIENTED_EDGE('',*,*,#4712,.T.);
#9623 = ORIENTED_EDGE('',*,*,#9609,.T.);
#9624 = ORIENTED_EDGE('',*,*,#5934,.F.);
#9625 = ORIENTED_EDGE('',*,*,#5903,.F.);
#9626 = PLANE('',#9627);
#9627 = AXIS2_PLACEMENT_3D('',#9628,#9629,#9630);
#9628 = CARTESIAN_POINT('',(191.35646917846,97.931931378625,
    -2.449957E-02));
#9629 = DIRECTION('',(0.574553173704,-0.818467256881,-0.));
#9630 = DIRECTION('',(-0.818467256881,-0.574553173704,0.));
#9631 = ( GEOMETRIC_REPRESENTATION_CONTEXT(3) 
GLOBAL_UNCERTAINTY_ASSIGNED_CONTEXT((#9635)) 
GLOBAL_UNIT_ASSIGNED_CONTEXT((#9632,#9633,#9634)) REPRESENTATION_CONTEXT
('Context #1','3D Context with UNIT and UNCERTAINTY') );
#9632 = ( LENGTH_UNIT() NAMED_UNIT(*) SI_UNIT(.MILLI.,.METRE.) );
#9633 = ( NAMED_UNIT(*) PLANE_ANGLE_UNIT() SI_UNIT($,.RADIAN.) );
#9634 = ( NAMED_UNIT(*) SI_UNIT($,.STERADIAN.) SOLID_ANGLE_UNIT() );
#9635 = UNCERTAINTY_MEASURE_WITH_UNIT(LENGTH_MEASURE(1.E-07),#9632,
  'distance_accuracy_value','confusion accuracy');
#9636 = SHAPE_DEFINITION_REPRESENTATION(#9637,#4695);
#9637 = PRODUCT_DEFINITION_SHAPE('','',#9638);
#9638 = PRODUCT_DEFINITION('design','',#9639,#9642);
#9639 = PRODUCT_DEFINITION_FORMATION('','',#9640);
#9640 = PRODUCT('Open CASCADE STEP translator 7.5 1.1.12',
  'Open CASCADE STEP translator 7.5 1.1.12','',(#9641));
#9641 = PRODUCT_CONTEXT('',#2,'mechanical');
#9642 = PRODUCT_DEFINITION_CONTEXT('part definition',#2,'design');
#9643 = CONTEXT_DEPENDENT_SHAPE_REPRESENTATION(#9644,#9646);
#9644 = ( REPRESENTATION_RELATIONSHIP('','',#4695,#32) 
REPRESENTATION_RELATIONSHIP_WITH_TRANSFORMATION(#9645) 
SHAPE_REPRESENTATION_RELATIONSHIP() );
#9645 = ITEM_DEFINED_TRANSFORMATION('','',#11,#77);
#9646 = PRODUCT_DEFINITION_SHAPE('Placement','Placement of an item',
  #9647);
#9647 = NEXT_ASSEMBLY_USAGE_OCCURRENCE('12','','',#27,#9638,$);
#9648 = PRODUCT_RELATED_PRODUCT_CATEGORY('part',$,(#9640));
#9649 = CONTEXT_DEPENDENT_SHAPE_REPRESENTATION(#9650,#9652);
#9650 = ( REPRESENTATION_RELATIONSHIP('','',#32,#10) 
REPRESENTATION_RELATIONSHIP_WITH_TRANSFORMATION(#9651) 
SHAPE_REPRESENTATION_RELATIONSHIP() );
#9651 = ITEM_DEFINED_TRANSFORMATION('','',#11,#15);
#9652 = PRODUCT_DEFINITION_SHAPE('Placement','Placement of an item',
  #9653);
#9653 = NEXT_ASSEMBLY_USAGE_OCCURRENCE('13','','',#5,#27,$);
#9654 = PRODUCT_RELATED_PRODUCT_CATEGORY('part',$,(#29));
#9655 = MECHANICAL_DESIGN_GEOMETRIC_PRESENTATION_REPRESENTATION('',(
    #9656),#575);
#9656 = STYLED_ITEM('color',(#9657),#425);
#9657 = PRESENTATION_STYLE_ASSIGNMENT((#9658,#9664));
#9658 = SURFACE_STYLE_USAGE(.BOTH.,#9659);
#9659 = SURFACE_SIDE_STYLE('',(#9660));
#9660 = SURFACE_STYLE_FILL_AREA(#9661);
#9661 = FILL_AREA_STYLE('',(#9662));
#9662 = FILL_AREA_STYLE_COLOUR('',#9663);
#9663 = COLOUR_RGB('',0.1411764689,0.47058824112,0.196078429142);
#9664 = CURVE_STYLE('',#9665,POSITIVE_LENGTH_MEASURE(0.1),#9663);
#9665 = DRAUGHTING_PRE_DEFINED_CURVE_FONT('continuous');
#9666 = MECHANICAL_DESIGN_GEOMETRIC_PRESENTATION_REPRESENTATION('',(
    #9667),#3965);
#9667 = STYLED_ITEM('color',(#9668),#3815);
#9668 = PRESENTATION_STYLE_ASSIGNMENT((#9669,#9674));
#9669 = SURFACE_STYLE_USAGE(.BOTH.,#9670);
#9670 = SURFACE_SIDE_STYLE('',(#9671));
#9671 = SURFACE_STYLE_FILL_AREA(#9672);
#9672 = FILL_AREA_STYLE('',(#9673));
#9673 = FILL_AREA_STYLE_COLOUR('',#9663);
#9674 = CURVE_STYLE('',#9675,POSITIVE_LENGTH_MEASURE(0.1),#9663);
#9675 = DRAUGHTING_PRE_DEFINED_CURVE_FONT('continuous');
#9676 = MECHANICAL_DESIGN_GEOMETRIC_PRESENTATION_REPRESENTATION('',(
    #9677),#4138);
#9677 = STYLED_ITEM('color',(#9678),#3984);
#9678 = PRESENTATION_STYLE_ASSIGNMENT((#9679,#9684));
#9679 = SURFACE_STYLE_USAGE(.BOTH.,#9680);
#9680 = SURFACE_SIDE_STYLE('',(#9681));
#9681 = SURFACE_STYLE_FILL_AREA(#9682);
#9682 = FILL_AREA_STYLE('',(#9683));
#9683 = FILL_AREA_STYLE_COLOUR('',#9663);
#9684 = CURVE_STYLE('',#9685,POSITIVE_LENGTH_MEASURE(0.1),#9663);
#9685 = DRAUGHTING_PRE_DEFINED_CURVE_FONT('continuous');
#9686 = MECHANICAL_DESIGN_GEOMETRIC_PRESENTATION_REPRESENTATION('',(
    #9687),#237);
#9687 = STYLED_ITEM('color',(#9688),#87);
#9688 = PRESENTATION_STYLE_ASSIGNMENT((#9689,#9694));
#9689 = SURFACE_STYLE_USAGE(.BOTH.,#9690);
#9690 = SURFACE_SIDE_STYLE('',(#9691));
#9691 = SURFACE_STYLE_FILL_AREA(#9692);
#9692 = FILL_AREA_STYLE('',(#9693));
#9693 = FILL_AREA_STYLE_COLOUR('',#9663);
#9694 = CURVE_STYLE('',#9695,POSITIVE_LENGTH_MEASURE(0.1),#9663);
#9695 = DRAUGHTING_PRE_DEFINED_CURVE_FONT('continuous');
#9696 = MECHANICAL_DESIGN_GEOMETRIC_PRESENTATION_REPRESENTATION('',(
    #9697),#4496);
#9697 = STYLED_ITEM('color',(#9698),#4330);
#9698 = PRESENTATION_STYLE_ASSIGNMENT((#9699,#9704));
#9699 = SURFACE_STYLE_USAGE(.BOTH.,#9700);
#9700 = SURFACE_SIDE_STYLE('',(#9701));
#9701 = SURFACE_STYLE_FILL_AREA(#9702);
#9702 = FILL_AREA_STYLE('',(#9703));
#9703 = FILL_AREA_STYLE_COLOUR('',#9663);
#9704 = CURVE_STYLE('',#9705,POSITIVE_LENGTH_MEASURE(0.1),#9663);
#9705 = DRAUGHTING_PRE_DEFINED_CURVE_FONT('continuous');
#9706 = MECHANICAL_DESIGN_GEOMETRIC_PRESENTATION_REPRESENTATION('',(
    #9707),#4677);
#9707 = STYLED_ITEM('color',(#9708),#4515);
#9708 = PRESENTATION_STYLE_ASSIGNMENT((#9709,#9714));
#9709 = SURFACE_STYLE_USAGE(.BOTH.,#9710);
#9710 = SURFACE_SIDE_STYLE('',(#9711));
#9711 = SURFACE_STYLE_FILL_AREA(#9712);
#9712 = FILL_AREA_STYLE('',(#9713));
#9713 = FILL_AREA_STYLE_COLOUR('',#9663);
#9714 = CURVE_STYLE('',#9715,POSITIVE_LENGTH_MEASURE(0.1),#9663);
#9715 = DRAUGHTING_PRE_DEFINED_CURVE_FONT('continuous');
#9716 = MECHANICAL_DESIGN_GEOMETRIC_PRESENTATION_REPRESENTATION('',(
    #9717),#406);
#9717 = STYLED_ITEM('color',(#9718),#256);
#9718 = PRESENTATION_STYLE_ASSIGNMENT((#9719,#9724));
#9719 = SURFACE_STYLE_USAGE(.BOTH.,#9720);
#9720 = SURFACE_SIDE_STYLE('',(#9721));
#9721 = SURFACE_STYLE_FILL_AREA(#9722);
#9722 = FILL_AREA_STYLE('',(#9723));
#9723 = FILL_AREA_STYLE_COLOUR('',#9663);
#9724 = CURVE_STYLE('',#9725,POSITIVE_LENGTH_MEASURE(0.1),#9663);
#9725 = DRAUGHTING_PRE_DEFINED_CURVE_FONT('continuous');
#9726 = MECHANICAL_DESIGN_GEOMETRIC_PRESENTATION_REPRESENTATION('',(
    #9727),#4311);
#9727 = STYLED_ITEM('color',(#9728),#4157);
#9728 = PRESENTATION_STYLE_ASSIGNMENT((#9729,#9734));
#9729 = SURFACE_STYLE_USAGE(.BOTH.,#9730);
#9730 = SURFACE_SIDE_STYLE('',(#9731));
#9731 = SURFACE_STYLE_FILL_AREA(#9732);
#9732 = FILL_AREA_STYLE('',(#9733));
#9733 = FILL_AREA_STYLE_COLOUR('',#9663);
#9734 = CURVE_STYLE('',#9735,POSITIVE_LENGTH_MEASURE(0.1),#9663);
#9735 = DRAUGHTING_PRE_DEFINED_CURVE_FONT('continuous');
#9736 = MECHANICAL_DESIGN_GEOMETRIC_PRESENTATION_REPRESENTATION('',(
    #9737),#9631);
#9737 = STYLED_ITEM('color',(#9738),#4696);
#9738 = PRESENTATION_STYLE_ASSIGNMENT((#9739,#9744));
#9739 = SURFACE_STYLE_USAGE(.BOTH.,#9740);
#9740 = SURFACE_SIDE_STYLE('',(#9741));
#9741 = SURFACE_STYLE_FILL_AREA(#9742);
#9742 = FILL_AREA_STYLE('',(#9743));
#9743 = FILL_AREA_STYLE_COLOUR('',#9663);
#9744 = CURVE_STYLE('',#9745,POSITIVE_LENGTH_MEASURE(0.1),#9663);
#9745 = DRAUGHTING_PRE_DEFINED_CURVE_FONT('continuous');
#9746 = MECHANICAL_DESIGN_GEOMETRIC_PRESENTATION_REPRESENTATION('',(
    #9747),#921);
#9747 = STYLED_ITEM('color',(#9748),#763);
#9748 = PRESENTATION_STYLE_ASSIGNMENT((#9749,#9754));
#9749 = SURFACE_STYLE_USAGE(.BOTH.,#9750);
#9750 = SURFACE_SIDE_STYLE('',(#9751));
#9751 = SURFACE_STYLE_FILL_AREA(#9752);
#9752 = FILL_AREA_STYLE('',(#9753));
#9753 = FILL_AREA_STYLE_COLOUR('',#9663);
#9754 = CURVE_STYLE('',#9755,POSITIVE_LENGTH_MEASURE(0.1),#9663);
#9755 = DRAUGHTING_PRE_DEFINED_CURVE_FONT('continuous');
#9756 = MECHANICAL_DESIGN_GEOMETRIC_PRESENTATION_REPRESENTATION('',(
    #9757),#3796);
#9757 = STYLED_ITEM('color',(#9758),#940);
#9758 = PRESENTATION_STYLE_ASSIGNMENT((#9759,#9764));
#9759 = SURFACE_STYLE_USAGE(.BOTH.,#9760);
#9760 = SURFACE_SIDE_STYLE('',(#9761));
#9761 = SURFACE_STYLE_FILL_AREA(#9762);
#9762 = FILL_AREA_STYLE('',(#9763));
#9763 = FILL_AREA_STYLE_COLOUR('',#9663);
#9764 = CURVE_STYLE('',#9765,POSITIVE_LENGTH_MEASURE(0.1),#9663);
#9765 = DRAUGHTING_PRE_DEFINED_CURVE_FONT('continuous');
#9766 = MECHANICAL_DESIGN_GEOMETRIC_PRESENTATION_REPRESENTATION('',(
    #9767),#744);
#9767 = STYLED_ITEM('color',(#9768),#594);
#9768 = PRESENTATION_STYLE_ASSIGNMENT((#9769,#9774));
#9769 = SURFACE_STYLE_USAGE(.BOTH.,#9770);
#9770 = SURFACE_SIDE_STYLE('',(#9771));
#9771 = SURFACE_STYLE_FILL_AREA(#9772);
#9772 = FILL_AREA_STYLE('',(#9773));
#9773 = FILL_AREA_STYLE_COLOUR('',#9663);
#9774 = CURVE_STYLE('',#9775,POSITIVE_LENGTH_MEASURE(0.1),#9663);
#9775 = DRAUGHTING_PRE_DEFINED_CURVE_FONT('continuous');
ENDSEC;
END-ISO-10303-21;
